code,name,d2,d2_open,d2_close,d2_hs,d2_zt_time,d2_zha_cnt,d2_ptype,d3,d3_open,d3_close,d3_hs,d3_zt_time,d3_zha_cnt,d3_ptype,peak_board,outcome,d2_reason,d3_reason
603052,可川科技,2023-12-29,40.11,43.58,17.72,,,换手板,2024-01-02,47.93,47.94,11.58,,,换手板,3,断板,消费电子+OLED+锂电池+光模块,消费电子+OLED+锂电池+光模块
605178,时空科技,2023-12-29,27.73,27.73,2.56,,,一字板,2024-01-02,30.5,30.5,1.77,,,一字板,3,断板,空间计算+虚拟现实+智慧停车,空间计算+虚拟现实+智慧停车
002660,茂硕电源,2023-12-29,11.7,12.38,23.85,,,换手板,2024-01-02,13.38,13.62,9.44,,,换手板,3,断板,光伏逆变器+储能+LED电源+国企改革,LED电源+光伏逆变器+储能+国企改革
603396,金辰股份,2023-12-29,53.0,54.65,11.02,,,换手板,2024-01-02,53.8,60.12,14.47,,,换手板,3,断板,光伏+TOPCON电池+氢能源,光伏+TOPCON电池+氢能源
002976,瑞玛精密,2023-12-29,35.88,35.88,4.59,,,一字板,2024-01-02,39.47,39.47,1.76,,,一字板,3,断板,华为汽车+长安汽车+智能座舱+拟购买股权,华为汽车+长安汽车+智能座舱+拟购买股权
603333,福华尚纬,2023-12-29,5.1,5.71,11.69,,,换手板,2024-01-02,6.28,6.28,3.06,,,一字板,4,走到4板,特种电缆+光伏+动力储能电池,核电+特种电缆+光伏+动力储能电池
002578,闽发铝业,2023-12-29,4.48,4.48,1.82,,,一字板,2024-01-02,4.55,4.93,19.3,,,换手板,3,断板,铝型材+光伏+新能源汽车+国企改革,铝型材+光伏+新能源汽车+国企改革
001217,华尔泰,2023-12-29,14.0,14.12,23.33,,,换手板,2024-01-02,13.5,15.53,23.01,,,换手板,4,走到4板,烟花禁燃令或修改+化工,烟花禁燃令或修改+化工
605167,利柏特,2024-01-02,10.09,10.44,7.38,,,换手板,2024-01-03,11.48,11.48,26.91,,,T字板,4,走到4板,核电+特种环烯烃共聚物+工业模块设计+氢能源,核聚变+特种环烯烃共聚物+工业模块设计+氢能源
603099,长白山,2024-01-03,16.63,18.13,11.6,,,换手板,2024-01-04,19.37,19.94,12.29,,,换手板,7,走到7板,旅游+国企改革,东北旅游+国企改革
003015,日久光电,2024-01-04,14.86,14.86,3.18,,,一字板,2024-01-05,14.83,16.35,50.56,,,换手板,3,断板,消费电子+华为+汽车电子+PET铜箔,柔性屏+华为+汽车电子+PET铜箔
002819,东方中科,2024-01-04,28.49,30.46,5.36,,,换手板,2024-01-05,33.51,33.51,8.57,,,T字板,4,走到4板,华为+鸿蒙概念+类脑智能感知,华为+鸿蒙概念+类脑智能感知
003025,思进智能,2024-01-05,15.99,15.99,24.29,,,T字板,2024-01-08,16.03,17.59,21.59,,,换手板,4,走到4板,冷锻+一体化压铸,冷锻+一体化压铸
002403,爱仕达,2024-01-08,9.92,10.68,14.49,,,换手板,2024-01-09,11.75,11.75,4.62,,,T字板,4,走到4板,机器人+家用电器+外销+C2M,机器人+家用电器+外销+C2M
000715,中兴商业,2024-01-09,9.21,9.21,1.67,,,一字板,2024-01-10,10.13,10.13,14.49,,,T字板,4,走到4板,年报预增+东北旅游+零售,年报预增+东北旅游+零售
603877,太平鸟,2024-01-10,16.62,17.71,2.21,,,换手板,2024-01-11,18.5,19.48,2.22,,,换手板,3,断板,年报预增+时尚品牌零售,年报预增+时尚品牌零售
603333,福华尚纬,2024-01-10,5.92,6.67,20.47,,,换手板,2024-01-11,6.9,7.34,26.55,,,换手板,3,断板,核电+特种电缆+光伏+动力储能电池,光伏+核电+特种电缆+动力储能电池
000017,深中华A,2024-01-10,5.16,5.41,5.14,,,换手板,2024-01-11,5.95,5.95,2.26,,,一字板,11,走到11板,黄金+自行车+锂电池+三季报增长,锂电池+黄金+自行车+三季报增长
002641,公元股份,2024-01-10,5.37,5.91,5.43,,,换手板,2024-01-11,6.5,6.5,1.1,,,一字板,4,走到4板,机器人+新型城镇化+光伏概念+水利,年报预增+机器人+光伏概念+新型城镇化
002708,光洋股份,2024-01-11,9.28,9.41,18.94,,,换手板,2024-01-12,10.35,10.35,9.73,,,T字板,3,断板,飞行汽车+机器人减速器+华为汽车+消费电子,飞行汽车+机器人减速器+华为汽车+消费电子
603038,XD华立股,2024-01-12,14.76,14.76,2.53,,,一字板,2024-01-15,15.59,16.24,14.22,,,换手板,3,断板,鸿蒙概念+高管变动+拟设子公司,鸿蒙概念+高管变动+拟设子公司
600828,茂业商业,2024-01-12,4.33,4.76,2.94,,,换手板,2024-01-15,5.0,5.24,1.77,,,换手板,3,断板,百货零售+业绩增长,百货零售+业绩增长
002868,绿康生化,2024-01-12,22.8,24.85,4.0,,,换手板,2024-01-15,27.34,27.34,1.15,,,一字板,4,走到4板,光伏+POE胶膜+兽药+外销,光伏+POE胶膜+兽药+外销
600819,耀皮玻璃,2024-01-15,6.24,6.24,0.99,,,一字板,2024-01-16,6.59,6.86,12.95,,,换手板,3,断板,光伏TCO玻璃+汽车玻璃+航空玻璃+上海国资,光伏TCO玻璃+汽车玻璃+航空玻璃+上海国资
603097,江苏华辰,2024-01-15,26.6,28.94,48.32,,,换手板,2024-01-16,28.6,31.83,64.62,,,换手板,3,断板,电网设备+光伏+风电+充电桩,电网设备+光伏+风电+充电桩
000020,深华发Ａ,2024-01-16,13.85,15.11,12.58,,,换手板,2024-01-17,15.64,16.62,17.1,,,换手板,3,断板,精密注塑件+显示器,精密注塑件+显示器+华字辈
603955,大千生态,2024-01-12,18.07,18.07,2.55,,,一字板,2024-01-18,18.73,19.88,17.27,,,换手板,3,断板,生态景观+碳中和+新型城镇化,实控人拟变更+生态景观+新型城镇化
605399,晨光新材,2024-01-17,15.32,15.32,0.86,,,一字板,2024-01-18,16.0,16.85,9.68,,,换手板,4,走到4板,功能性硅烷+光伏,功能性硅烷+光伏
600318,新力金融,2024-01-17,8.71,8.71,3.44,,,一字板,2024-01-18,8.75,9.58,36.34,,,换手板,3,断板,金融+供销社,多元金融+供销社
603958,哈森股份,2024-01-17,10.98,10.98,0.28,,,一字板,2024-01-18,12.08,12.08,2.4,,,一字板,7,走到7板,拟收购+中高端皮鞋+电子商务+新零售,拟收购+中高端皮鞋+电子商务+新零售
600156,华升股份,2024-01-18,5.96,5.96,2.53,,,一字板,2024-01-19,6.56,6.56,1.47,,,一字板,4,走到4板,外销+纺织+参股券商+国企+华字辈,外销+纺织+参股券商+国企+华字辈
003027,同兴科技,2024-01-18,21.0,21.67,10.86,,,换手板,2024-01-19,23.13,23.84,43.62,,,换手板,5,走到5板,钠离子电池+环保+碳中和,钠离子电池+环保+碳中和
001216,华瓷股份,2024-01-18,15.84,15.84,4.07,,,一字板,2024-01-19,17.42,17.42,28.69,,,T字板,5,走到5板,陶瓷+外销+参股银行+华字辈,陶瓷+外销+参股银行+华字辈
000070,特发信息,2024-01-23,7.84,8.71,6.77,,,换手板,2024-01-24,9.54,9.58,10.49,,,换手板,5,走到5板,华为+算力+光模块,华为+算力+光模块
600679,上海凤凰,2024-01-24,10.29,10.29,0.81,,,一字板,2024-01-25,11.32,11.32,1.47,,,一字板,5,走到5板,上海国资+两轮车+出口,上海国资+两轮车+出口
600816,建元信托,2024-01-24,3.11,3.11,0.14,,,一字板,2024-01-25,3.42,3.42,0.52,,,一字板,3,断板,上海+信托+摘帽,上海+信托+摘帽
603648,畅联股份,2024-01-24,10.27,10.27,2.47,,,一字板,2024-01-25,11.3,11.3,0.75,,,一字板,5,走到5板,供应链管理+统一大市场+上海国资+机器人,上海国资+供应链管理+统一大市场+机器人
600822,上海物贸,2024-01-24,10.3,10.3,0.51,,,一字板,2024-01-25,11.33,11.33,0.5,,,一字板,4,走到4板,年报预增+汽车贸易+上海国资,年报预增+汽车贸易+上海国资
600675,中华企业,2024-01-24,3.48,3.48,0.2,,,一字板,2024-01-25,3.83,3.83,0.3,,,一字板,5,走到5板,房地产+上海国资+中华辈,房地产+上海国资+中华辈
600272,开开实业,2024-01-24,11.76,11.89,3.93,,,换手板,2024-01-25,13.08,13.08,3.97,,,一字板,4,走到4板,中医药+SPD+老字号+上海国资,中医药+SPD+老字号+上海国资
600629,华建集团,2024-01-24,5.42,5.42,1.63,,,一字板,2024-01-25,5.96,5.96,14.07,,,T字板,4,走到4板,工程建筑+人工智能+上海国资+参股券商,上海国资+工程建筑+人工智能+参股券商
600639,浦东金桥,2024-01-24,10.56,11.14,4.05,,,换手板,2024-01-25,12.25,12.25,3.83,,,T字板,5,走到5板,上海国资+参股券商+房地产开发,上海国资+参股券商+房地产开发
600088,中视传媒,2024-01-24,15.84,16.34,11.2,,,换手板,2024-01-25,17.97,17.97,1.45,,,一字板,8,走到8板,中字头+上海+影视传媒+虚拟数字人+股权划转,中字头+上海+影视传媒+虚拟数字人+股权划转
600830,香溢融通,2024-01-25,8.78,8.78,9.99,,,T字板,2024-01-26,9.66,9.66,11.48,,,T字板,3,断板,国企改革+金融+白酒,国企改革+金融+白酒
002423,中粮资本,2024-01-25,7.69,7.69,3.58,,,T字板,2024-01-26,8.46,8.46,2.97,,,T字板,3,断板,中字头+多元金融+年报预增,中字头+多元金融+年报预增
600622,光大嘉宝,2024-01-25,2.54,2.81,5.19,,,换手板,2024-01-26,2.99,3.09,6.02,,,换手板,3,断板,上海+房地产+物业管理+国企改革+业绩预告,上海+房地产+物业管理+国企改革+业绩预告
000020,深华发Ａ,2024-01-25,18.0,18.94,7.27,,,换手板,2024-01-26,19.91,20.83,24.24,,,换手板,3,断板,精密注塑件+显示器+华字辈,精密注塑件+显示器+华字辈
000151,中成股份,2024-01-25,11.66,11.66,5.94,,,T字板,2024-01-26,12.83,12.83,1.65,,,一字板,4,走到4板,外销+中字头+中俄贸易+一带一路,外销+中字头+中俄贸易+一带一路
002116,中国海诚,2024-01-25,10.45,10.65,4.22,,,换手板,2024-01-26,11.72,11.72,1.22,,,一字板,5,走到5板,中字头+工程咨询服务+参股券商+啤酒,中字头+工程咨询服务+参股券商+啤酒
600708,光明地产,2024-01-26,2.4,2.55,4.6,,,换手板,2024-01-29,2.75,2.81,4.59,,,换手板,3,断板,上海国企+房地产+冷链物流,上海国企+房地产+冷链物流
001376,百通能源,2024-01-30,20.0,22.57,31.84,,,换手板,2024-01-31,23.52,24.83,46.47,,,换手板,3,断板,次新+供热,次新+供热
603767,中马传动,2024-01-31,12.94,14.64,10.85,,,换手板,2024-02-01,14.31,16.1,12.09,,,换手板,4,走到4板,年报预增+减速器+新能源汽车+实控人变更,年报预增+减速器+新能源汽车+实控人变更
603960,克来机电,2024-02-02,14.38,14.38,6.79,,,T字板,2024-02-05,15.82,15.82,2.62,,,一字板,13,走到13板,机器人+CPO+上海+华为汽车,机器人+CPO+上海+华为汽车
603958,哈森股份,2024-02-02,12.65,12.65,1.36,,,一字板,2024-02-05,13.0,13.92,16.76,,,换手板,3,断板,拟收购+苹果概念,拟收购+苹果概念
600345,长江通信,2024-02-06,15.8,19.01,8.21,,,换手板,2024-02-07,20.91,20.91,8.25,,,T字板,3,断板,央企+卫星导航+智能交通+华为概念,央企+卫星导航+智能交通+华为
603135,中重科技,2024-02-06,13.98,14.97,8.02,,,换手板,2024-02-07,16.47,16.47,4.68,,,一字板,3,断板,机器人+新型工业化+提议回购+次新股,机器人+新型工业化+提议回购+次新股
002185,华天科技,2024-02-07,6.5,7.08,2.08,,,换手板,2024-02-08,7.19,7.79,1.64,,,换手板,4,走到4板,增持+先进封装,增持+先进封装
000831,中国稀土,2024-02-07,24.35,25.05,1.54,,,换手板,2024-02-08,27.56,27.56,0.88,,,一字板,3,断板,稀土永磁+国企,稀土永磁+国企
000636,风华高科,2024-02-07,10.06,11.02,2.37,,,换手板,2024-02-08,11.19,12.12,1.53,,,换手板,3,断板,扣非预增+电子元器件+国企,扣非预增+电子元器件+国企+中证500
603033,三维股份,2024-02-07,12.46,12.46,0.12,,,一字板,2024-02-08,13.71,13.71,1.59,,,T字板,3,断板,回购+轨道交通,回购+轨道交通
002625,光启技术,2024-02-07,11.93,12.6,1.29,,,换手板,2024-02-08,13.42,13.86,1.28,,,换手板,3,断板,回购+超材料技术+尖端装备+石墨烯,回购+超材料技术+尖端装备+石墨烯
002219,新里程,2024-02-07,2.45,2.45,1.04,,,T字板,2024-02-08,2.7,2.7,0.86,,,一字板,3,断板,中药+中证1000指数成分股,中药+中证1000指数成分股
002408,齐翔腾达,2024-02-07,4.33,4.74,1.21,,,换手板,2024-02-08,4.86,5.21,1.01,,,换手板,3,断板,增持+国企,增持+国企+化工+氢能源
002312,川发龙蟒,2024-02-07,5.88,6.12,0.94,,,换手板,2024-02-08,6.42,6.73,1.51,,,换手板,3,断板,磷化工+锂电池+中证1000,磷化工+中证1000指数成分股
601798,蓝科高新,2024-02-08,5.59,6.22,4.31,,,换手板,2024-02-19,6.84,6.84,2.42,,,一字板,8,走到8板,央企+石油石化+氢能源+熔盐储能,央企+石油石化+氢能源+熔盐储能
603958,哈森股份,2024-02-08,12.4,15.16,19.41,,,换手板,2024-02-19,15.92,16.68,24.08,,,换手板,3,断板,小盘股+拟收购+苹果概念,拟收购+苹果概念
603028,赛福天,2024-02-19,6.14,6.46,3.19,,,换手板,2024-02-20,6.67,7.11,2.76,,,换手板,3,断板,光伏+国企+小盘股+年报预增,年报预增+光伏+国企+小盘股
605398,新炬网络,2024-02-19,17.92,18.3,2.08,,,换手板,2024-02-20,20.13,20.13,0.17,,,一字板,3,断板,数据中心+华为鲲鹏,拟回购+数据中心+华为鲲鹏
002779,中坚科技,2024-02-19,24.99,25.84,2.86,,,换手板,2024-02-20,25.3,28.42,2.94,,,换手板,4,走到4板,年报预增+园林机械+机器人+外销,机器人+园林机械+外销
002290,禾盛新材,2024-02-19,8.3,8.82,1.75,,,换手板,2024-02-20,9.3,9.7,2.15,,,换手板,3,断板,家电零部件+文化传媒+股权转让,家电零部件+文化传媒+股权转让
002467,二六三,2024-02-19,3.49,3.49,0.37,,,一字板,2024-02-20,3.84,3.84,0.5,,,一字板,6,走到6板,视频技术+AIGC+虚拟数字人+通信服务+不涉及退市情形,视频技术+AIGC+虚拟数字人+通信服务+不涉及退市情形
600622,光大嘉宝,2024-02-19,2.5,2.67,8.62,,,换手板,2024-02-20,2.73,2.94,10.15,,,换手板,3,断板,房地产+物业管理+上海+国企改革,房地产+物业管理+上海+国企改革
601599,浙文影业,2024-02-19,3.12,3.12,2.16,,,T字板,2024-02-20,3.39,3.43,3.02,,,换手板,4,走到4板,文化传媒+影视院线+国企改革,文化传媒+影视院线+国企改革
603933,睿能科技,2024-02-19,8.78,9.44,4.05,,,换手板,2024-02-20,9.52,10.38,6.32,,,换手板,8,走到8板,存储芯片+机器人+工业母机,存储芯片+机器人+工业母机
603516,XD淳中科,2024-02-19,14.51,14.51,0.73,,,一字板,2024-02-20,15.96,15.96,0.78,,,一字板,3,断板,音视频控制设备+华为+星闪,音视频控制设备+MR+华为+星闪
603992,松霖科技,2024-02-19,14.26,15.55,0.53,,,换手板,2024-02-20,15.95,17.11,0.83,,,换手板,3,断板,专利+家居用品+AI健康+外销,水光针专利+家居用品+AI健康+外销
603258,电魂网络,2024-02-19,15.98,16.9,1.05,,,换手板,2024-02-20,17.68,18.59,5.04,,,换手板,3,断板,AIGC概念+网络游戏,AIGC概念+网络游戏
000668,荣丰控股,2024-02-20,6.35,6.85,2.92,,,换手板,2024-02-21,6.85,7.54,7.21,,,换手板,3,断板,房地产+医疗器械,房地产+医疗器械
600640,国脉文化,2024-02-20,10.51,10.51,0.34,,,一字板,2024-02-21,11.56,11.56,0.47,,,一字板,8,走到8板,Sora概念+图书出版+数据要素+央企,Sora概念+图书出版+数据要素+央企
600605,汇通能源,2024-02-20,16.96,17.83,2.32,,,换手板,2024-02-21,18.99,19.61,2.79,,,换手板,3,断板,房地产+物业管理+年报预增,房地产+物业管理+年报预增
000908,景峰医药,2024-02-20,1.57,1.67,4.39,,,换手板,2024-02-21,1.83,1.84,8.41,,,换手板,6,走到6板,芬太尼替代+创新药+AMC,芬太尼替代+创新药+AMC
600571,信雅达,2024-02-20,10.48,10.48,0.62,,,一字板,2024-02-21,11.53,11.53,0.45,,,一字板,6,走到6板,Pika+金融科技,Pika+金融科技
001229,魅视科技,2024-02-20,26.33,26.33,0.66,,,一字板,2024-02-21,28.96,28.96,9.28,,,T字板,4,走到4板,视音频+在线教育+芯片,视音频+在线教育+芯片
600579,中化装备,2024-02-21,6.33,6.33,0.75,,,一字板,2024-02-22,6.96,6.96,0.6,,,一字板,6,走到6板,机器人+国企改革+专用设备,机器人+国企改革+专用设备
002217,合力泰,2024-02-22,1.49,1.61,5.96,,,换手板,2024-02-23,1.75,1.77,6.01,,,换手板,4,走到4板,被债权人申请重整+触控类显示产品+华为+国企改革,被债权人申请重整+触控类显示产品+华为+国企改革
002952,亚世光电,2024-02-22,28.29,30.59,9.81,,,换手板,2024-02-23,31.51,33.65,13.44,,,换手板,5,走到5板,硅基OLED+电子纸+激光雷达+外销高占比,硅基OLED+电子纸+激光雷达+外销高占比
600375,汉马科技,2024-02-22,4.03,4.42,6.76,,,换手板,2024-02-23,4.4,4.86,6.09,,,换手板,4,走到4板,破产重整+增持+氢燃料电池+重卡,破产重整+增持+氢燃料电池+重卡
603011,合锻智能,2024-02-22,6.2,6.72,12.14,,,换手板,2024-02-23,7.07,7.39,15.93,,,换手板,4,走到4板,光模块+核聚变+新型工业化+专用设备,光模块+核聚变+新型工业化+专用设备
000815,美利云,2024-02-23,8.87,8.87,0.29,,,一字板,2024-02-26,9.76,9.76,12.22,,,T字板,3,断板,央企+数据中心+华为,央企+数据中心+华为
603363,傲农生物,2024-02-23,3.65,3.89,8.94,,,换手板,2024-02-26,4.11,4.28,9.02,,,换手板,4,走到4板,猪肉+预重整+低价股,猪肉+预重整+低价股
002313,日海智能,2024-02-23,7.78,7.78,0.22,,,一字板,2024-02-26,8.56,8.56,0.21,,,一字板,4,走到4板,通信设备+液冷服务器+华为+国企,通信设备+华为+液冷服务器+国企
002403,爱仕达,2024-02-23,6.8,7.51,4.09,,,换手板,2024-02-26,8.26,8.26,0.55,,,一字板,4,走到4板,机器人+炊具+跨境电商,机器人+炊具+跨境电商
002611,东方精工,2024-02-26,5.46,5.46,0.79,,,一字板,2024-02-27,6.01,6.01,0.72,,,一字板,6,走到6板,机器人+英伟达概念+可控核聚变+瓦楞纸包装装备,机器人+英伟达概念+可控核聚变+瓦楞纸包装装备
002975,博杰股份,2024-02-26,30.7,30.7,0.35,,,一字板,2024-02-27,33.77,33.77,0.55,,,一字板,4,走到4板,英伟达概念+服务器测试+机器人+MR+拟收购,英伟达概念+服务器测试+机器人+MR+拟收购
002520,日发精机,2024-02-26,5.25,5.25,0.87,,,一字板,2024-02-27,5.78,5.78,5.05,,,一字板,3,断板,减速器+机器人,减速器+机器人+拟回购
603895,天永智能,2024-02-27,20.02,22.02,4.75,,,换手板,2024-02-28,23.0,24.22,6.59,,,换手板,4,走到4板,机器人+自动化装备+新能源汽车+小盘股,机器人+自动化装备+新能源汽车+小盘股
002316,亚联发展,2024-02-27,4.06,4.47,17.56,,,换手板,2024-02-28,4.6,4.92,29.11,,,换手板,3,断板,网络安全+华为+智慧电网,网络安全+华为+智慧电网
002875,安奈儿,2024-02-28,13.2,13.2,1.94,,,一字板,2024-02-29,14.52,14.52,1.5,,,一字板,7,走到7板,算力+中高端童装,算力+中高端童装
000586,汇源通信,2024-02-28,10.45,10.73,4.61,,,换手板,2024-02-29,11.5,11.8,11.09,,,换手板,4,走到4板,光模块+5G+特高压,光模块+5G+特高压
603273,天元智能,2024-02-29,22.0,23.62,45.15,,,换手板,2024-03-01,25.97,25.98,59.14,,,换手板,6,走到6板,次新股+氢能源+工程机械+新型工业化,氢能源+工程机械+新型工业化+次新股
603798,康普顿,2024-02-29,9.59,10.05,2.75,,,换手板,2024-03-01,11.06,11.06,0.58,,,一字板,3,断板,氢能源+润滑油+燃料电池,氢能源+润滑油+燃料电池
002281,光迅科技,2024-03-01,30.32,33.02,13.43,,,换手板,2024-03-04,34.45,36.32,11.38,,,换手板,3,断板,央企+高速光模块+华为+液冷,央企+高速光模块+华为+液冷
002848,高斯贝尔,2024-03-01,8.8,9.48,6.13,,,换手板,2024-03-04,10.43,10.43,4.01,,,一字板,3,断板,卫星导航+PCB+华为+国企改革,卫星导航+PCB+华为+国企改革
603327,福蓉科技,2024-03-01,12.61,12.61,0.28,,,一字板,2024-03-04,13.87,13.87,0.47,,,一字板,5,走到5板,消费电子+供货三星S24系列手机+新能源汽车+国企改革,消费电子+供货三星S24系列手机+新能源汽车+国企改革
002418,康盛股份,2024-03-01,2.74,2.74,7.62,,,T字板,2024-03-04,3.01,3.01,13.42,,,T字板,3,断板,氢能源+燃料电池+液冷服务器,氢能源+液冷服务器
002369,卓翼科技,2024-03-04,5.04,5.04,1.49,,,一字板,2024-03-05,5.13,5.54,27.66,,,换手板,3,断板,消费电子+华为+机器人,消费电子+华为+机器人
600715,文投控股,2024-03-04,2.13,2.13,1.05,,,一字板,2024-03-05,2.34,2.34,16.21,,,T字板,5,走到5板,实控人拟变更+北京国资+影视+游戏,实控人拟变更+北京国资+影视+游戏
002923,润都股份,2024-03-05,11.3,11.3,1.67,,,一字板,2024-03-06,12.43,12.43,0.48,,,一字板,3,断板,收到药品注册证书+流感+仿制药,药品获批+流感+仿制药
002272,川润股份,2024-03-05,6.01,6.01,0.84,,,一字板,2024-03-06,6.61,6.61,1.81,,,一字板,4,走到4板,液冷服务器+增持+传感器+高端能源装备,液冷服务器+传感器+高端能源装备
002217,合力泰,2024-03-06,2.0,2.06,12.63,,,换手板,2024-03-07,2.09,2.27,7.36,,,换手板,3,断板,预重整+触控类显示产品+华为+国企改革,预重整+触控类显示产品+华为+国企改革
603261,立航科技,2024-03-06,28.46,28.46,2.64,,,一字板,2024-03-07,31.31,31.31,5.13,,,一字板,7,走到7板,低空经济+军工+大飞机+可控核聚变,飞机地面保障设备+低空经济+可控核聚变+军工
603131,上海沪工,2024-03-06,15.44,15.76,6.81,,,换手板,2024-03-07,17.0,17.34,23.82,,,换手板,4,走到4板,卫星+机器人+焊接切割装备,卫星+机器人+焊接切割装备
600593,大连圣亚,2024-03-06,20.89,22.67,13.22,,,换手板,2024-03-07,23.0,24.94,15.22,,,换手板,3,断板,东北旅游+大连国资+年报扭亏,东北旅游+年报扭亏+大连国资
600207,安彩高科,2024-03-06,4.4,4.72,5.6,,,换手板,2024-03-07,5.19,5.19,1.3,,,一字板,5,走到5板,河南国资+光伏概念+低辐射玻璃,河南国资+光伏概念+低辐射玻璃
001298,好上好,2024-03-06,29.0,29.05,35.87,,,换手板,2024-03-07,28.0,31.96,38.5,,,换手板,3,断板,分销+存储芯片+智能家居,分销+存储芯片+智能家居
600281,华阳新材,2024-03-07,3.35,3.45,4.65,,,换手板,2024-03-08,3.75,3.8,2.66,,,换手板,3,断板,稀土磁材回收+贵金属+可降解塑料+国企改革,稀土磁材回收+贵金属+可降解塑料+国企改革
605298,必得科技,2024-03-08,12.51,12.51,0.78,,,一字板,2024-03-11,13.76,13.76,0.68,,,一字板,4,走到4板,高铁+增持,高铁+增持
000008,神州高铁,2024-03-08,2.37,2.57,9.33,,,换手板,2024-03-11,2.83,2.83,1.16,,,一字板,3,断板,高铁+机器人+云计算+央企国企改革,高铁+机器人+云计算+央企
002857,三晖电气,2024-03-08,13.39,13.9,2.61,,,换手板,2024-03-11,15.29,15.29,6.35,,,T字板,3,断板,电能表+智能电网+小盘低价股,电能表+智能电网+储能
002298,中电鑫龙,2024-03-11,5.25,5.25,0.58,,,一字板,2024-03-12,5.78,5.78,0.5,,,一字板,5,走到5板,磁光电存储+云计算+智慧用能+轨交设备,磁光电存储+云计算+智慧用能+轨交设备
002414,高德红外,2024-03-11,7.5,7.5,0.56,,,一字板,2024-03-12,8.25,8.25,6.21,,,T字板,3,断板,脑机接口芯片+军工+无人机,脑机接口芯片+军工+无人机
002902,铭普光磁,2024-03-11,28.45,28.45,1.89,,,一字板,2024-03-12,31.3,31.3,1.6,,,一字板,4,走到4板,硅光800G DR8光模块+华为+磁性元器件,硅光800G DR8光模块+华为+磁性元器件
002873,新天药业,2024-03-11,11.61,11.61,0.19,,,一字板,2024-03-12,12.77,12.77,9.17,,,T字板,3,断板,拟购买股权+复牌+中药,拟购买股权+复牌+中药
603533,掌阅科技,2024-03-12,21.13,22.64,12.07,,,换手板,2024-03-13,23.53,24.9,12.03,,,换手板,3,断板,短剧+AI阅爱聊+数据要素,短剧+AI阅爱聊+数据要素
002846,英联股份,2024-03-12,8.56,8.56,1.06,,,一字板,2024-03-13,9.42,9.42,1.18,,,一字板,3,断板,PET铜箔+固态电池+金属包装产品,PET铜箔+固态电池+金属包装产品
603879,永悦科技,2024-03-13,5.37,5.91,16.2,,,换手板,2024-03-14,6.5,6.5,17.17,,,T字板,8,走到8板,低空经济+无人机+人造石树脂+农机,低空经济+无人机+人造石树脂+农机
603011,合锻智能,2024-03-15,9.1,9.21,6.06,,,换手板,2024-03-18,10.13,10.13,0.95,,,一字板,3,断板,液压机+光模块+机器视觉+核聚变,液压机+光模块+机器视觉+核聚变
603095,越剑智能,2024-03-15,17.68,18.62,6.23,,,换手板,2024-03-18,20.1,20.48,2.82,,,换手板,3,断板,机器人+智能制造+纺织机械,机器人+智能制造+纺织机械
000571,新大洲A,2024-03-15,2.76,2.82,3.65,,,换手板,2024-03-18,2.85,3.1,6.55,,,换手板,5,走到5板,大飞机+煤炭+牛肉,大飞机+煤炭+牛肉+定增
000917,电广传媒,2024-03-18,6.96,6.96,17.46,,,T字板,2024-03-19,7.23,7.66,6.36,,,换手板,4,走到4板,文生视频+传媒+创投+国企,文生视频+传媒+创投+国企
000710,贝瑞基因,2024-03-19,9.88,9.88,5.27,,,一字板,2024-03-20,9.7,10.87,14.86,,,换手板,4,走到4板,基因检测+数据要素,基因检测+数据要素
603716,塞力医疗,2024-03-19,9.69,9.69,1.32,,,一字板,2024-03-20,10.6,10.66,23.74,,,换手板,3,断板,临床微生物数字化+DRG/DIP+体外诊断+网络安全,体外诊断+智慧供应链+智慧医疗
600841,动力新科,2024-03-19,5.24,5.24,0.73,,,一字板,2024-03-20,5.76,5.76,0.49,,,一字板,5,走到5板,氢能源+无人驾驶+柴油发动机+上海国资,氢能源+无人驾驶+柴油发动机+上海国资
603327,福蓉科技,2024-03-19,18.43,19.31,9.49,,,换手板,2024-03-20,19.35,21.24,12.85,,,换手板,3,断板,AI手机+供货三星S24系列手机+新能源汽车+国企改革,AI手机+供货三星S24系列手机+新能源汽车+国企改革
605277,新亚电子,2024-03-20,17.3,17.3,2.13,,,一字板,2024-03-21,18.44,19.03,22.99,,,换手板,3,断板,通信线缆+充电桩+华为+光伏+机器人,通信线缆+充电桩+华为+光伏+机器人
603363,傲农生物,2024-03-20,5.1,5.59,13.73,,,换手板,2024-03-21,5.73,6.15,15.5,,,换手板,3,断板,猪肉+预重整,猪肉+预重整
603023,威帝股份,2024-03-20,4.13,4.32,8.79,,,换手板,2024-03-21,4.51,4.75,22.36,,,换手板,3,断板,汽车电子+EDR+国企改革,汽车电子+EDR+国企改革
603721,中广天择,2024-03-21,38.72,38.72,1.76,,,一字板,2024-03-22,39.41,42.59,28.41,,,换手板,3,断板,Sora概念+长沙国资+短剧+数据确权,Sora概念+长沙国资+短剧+数据确权
603533,掌阅科技,2024-03-21,29.54,29.54,1.07,,,一字板,2024-03-22,31.5,32.49,6.2,,,换手板,3,断板,Kimi大模型+短剧+AI阅爱聊+数据要素,Kimi大模型+短剧+数据要素
002130,沃尔核材,2024-03-21,8.45,9.08,14.64,,,换手板,2024-03-22,9.99,9.99,2.09,,,一字板,3,断板,大飞机+铜电缆+核电+机器人,核电+大飞机+铜电缆+机器人
002735,王子新材,2024-03-22,13.14,14.51,18.22,,,换手板,2024-03-25,15.32,15.96,37.04,,,换手板,3,断板,飞行汽车+小鹏汇天+光伏概念+可降解塑料,飞行汽车+小鹏汇天+光伏概念+可降解塑料
603499,翔港科技,2024-03-22,22.13,22.13,1.84,,,T字板,2024-03-25,24.34,24.34,1.0,,,一字板,4,走到4板,参股存储公司+包装印刷+化妆护肤品,参股存储公司+包装印刷+化妆护肤品
605180,华生科技,2024-03-22,12.79,12.79,4.05,,,一字板,2024-03-25,14.07,14.07,4.13,,,一字板,9,走到9板,塑胶复合材料+露营经济+外销,降落伞（已澄清无业务）+塑胶复合材料+露营经济+外销
605198,安德利,2024-03-25,26.22,26.24,1.25,,,换手板,2024-03-26,28.86,28.86,0.39,,,一字板,3,断板,浓缩果汁+业绩增长,浓缩果汁+业绩增长
603221,爱丽家居,2024-03-25,10.07,10.76,2.88,,,换手板,2024-03-26,11.84,11.84,3.72,,,T字板,5,走到5板,PVC弹性地板+外销,PVC弹性地板+外销
603079,圣达生物,2024-03-25,12.5,12.82,4.83,,,换手板,2024-03-26,14.1,14.1,3.02,,,一字板,4,走到4板,生物保鲜剂+合成生物学+外销,生物保鲜剂+合成生物学+外销
603626,科森科技,2024-03-26,7.2,7.62,3.7,,,换手板,2024-03-27,8.38,8.38,1.71,,,一字板,3,断板,固态电池+华为折叠屏+机器人+VR,固态电池+华为折叠屏+机器人+VR
603006,联明股份,2024-03-27,11.77,12.1,4.95,,,换手板,2024-03-28,12.95,13.31,3.34,,,换手板,7,走到7板,汽车零部件+供应链管理+特斯拉,汽车零部件+供应链管理+特斯拉
603810,丰山集团,2024-03-27,13.08,13.08,11.51,,,T字板,2024-03-28,13.0,14.39,26.82,,,换手板,3,断板,固态电池+锂电池+农化制品,固态电池+锂电池+农化制品
002769,普路通,2024-03-28,7.23,7.59,4.58,,,换手板,2024-03-29,8.2,8.35,3.32,,,换手板,5,走到5板,实控人拟变更+钠离子电池+储能+小米+供应链管理,实控人拟变更+小米+钠离子电池+储能+供应链管理
603679,华体科技,2024-03-28,13.98,13.98,1.67,,,一字板,2024-03-29,15.38,15.38,0.81,,,一字板,5,走到5板,智慧灯杆+卫星导航+数据中心+华为,智慧灯杆+卫星导航+数据中心+华为
000099,中信海直,2024-03-28,14.29,14.29,2.22,,,一字板,2024-03-29,15.72,15.72,1.12,,,一字板,4,走到4板,深圳+中字头+飞行汽车+华为,深圳+中字头+飞行汽车+华为
000701,厦门信达,2024-03-29,5.27,5.27,2.02,,,一字板,2024-04-01,5.8,5.8,0.89,,,一字板,5,走到5板,小米汽车+低空经济+汽车经销商+LED+国企,小米汽车+低空经济+汽车经销商+LED+国企
603663,三祥新材,2024-03-29,13.65,14.92,13.0,,,换手板,2024-04-01,15.99,16.41,3.94,,,换手板,5,走到5板,固态电池+锆材料+工业新材料,固态电池+锆材料+工业新材料
002963,豪尔赛,2024-03-29,13.44,13.44,1.37,,,一字板,2024-04-01,14.78,14.78,3.78,,,一字板,3,断板,照明工程+换电+华为,照明工程+换电+华为
603900,莱绅通灵,2024-04-01,5.6,5.6,0.68,,,一字板,2024-04-02,6.16,6.16,1.14,,,一字板,9,走到9板,珠宝首饰+开辟“欧金”新赛道,珠宝首饰+开辟“欧金”新赛道
600097,开创国际,2024-04-01,10.03,10.04,2.29,,,换手板,2024-04-02,11.04,11.04,1.11,,,一字板,3,断板,年报增长+渔业+预制菜+上海国资,年报增长+渔业+预制菜+上海国资
002796,世嘉科技,2024-04-01,10.56,11.48,8.86,,,换手板,2024-04-02,12.14,12.63,4.53,,,换手板,5,走到5板,5G+滤波器+天线,5G+滤波器+天线
603172,万丰股份,2024-04-02,16.89,16.89,3.41,,,一字板,2024-04-03,18.58,18.58,5.68,,,一字板,3,断板,染料+高性能纤维+注册制次新股,染料+高性能纤维+注册制次新股
603988,中电电机,2024-04-03,11.37,11.37,3.25,,,T字板,2024-04-08,12.51,12.51,0.99,,,一字板,5,走到5板,风电+电动机,风电+电动机
001376,百通能源,2024-04-09,19.42,20.54,28.96,,,换手板,2024-04-10,22.59,22.59,25.54,,,T字板,4,走到4板,次新+供热+电力,次新+供热+电力
605376,博迁新材,2024-04-10,23.09,23.09,1.78,,,T字板,2024-04-11,25.4,25.4,2.01,,,一字板,3,断板,高端金属粉体材料+负极材料+光伏+外销,高端金属粉体材料+负极材料+光伏+外销
600984,建设机械,2024-04-11,3.26,3.5,6.09,,,换手板,2024-04-12,3.85,3.85,1.15,,,一字板,4,走到4板,工程机械+陕西国资,工程机械+陕西国资
600857,宁波中百,2024-04-11,8.93,8.93,1.13,,,一字板,2024-04-12,9.82,9.82,0.62,,,一字板,3,断板,黄金批发+零售,黄金批发+零售
002835,同为股份,2024-04-15,16.05,16.43,10.52,,,换手板,2024-04-16,18.07,18.07,3.67,,,一字板,6,走到6板,一季报预增+视频监控+人脸识别+人工智能,一季报预增+视频监控+人脸识别+人工智能
603860,中公高科,2024-04-16,30.0,31.47,15.3,,,换手板,2024-04-17,33.5,34.62,29.4,,,换手板,4,走到4板,中字头+公路养护+国产软件,中字头+公路养护+国产软件
002900,哈三联,2024-04-16,11.53,11.9,4.37,,,换手板,2024-04-17,12.66,13.09,5.56,,,换手板,3,断板,医药+医美+仿制药+业绩增长,医药+医美+仿制药+业绩增长
603183,建研院,2024-04-17,4.02,4.02,2.34,,,一字板,2024-04-18,4.42,4.42,1.36,,,一字板,3,断板,年报增长+工程检测+城市更新,年报增长+工程检测+城市更新
603017,中衡设计,2024-04-18,8.36,8.48,3.35,,,换手板,2024-04-19,9.33,9.33,1.87,,,一字板,7,走到7板,低空经济+建筑设计+数据中心+年报增长,低空经济+建筑设计+数据中心+年报增长
002590,万安科技,2024-04-18,13.35,13.35,2.32,,,一字板,2024-04-19,13.88,14.69,17.18,,,换手板,3,断板,年报增长+飞行汽车+汽车电子,年报增长+飞行汽车+汽车电子
605001,威奥股份,2024-04-18,5.5,5.63,1.44,,,换手板,2024-04-19,6.19,6.19,1.49,,,一字板,4,走到4板,飞行汽车碳纤维+轨道交通+芯片+年报扭亏,飞行汽车碳纤维+轨道交通+芯片+年报扭亏
000099,中信海直,2024-04-18,19.86,20.24,22.86,,,换手板,2024-04-19,21.0,22.26,20.23,,,换手板,3,断板,飞行汽车+中字头+深圳+华为,飞行汽车+中字头+深圳+华为
000691,亚太实业,2024-04-23,3.6,3.96,3.91,,,换手板,2024-04-24,4.36,4.36,10.64,,,T字板,4,走到4板,拟定增募资+化工+医药中间体+农药中间体,甘肃+拟定增募资+化工+医药中间体+农药中间体
600234,科新发展,2024-04-24,3.9,4.22,2.71,,,换手板,2024-04-25,4.5,4.64,4.92,,,换手板,3,断板,重大诉讼进展+建筑装饰+数字营销+巨量引擎+抖音概念,重大诉讼进展+建筑装饰+数字营销+巨量引擎+抖音概念
600749,西藏旅游,2024-04-25,12.38,12.39,4.62,,,换手板,2024-04-26,13.63,13.63,1.92,,,一字板,3,断板,西部大开发+旅游+低空经济+年报增长,低空经济+旅游+西部大开发+年报增长
600727,鲁北化工,2024-04-26,6.5,6.97,17.8,,,换手板,2024-04-29,6.75,7.67,16.81,,,换手板,3,断板,一季报大增+钛白粉+烷氯化物,一季报大增+钛白粉+烷氯化物
002670,国盛证券,2024-04-29,10.85,10.85,0.59,,,一字板,2024-04-30,11.94,11.94,5.84,,,T字板,3,断板,证券+拟吸收合并国盛证券+江西国资,证券+拟吸收合并国盛证券+江西国资
603739,蔚蓝生物,2024-04-29,12.61,12.61,1.14,,,一字板,2024-04-30,13.87,13.87,1.02,,,一字板,7,走到7板,一季报增长+生物经济+食品安全,合成生物+食品安全+一季报增长
603232,格尔软件,2024-04-29,14.48,14.48,1.68,,,一字板,2024-04-30,15.93,15.93,27.08,,,T字板,3,断板,量子科技+商用密码+军工+无人机+华为概念,量子科技+商用密码+军工+无人机+华为概念
600743,华远控股,2024-04-30,1.38,1.38,0.61,,,一字板,2024-05-06,1.52,1.52,0.95,,,一字板,3,断板,重大资产出售+房地产+国企,重大资产出售+房地产+国企
002455,百川股份,2024-05-06,9.68,9.68,21.87,,,T字板,2024-05-07,10.65,10.65,2.31,,,一字板,5,走到5板,一季报扭亏为盈+产品(TMA)涨价+石墨电极+锂电池,一季报扭亏为盈+产品(TMA)涨价+石墨电极+锂电池
603928,DR兴业股,2024-05-06,12.49,13.09,2.58,,,换手板,2024-05-07,14.4,14.4,1.04,,,一字板,4,走到4板,高铁+化工新材料+锂电池+风电+大飞机,合成树脂+航空航天+高铁
002827,高争民爆,2024-05-06,16.3,17.59,8.5,,,换手板,2024-05-07,17.81,19.35,9.32,,,换手板,3,断板,西藏国企+民爆+集成电路+一季报增长,民爆+集成电路+一季报增长+西藏国企
000952,广济药业,2024-05-07,7.14,7.14,8.55,,,T字板,2024-05-08,6.99,7.85,,,,换手板,3,断板,合成生物+江南大学合作+维生素+湖北国资,
603823,百合花,2024-05-07,9.69,9.69,0.73,,,一字板,2024-05-08,10.66,10.66,0.97,,,一字板,5,走到5板,颜料+锂电池+钠+一季报增长,颜料+锂电池+钠+一季报增长
600990,四创电子,2024-05-08,21.82,22.63,14.53,,,换手板,2024-05-09,21.89,24.89,17.95,,,换手板,3,断板,低空经济+雷达+军工信息化+央企,低空经济+雷达+军工信息化+央企
603222,济民健康,2024-05-08,7.71,7.71,1.32,,,一字板,2024-05-09,8.48,8.48,0.92,,,一字板,4,走到4板,胰岛移植+医疗器械,干细胞+医疗器械
002339,积成电子,2024-05-10,6.13,6.92,18.81,,,换手板,2024-05-13,7.3,7.61,24.52,,,换手板,4,走到4板,电力设备+液冷超充+华为,电力设备+液冷超充+华为
603506,南都物业,2024-05-10,10.27,11.09,14.17,,,换手板,2024-05-13,12.2,12.2,14.76,,,T字板,3,断板,物业管理+年报增长,物业管理+年报增长
600101,明星电力,2024-05-13,10.8,11.13,27.05,,,换手板,2024-05-14,10.8,12.24,26.89,,,换手板,3,断板,供电+供水+小金属+国企,供电+供水+小金属+国企
600505,西昌电力,2024-05-13,12.56,12.56,22.99,,,T字板,2024-05-14,12.1,13.82,27.03,,,换手板,3,断板,电力+光伏+风电+央企,电力+光伏+风电+央企
002789,,2024-05-15,10.84,10.85,3.8,,,换手板,2024-05-16,10.98,11.94,14.84,,,换手板,3,断板,建筑装饰+人工智能+互联网金融+珠海国资,建筑装饰+人工智能+互联网金融+珠海国资
600665,天地源,2024-05-16,3.11,3.23,10.59,,,换手板,2024-05-17,3.48,3.55,15.96,,,换手板,3,断板,房地产开发+水利+西安国资,房地产开发+水利+西安国资
603737,三棵树,2024-05-16,40.98,44.99,2.5,,,换手板,2024-05-17,46.59,49.49,2.99,,,换手板,3,断板,建筑涂料+一季报增长,建筑涂料+一季报增长
605303,园林股份,2024-05-17,9.05,9.81,27.25,,,换手板,2024-05-20,10.68,10.79,38.02,,,换手板,3,断板,园林工程+旅游,园林工程+旅游+土壤修复
000560,我爱我家,2024-05-17,2.92,2.92,3.09,,,一字板,2024-05-20,3.21,3.21,3.2,,,一字板,3,断板,住房经纪服务+签订合作+杭州,住房经纪服务+签订合作+杭州
603773,沃格光电,2024-05-20,31.08,31.08,1.19,,,一字板,2024-05-21,34.19,34.19,19.13,,,T字板,3,断板,玻璃基板+先进封装+面板+华为,玻璃基板+先进封装+PET铜箔+面板+华为
600714,金瑞矿业,2024-05-20,9.26,9.26,2.12,,,一字板,2024-05-21,10.19,10.19,4.68,,,T字板,4,走到4板,玻璃基板原材料上游+锶盐+小金属,玻璃基板原材料上游+锶盐+小金属
000702,正虹科技,2024-05-21,5.2,5.64,16.89,,,换手板,2024-05-22,5.71,6.2,26.4,,,换手板,5,走到5板,饲料+猪肉+参股券商+国企,饲料+猪肉+参股券商+国企
001267,汇绿生态,2024-05-21,5.45,5.54,10.52,,,换手板,2024-05-22,6.09,6.09,5.36,,,T字板,3,断板,拟收购+园林工程,拟收购+园林工程
000514,渝开发,2024-05-22,4.4,4.57,4.2,,,换手板,2024-05-23,4.23,5.03,17.57,,,换手板,3,断板,房地产+重庆国资+AMC,房地产+重庆国资+AMC
000620,盈新发展,2024-05-22,2.22,2.22,0.03,,,一字板,2024-05-23,2.44,2.44,2.63,,,一字板,4,走到4板,摘星脱帽+房地产+文旅景区开发,摘星脱帽+房地产+文旅景区开发
600719,大连热电,2024-05-27,10.47,10.71,20.73,,,换手板,2024-05-28,10.6,11.78,15.99,,,换手板,3,断板,电力+一季报增长+国企改革,供电+供暖+国企
600969,郴电国际,2024-05-27,6.66,6.66,1.16,,,一字板,2024-05-28,7.33,7.33,3.97,,,一字板,4,走到4板,供电+供水+国企,供电+供水+国企
601020,华钰矿业,2024-05-28,14.82,15.53,10.13,,,换手板,2024-05-29,16.45,17.08,7.46,,,换手板,3,断板,锑+有色金属+西部大开发+一带一路,锑+有色金属+西部大开发+一带一路
600501,航天晨光,2024-05-29,14.15,14.15,12.29,,,T字板,2024-05-30,14.0,15.57,11.76,,,换手板,4,走到4板,航空设备+军工+可控核聚变+央企改革,商业航天+航空设备+军工+央企改革
600996,贵广网络,2024-05-31,7.6,7.91,4.53,,,换手板,2024-06-03,8.0,8.7,5.54,,,换手板,3,断板,习酒借壳猜想+电视广播,习酒借壳猜想+电视广播
600653,申华控股,2024-06-03,1.48,1.54,3.39,,,换手板,2024-06-04,1.65,1.69,2.72,,,换手板,3,断板,增持+汽车服务,增持+汽车服务
605258,协和电子,2024-06-04,25.97,25.97,1.79,,,一字板,2024-06-05,28.57,28.57,16.49,,,T字板,7,走到7板,PCB+汽车电子+高频通讯+毫米波雷达,PCB+汽车电子+高频通讯+毫米波雷达
003008,开普检测,2024-06-06,17.3,18.84,9.56,,,换手板,2024-06-07,20.0,20.72,20.6,,,换手板,3,断板,汽车充换电系统检测+电力系统检测+储能+机器人,汽车充换电系统检测+电力系统检测+储能+机器人
003026,中晶科技,2024-06-06,31.53,31.53,2.0,,,一字板,2024-06-07,34.0,34.68,30.13,,,换手板,4,走到4板,半导体单晶硅片+芯片概念+汽车电子,半导体单晶硅片+芯片概念+汽车电子
000859,国风新材,2024-06-11,3.7,3.78,1.54,,,换手板,2024-06-12,4.16,4.16,0.69,,,一字板,4,走到4板,低价股+光刻胶+新材料+集成电路PI材料+国企改革,低价股+光刻胶+新材料+集成电路PI材料+国企改革
001298,好上好,2024-06-12,19.28,20.24,21.72,,,换手板,2024-06-13,21.0,22.26,27.74,,,换手板,3,断板,存储芯片+分销+智能家居+外销,存储芯片+分销+智能家居+外销
603685,晨丰科技,2024-06-14,12.78,12.91,1.65,,,换手板,2024-06-17,14.06,14.2,8.61,,,换手板,3,断板,增量配电网+照明业务+风电+PCB,增量配电网+照明业务+风电+PCB
600192,长城电工,2024-06-14,4.83,4.83,1.06,,,一字板,2024-06-17,5.31,5.31,5.65,,,T字板,3,断板,电网设备+光伏+风电+甘肃国资,电网设备+光伏+风电+甘肃国资
600345,长江通信,2024-06-17,20.32,20.32,1.98,,,一字板,2024-06-18,21.95,22.35,10.35,,,换手板,4,走到4板,智能交通+卫星导航+华为+央企,智能交通+卫星导航+华为+央企
002869,金溢科技,2024-06-18,27.85,31.1,26.95,,,换手板,2024-06-19,33.0,34.21,23.94,,,换手板,3,断板,车路协同+智慧交通+无人驾驶+华为鸿蒙,车路协同+智慧交通+无人驾驶+华为鸿蒙
002766,索菱股份,2024-06-18,4.94,4.94,4.93,,,T字板,2024-06-19,5.43,5.43,1.25,,,一字板,5,走到5板,车联网+无人驾驶+智能座舱+CID系统,车联网+无人驾驶+智能座舱+CID系统
603586,金麒麟,2024-06-21,13.07,13.68,11.77,,,换手板,2024-06-24,15.05,15.05,10.38,,,T字板,5,走到5板,刹车片+汽车零部件+外销,间接投资车联网+刹车片+汽车零部件+外销
605178,时空科技,2024-06-25,14.03,15.07,8.26,,,换手板,2024-06-26,15.82,16.58,15.49,,,换手板,4,走到4板,智慧交通+智慧灯杆+照明工程+空间计算,智慧交通+智慧灯杆+照明工程+空间计算
002823,凯中精密,2024-06-26,11.99,11.99,1.75,,,一字板,2024-06-27,13.19,13.19,13.81,,,T字板,3,断板,预计半年报大增+新能源汽车,预计半年报大增+新能源汽车
603171,XD税友股,2024-06-26,25.0,26.29,20.22,,,换手板,2024-06-27,26.0,28.92,20.12,,,换手板,3,断板,智能管税+智慧政务+AIGC概念+华为,智能管税+智慧政务+AIGC概念+华为
002857,三晖电气,2024-06-27,11.7,12.54,14.72,,,换手板,2024-06-28,13.79,13.79,4.81,,,一字板,5,走到5板,电能表+储能+虚拟电厂+机器人,电能表+储能+虚拟电厂+机器人
002861,瀛通通讯,2024-06-27,8.89,9.72,16.69,,,换手板,2024-06-28,9.79,10.69,14.67,,,换手板,4,走到4板,电声产品+智能穿戴+苹果+微盘股,电声产品+智能穿戴+苹果+微盘股+控股股东解除部分质押
600076,康欣新材,2024-07-01,1.39,1.62,3.47,,,换手板,2024-07-02,1.78,1.78,0.79,,,一字板,4,走到4板,率先披露半年报+提议回购+土地流转+新型建材供应商+国企,率先披露半年报+提议回购+土地流转+新型建材供应商+国企
600881,亚泰集团,2024-07-02,1.03,1.03,0.19,,,一字板,2024-07-03,1.13,1.13,6.19,,,T字板,3,断板,国资增持+面值退市博弈+煤炭+医疗器械+长春国资,国资增持+面值退市博弈+煤炭+医疗器械+长春国资
603155,新亚强,2024-07-05,11.47,12.54,3.12,,,换手板,2024-07-08,13.4,13.79,2.7,,,换手板,4,走到4板,有机硅+功能性助剂产品+基础化工+半导体上游,有机硅+功能性助剂产品+基础化工+半导体上游
002823,凯中精密,2024-07-09,15.2,15.95,26.8,,,换手板,2024-07-10,16.87,17.55,18.41,,,换手板,3,断板,预计半年报大增+收到项目定点+核心精密零组件+新能源汽车,预计半年报大增+收到项目定点+核心精密零组件+新能源汽车
002981,朝阳科技,2024-07-09,19.11,19.95,4.52,,,换手板,2024-07-10,21.95,21.95,1.01,,,一字板,3,断板,消费电子+苹果+虚拟现实+无人机,消费电子+苹果+虚拟现实+无人机
002829,星网宇达,2024-07-10,14.36,14.36,1.78,,,一字板,2024-07-11,15.8,15.8,1.95,,,一字板,5,走到5板,无人驾驶+百度+低空经济+无人机+卫星导航,无人驾驶+百度+低空经济+无人机+卫星导航
600650,锦江在线,2024-07-10,8.57,8.57,1.07,,,一字板,2024-07-11,9.43,9.43,0.71,,,一字板,7,走到7板,小马智行合作+车辆营运+出租车+国企,小马智行合作+车辆营运+出租车+国企
000816,智慧农业,2024-07-11,1.65,1.73,3.27,,,换手板,2024-07-12,1.9,1.9,1.17,,,一字板,3,断板,半年报预增+现代农业生产服务+有色金属,半年报预增+有色金属+现代农业生产服务
600626,申达股份,2024-07-15,2.66,2.94,4.27,,,换手板,2024-07-16,3.18,3.23,3.84,,,换手板,3,断板,半年报预增+汽车内饰+进出口贸易+上海国资,半年报预增+汽车内饰+进出口贸易+上海国资
603336,宏辉果蔬,2024-07-17,3.31,3.53,5.27,,,换手板,2024-07-18,3.88,3.88,2.03,,,一字板,3,断板,马来西亚榴莲+果蔬产品+农业种植,马来西亚榴莲+果蔬产品+农业种植
600676,交运股份,2024-07-17,3.67,3.67,0.66,,,一字板,2024-07-18,4.04,4.04,0.72,,,一字板,3,断板,参股上海大众交运出租+物流+汽车零部件+上海国资,参股上海大众交运出租+物流+汽车零部件+上海国资
603607,京华激光,2024-07-19,14.31,14.31,2.2,,,一字板,2024-07-22,15.74,15.74,1.52,,,一字板,3,断板,光刻机+激光全息+烟草+包装印刷,光刻机+激光全息+烟草+包装印刷
600817,宇通重工,2024-07-22,9.08,9.65,2.01,,,换手板,2024-07-23,10.03,10.62,3.11,,,换手板,3,断板,无人驾驶+环卫设备+新能源环卫车+氢能源,无人驾驶+环卫设备+新能源环卫车+氢能源
001379,腾达科技,2024-07-23,13.97,15.28,25.44,,,换手板,2024-07-24,14.36,16.81,39.67,,,换手板,11,走到11板,商业航天+不锈钢+光伏+外销+次新,商业航天+不锈钢+光伏+外销+次新
603958,哈森股份,2024-07-16,9.01,9.35,6.46,,,换手板,2024-07-24,9.35,10.29,2.87,,,换手板,3,断板,苹果概念+中高端皮鞋+拟收购,调整重大资产重组方案+苹果概念+中高端皮鞋
001212,中旗新材,2024-07-24,23.09,24.9,9.31,,,换手板,2024-07-25,25.88,27.39,16.82,,,换手板,3,断板,人造石英石+光伏,人造石英石+光伏
600834,申通地铁,2024-07-24,7.5,8.36,5.41,,,换手板,2024-07-25,8.73,9.2,4.93,,,换手板,3,断板,交通运输+无人驾驶+光伏建筑一体化+充电桩+上海国资,交通运输+无人驾驶+光伏建筑一体化+充电桩+上海国资
600635,大众公用,2024-07-26,3.45,3.54,5.18,,,换手板,2024-07-29,3.88,3.89,2.31,,,换手板,4,走到4板,大众+燃气+创投,大众+燃气+创投
600686,金龙汽车,2024-07-26,13.85,14.11,29.01,,,换手板,2024-07-29,14.8,15.52,11.51,,,换手板,4,走到4板,无人驾驶+百度+车联网+客车,客车+无人驾驶+百度+车联网
600841,动力新科,2024-07-26,4.84,5.03,10.39,,,换手板,2024-07-29,5.04,5.53,8.25,,,换手板,3,断板,无人驾驶+换电+柴油机+上海国资,无人驾驶+换电+柴油机+上海国资
001316,润贝航科,2024-07-26,29.71,32.89,19.06,,,换手板,2024-07-29,34.7,36.18,36.16,,,换手板,3,断板,商业航天+服务型航材分销商+大飞机+航空化学品,商业航天+服务型航材分销商+大飞机+航空化学品
600676,交运股份,2024-07-26,3.81,4.08,6.79,,,换手板,2024-07-29,4.4,4.49,4.14,,,换手板,4,走到4板,参股上海大众交运出租+物流+汽车零部件+上海国资,参股上海大众交运出租+物流+汽车零部件+上海国资
603988,中电电机,2024-07-26,9.05,9.05,1.0,,,一字板,2024-07-29,9.96,9.96,0.37,,,一字板,6,走到6板,实控人变更+风电+电动机,实控人变更+风电+电动机
600099,林海股份,2024-07-26,7.19,7.5,12.67,,,换手板,2024-07-29,8.25,8.25,4.73,,,一字板,3,断板,无人驾驶+农机+摩托车+外销,无人驾驶+农机+摩托车+外销
000880,潍柴重机,2024-07-29,8.73,8.73,1.56,,,一字板,2024-07-30,9.6,9.6,14.76,,,一字板,5,走到5板,柴油机零部件+船舶动力+国企,柴油机零部件+船舶动力+国企
002232,启明信息,2024-07-29,21.43,21.43,0.98,,,一字板,2024-07-30,23.57,23.57,9.52,,,T字板,3,断板,控股股东变更+车路协同+卫星导航+IT服务,控股股东变更+车路协同+卫星导航+IT服务
600501,航天晨光,2024-07-29,15.76,15.76,0.97,,,一字板,2024-07-30,16.89,17.34,12.65,,,换手板,6,走到6板,商业航天+无人驾驶+航空设备+央企改革,商业航天+无人驾驶+航空设备+央企改革
600386,北巴传媒,2024-07-30,3.88,3.88,1.57,,,一字板,2024-07-31,4.27,4.27,16.39,,,T字板,5,走到5板,公交广告媒体+汽车拆解+汽车服务+北京国资,公交广告媒体+汽车拆解汽车服务+北京国资
002196,方正电机,2024-07-31,4.63,4.91,8.37,,,换手板,2024-08-01,5.4,5.4,19.87,,,T字板,3,断板,机器人+电机+国企,电机+此前供货奇瑞QQ冰淇淋+机器人+国企
000953,中哲精化,2024-07-31,3.3,3.33,18.03,,,换手板,2024-08-01,3.45,3.66,13.36,,,换手板,6,走到6板,银亿重整+维生素+医药中间体+半年报预增,银亿重整+维生素+医药中间体+半年报预增
600692,亚通股份,2024-07-31,6.96,6.96,2.27,,,一字板,2024-08-01,7.66,7.66,44.26,,,T字板,3,断板,出租车业务+房地产+创投+光伏+上海国资,出租车业务+房地产+创投+光伏+上海国资
000980,众泰汽车,2024-08-01,1.51,1.67,7.58,,,换手板,2024-08-02,1.69,1.84,7.04,,,换手板,4,走到4板,新能源汽车+百度概念+低价股,新能源汽车+百度概念+低价股
603278,大业股份,2024-08-01,6.55,6.55,0.52,,,一字板,2024-08-02,7.21,7.21,1.02,,,一字板,4,走到4板,商业航天+通用设备+胎圈钢丝+光伏,商业航天+通用设备+胎圈钢丝+光伏
000981,山子高科,2024-08-01,1.28,1.28,7.32,,,T字板,2024-08-02,1.28,1.41,11.55,,,换手板,3,断板,回购+增持+融资+面退博弈,回购+增持+融资+面退博弈
000016,深康佳A,2024-08-01,2.78,2.78,2.27,,,T字板,2024-08-02,3.06,3.06,1.18,,,一字板,3,断板,网约车+MicroLED+存储芯片+创投,白色家电+网约车+MicroLED+存储芯片+创投
002607,中公教育,2024-08-02,1.83,2.01,14.04,,,换手板,2024-08-05,2.19,2.21,4.08,,,换手板,5,走到5板,职业教育+增持+辟谣破产等传闻,职业教育+增持+辟谣破产等传闻
600561,江西长运,2024-08-02,5.33,5.81,20.38,,,换手板,2024-08-05,5.55,6.39,14.41,,,换手板,3,断板,出租汽车业务+站点巴士+旅游客运+光伏+半年报预计扭亏,出租汽车业务+站点巴士+旅游客运+光伏+半年报预计扭亏
603390,通达电气,2024-08-02,9.75,9.75,1.75,,,一字板,2024-08-05,9.8,10.73,18.26,,,换手板,4,走到4板,车联网+智能座舱+电子后视镜+比亚迪,地天板+车联网+智能座舱+电子后视镜+比亚迪
600280,中央商场,2024-08-05,2.87,2.87,1.8,,,一字板,2024-08-06,3.16,3.16,8.12,,,T字板,5,走到5板,零售+预制菜+房地产,零售+预制菜+房地产
001239,永达股份,2024-08-05,18.04,18.72,63.8,,,换手板,2024-08-06,18.2,20.59,52.01,,,换手板,3,断板,次新股+工程起重设备+风电设备+拟收购,次新股+工程起重设备+风电设备+拟收购
600661,昂立教育,2024-08-06,10.96,11.74,12.43,,,换手板,2024-08-07,12.3,12.91,19.56,,,换手板,3,断板,K12教育+AI教育,K12教育+AI教育
002072,凯瑞德,2024-08-06,3.84,3.84,0.95,,,一字板,2024-08-07,4.22,4.22,0.61,,,一字板,4,走到4板,拟收购国网电力股权+低价微盘股+煤炭贸易+半年报预计扭亏,拟收购国网电力股权+低价微盘股+煤炭贸易+半年报预计扭亏
000597,东北制药,2024-08-07,4.86,4.86,0.64,,,一字板,2024-08-08,5.35,5.35,1.07,,,一字板,3,断板,拟收购鼎成肽源+化学制药+创新药+维生素,拟收购鼎成肽源+维生素+化学制药+创新药
600192,长城电工,2024-08-07,4.98,4.98,6.32,,,T字板,2024-08-08,4.85,5.48,18.87,,,换手板,3,断板,电网设备+光伏+风电+甘肃国资,电网设备+商业航天+光伏+甘肃国资
000509,华塑控股,2024-08-09,2.93,2.93,2.37,,,T字板,2024-08-12,3.22,3.22,1.48,,,一字板,4,走到4板,近期成立公司含卫星通信服务业务+消费电子+数据安全+国企改革,近期成立公司含卫星通信服务业务+消费电子+数据安全+国企改革
603458,勘设股份,2024-08-12,6.21,6.34,12.48,,,换手板,2024-08-13,6.21,6.97,16.51,,,换手板,4,走到4板,智能交通+ETC门架+工程咨询,智能交通+ETC门架+工程咨询
002952,亚世光电,2024-08-14,21.28,22.73,14.21,,,换手板,2024-08-15,23.11,25.0,16.72,,,换手板,4,走到4板,光电显示+虚拟现实+激光雷达+越南工厂进展顺利+外销,光电显示+虚拟现实+激光雷达+越南工厂进展顺利+外销
600686,金龙汽车,2024-08-14,17.2,17.99,17.56,,,换手板,2024-08-15,17.89,19.79,28.79,,,换手板,3,断板,无人驾驶+客车+百度+车联网+半年报增长,无人驾驶+客车+百度+车联网+半年报增长
600326,西藏天路,2024-08-14,5.46,5.46,2.36,,,一字板,2024-08-15,5.6,6.01,34.18,,,换手板,3,断板,大基建+西藏国资+金属铜+水泥,大基建+西藏国资+金属铜+水泥
002369,卓翼科技,2024-08-15,4.15,4.15,0.92,,,一字板,2024-08-16,4.57,4.57,1.5,,,一字板,3,断板,AI眼镜+消费电子+华为+机器人,AI眼镜+消费电子+华为+机器人
000062,深圳华强,2024-08-16,9.73,10.54,3.41,,,换手板,2024-08-19,11.59,11.59,0.55,,,一字板,10,走到10板,华为海思概念+电子元器件分销+汽车电子,华为海思概念+电子元器件分销+汽车电子
000810,创维数字,2024-08-16,9.71,10.07,8.92,,,换手板,2024-08-19,10.46,11.08,11.4,,,换手板,3,断板,AI眼镜+智能终端+柔性屏+AIGC,AI眼镜+华为海思+智能终端+AIGC
002370,亚太药业,2024-08-16,2.86,3.06,14.38,,,换手板,2024-08-19,3.3,3.37,23.52,,,换手板,3,断板,猴痘概念+化学制药+低价微盘股,猴痘概念+化学制药+低价微盘股
002403,爱仕达,2024-08-21,7.14,7.72,13.04,,,换手板,2024-08-22,8.1,8.49,21.36,,,换手板,3,断板,机器人+炊具+跨境电商,机器人+炊具+跨境电商
603118,共进股份,2024-08-23,7.04,7.04,1.32,,,一字板,2024-08-26,7.74,7.74,11.71,,,T字板,3,断板,华为海思概念+交换机+先进封装+入股芯物科技,华为海思概念+交换机+先进封装+入股芯物科技
002302,西部建设,2024-08-26,5.91,5.91,0.91,,,一字板,2024-08-27,6.5,6.5,3.99,,,T字板,5,走到5板,西部大开发+水泥概念+国企,西部大开发+水泥概念+国企
603626,科森科技,2024-08-27,6.16,6.16,19.88,,,T字板,2024-08-28,6.27,6.78,14.84,,,换手板,10,走到10板,华为折叠屏+固态电池+为AR品牌提供结构件+消费电子,华为折叠屏+固态电池+为AR品牌提供结构件+消费电子
603060,国检集团,2024-08-27,6.49,6.49,0.28,,,一字板,2024-08-28,7.14,7.14,0.39,,,一字板,3,断板,房屋检测+央企,房屋检测+央企
002681,奋达科技,2024-08-29,4.37,4.37,1.31,,,一字板,2024-08-30,4.81,4.81,1.26,,,一字板,3,断板,智能戒指+早期投资智能眼镜+人形机器人,智能戒指+早期投资智能眼镜+人形机器人
600936,北投科技,2024-08-29,2.14,2.38,3.56,,,换手板,2024-08-30,2.38,2.62,5.38,,,换手板,3,断板,数据要素+智慧广电+5G+广西国资,数据要素+智慧广电+5G+广西国资
000062,深圳华强,2024-09-02,28.0,28.38,11.12,,,换手板,2024-09-03,28.0,31.22,9.51,,,换手板,6,走到6板,华为海思概念+电子元器件分销+消费电子,华为海思概念+电子元器件分销+消费电子
000859,国风新材,2024-09-02,3.87,3.87,5.07,,,T字板,2024-09-03,4.1,4.26,8.87,,,换手板,3,断板,光刻胶+集成电路PI材料+柔性屏,柔性屏+光刻胶+集成电路PI材料
600550,保变电气,2024-09-03,5.37,5.37,1.31,,,T字板,2024-09-04,5.91,5.91,6.23,,,T字板,3,断板,控股股东将变更+输变电设备+智能电网+核电,控股股东将变更+输变电设备+智能电网+核电
002388,新亚制程,2024-09-03,4.66,4.66,1.27,,,一字板,2024-09-04,5.13,5.13,0.96,,,一字板,4,走到4板,华为第一大客户+电子工具+半固态电池,华为第一大客户+电子工具+半固态电池
605218,伟时电子,2024-09-03,20.37,20.37,0.84,,,一字板,2024-09-04,22.41,22.41,18.67,,,T字板,5,走到5板,背光显示模组+VR+空中成像+华为汽车,背光显示模组+VR+空中成像+华为汽车
002520,日发精机,2024-09-04,4.4,4.49,4.3,,,换手板,2024-09-05,4.64,4.94,14.42,,,换手板,5,走到5板,工业母机+减速器+人形机器人+半年报增长,工业母机+万丰奥威+减速器+人形机器人
603883,老百姓,2024-09-04,14.68,14.81,4.89,,,换手板,2024-09-05,16.29,16.29,1.46,,,一字板,5,走到5板,超跌反弹+医药商业+中报落地+分红,超跌反弹+医药商业+中报落地+分红
601515,衢州东峰,2024-09-04,2.6,2.75,4.0,,,换手板,2024-09-05,2.82,3.03,9.07,,,换手板,3,断板,固态电池+锂电池+电子烟+包装印刷,固态电池+锂电池+电子烟+包装印刷
603123,翠微股份,2024-09-06,6.88,7.0,7.15,,,换手板,2024-09-09,6.72,7.7,6.29,,,换手板,3,断板,第三方支付+数字货币+商业零售+国企,第三方支付+数字货币+商业零售+国企
002640,跨境通,2024-09-06,1.64,1.77,6.89,,,换手板,2024-09-09,1.86,1.95,20.96,,,换手板,4,走到4板,跨境电商+三胎+低价小盘股,跨境电商+三胎+低价股+重整不确定性
002036,联创电子,2024-09-09,8.17,8.17,1.82,,,一字板,2024-09-10,8.69,8.99,19.37,,,换手板,3,断板,光学镜头+车载ADAS镜头+虚拟现实+华为+特斯拉概念,光学镜头+车载ADAS镜头+华为+特斯拉概念
600838,上海九百,2024-09-09,6.6,6.9,6.7,,,换手板,2024-09-10,7.59,7.59,13.77,,,T字板,3,断板,新零售+参股券商+酒类产品+上海国资,新零售+参股券商+酒类产品+上海国资
000566,海南海药,2024-09-09,3.71,3.71,0.85,,,一字板,2024-09-10,4.08,4.08,1.39,,,一字板,6,走到6板,细胞免疫治疗+民营医院+医药+海南+央企,细胞免疫治疗+民营医院+海南+央企
000536,华映科技,2024-09-10,2.73,2.73,4.15,,,T字板,2024-09-11,3.0,3.0,0.98,,,一字板,5,走到5板,华为+显示面板+OLED+福建国资,华为+显示面板+OLED+福建国资
002816,,2024-09-11,8.97,8.97,1.48,,,一字板,2024-09-12,9.4,9.87,5.3,,,换手板,3,断板,摘帽+精密清洗设备,摘帽+精密清洗设备
600550,保变电气,2024-09-12,6.99,7.74,14.63,,,换手板,2024-09-13,7.68,8.51,11.05,,,换手板,3,断板,央企+控股股东将变更+输变电设备+昨日走出“地天板”,央企+控股股东将变更+输变电设备
002693,双成药业,2024-09-12,6.31,6.31,0.35,,,一字板,2024-09-13,6.94,6.94,0.7,,,一字板,14,走到14板,拟收购宁波奥拉半导体+多肽药,拟收购宁波奥拉半导体+多肽药
600719,大连热电,2024-09-18,5.35,5.78,19.06,,,换手板,2024-09-19,5.72,6.36,17.22,,,换手板,3,断板,国企+资产注入预期+供电供暖,国企+资产注入预期+供电供暖
600658,电子城,2024-09-18,3.48,3.62,5.22,,,换手板,2024-09-19,3.62,3.98,4.06,,,换手板,4,走到4板,北京国资+房地产+科技产业园,北京国资+房地产+科技产业园
600198,大唐电信,2024-09-18,6.21,6.39,2.69,,,换手板,2024-09-19,7.03,7.03,2.06,,,一字板,6,走到6板,央企+安全芯片+出售资产,央企+安全芯片+出售资产
600619,海立股份,2024-09-19,6.52,6.52,1.6,,,一字板,2024-09-20,6.99,7.17,21.49,,,换手板,4,走到4板,光刻机+汽车热管理+上海国资,光刻机+汽车热管理+上海国资
000004,国华网安,2024-09-19,13.24,13.27,10.24,,,换手板,2024-09-20,14.6,14.6,1.75,,,一字板,4,走到4板,网络安全+鸿蒙+半年报同比减亏,移动应用安全+鸿蒙+国产适配
002583,海能达,2024-09-20,4.33,4.33,2.11,,,一字板,2024-09-23,4.76,4.76,1.17,,,一字板,6,走到6板,对讲机终端+一带一路+华为汽车,对讲机终端+一带一路+华为汽车
600589,大位科技,2024-09-20,2.47,2.55,2.92,,,换手板,2024-09-23,2.51,2.81,4.76,,,换手板,4,走到4板,完成重整+数据中心+东数西算+低价股,完成重整+数据中心+东数西算+低价股
600550,保变电气,2024-09-20,11.12,11.12,2.18,,,一字板,2024-09-23,11.68,12.23,8.57,,,换手板,3,断板,央企+控股股东将变更+输变电设备,央企+控股股东将变更+输变电设备
002232,启明信息,2024-09-23,16.4,17.92,18.55,,,换手板,2024-09-24,18.0,19.71,23.73,,,换手板,3,断板,央企+控股股东变更+车路协同+卫星导航+信创,央企+控股股东变更+车路协同+卫星导航+信创
600881,亚泰集团,2024-09-24,1.24,1.29,2.68,,,换手板,2024-09-25,1.42,1.42,0.59,,,一字板,7,走到7板,并购重组+长春国资+低价股,并购重组+长春国资+破净股
603106,恒银科技,2024-09-24,5.79,5.79,1.47,,,一字板,2024-09-25,6.37,6.37,0.99,,,一字板,8,走到8板,金融信创+金融智能终端+智能交通,金融信创+金融智能终端
000717,中南股份,2024-09-24,1.99,2.15,4.36,,,换手板,2024-09-25,2.37,2.37,0.95,,,一字板,6,走到6板,国企(中国宝武旗下)+钢铁+氢能源+低价股,国企(中国宝武旗下)+钢铁+氢能源+破净股
002423,中粮资本,2024-09-25,8.93,8.93,0.5,,,一字板,2024-09-26,9.82,9.82,10.0,,,T字板,8,走到8板,多元金融+中字头+破净股,多元金融+中字头
000608,阳光股份,2024-09-25,1.88,1.88,12.89,,,T字板,2024-09-26,1.87,2.07,14.45,,,换手板,6,走到6板,房地产+商业运营管理+西部大开发+破净股,房地产+商业运营管理+西部大开发+破净股
601933,永辉超市,2024-09-25,2.73,2.73,0.34,,,一字板,2024-09-26,3.0,3.0,9.41,,,T字板,6,走到6板,第一大股东将变更为骏才国际,第一大股东将变更为骏才国际
601162,天风证券,2024-09-25,3.3,3.3,1.17,,,一字板,2024-09-26,3.39,3.63,15.1,,,换手板,7,走到7板,证券+国企,证券+国企
600643,爱建集团,2024-09-25,4.94,4.94,1.06,,,一字板,2024-09-26,5.43,5.43,7.8,,,T字板,3,断板,多元金融+互联网金融,多元金融+互联网金融
002640,跨境通,2024-09-25,2.01,2.21,19.78,,,换手板,2024-09-26,2.24,2.43,29.62,,,换手板,3,断板,重整预期+跨境电商+三胎概念,重整预期+跨境电商+三胎概念
000750,国海证券,2024-09-25,3.5,3.63,8.68,,,换手板,2024-09-26,3.66,3.99,13.25,,,换手板,6,走到6板,证券+广西国资,证券+广西国资
000402,金融街,2024-09-26,2.7,2.89,6.17,,,换手板,2024-09-27,3.18,3.18,0.79,,,一字板,5,走到5板,房地产+北京国资+破净股,房地产+北京国资+破净股
002208,合肥城建,2024-09-26,6.08,6.08,0.72,,,一字板,2024-09-27,6.69,6.69,0.33,,,一字板,5,走到5板,拟收购安徽公共资源交易集团+合肥国资+房地产,拟收购安徽公共资源交易集团+合肥国资+房地产
601828,美凯龙,2024-09-26,2.55,2.81,3.34,,,换手板,2024-09-27,3.09,3.09,0.45,,,一字板,4,走到4板,破净股+新零售+装修建材+国企改革,破净股+新零售+装修建材+国企改革
600390,五矿资本,2024-09-27,6.06,6.06,2.41,,,一字板,2024-09-30,6.67,6.67,0.76,,,一字板,5,走到5板,多元金融+央企+破净股+高股息,多元金融+央企+破净股+高股息
600657,信达地产,2024-09-27,3.99,4.15,3.3,,,换手板,2024-09-30,4.56,4.57,5.71,,,换手板,3,断板,房地产+AMC+央企,房地产+AMC+央企
000069,华侨城Ａ,2024-09-27,2.65,2.65,0.78,,,一字板,2024-09-30,2.92,2.92,0.33,,,一字板,4,走到4板,"""旅游+地产""+央企","""旅游+地产""+央企"
002146,荣盛发展,2024-09-27,1.53,1.62,9.88,,,换手板,2024-09-30,1.78,1.78,7.67,,,T字板,3,断板,房地产+新能源汽车,房地产+新能源汽车
000002,万科Ａ,2024-09-27,8.52,8.84,7.21,,,换手板,2024-09-30,9.72,9.72,5.97,,,T字板,3,断板,房地产+二季度现金流好转,房地产+二季度现金流好转
600383,金地集团,2024-09-27,4.8,4.97,4.14,,,换手板,2024-09-30,5.47,5.47,5.79,,,T字板,3,断板,房地产+物业管理,房地产+物业管理
000858,五粮液,2024-09-27,141.8,147.74,2.23,,,换手板,2024-09-30,156.02,162.51,2.54,,,换手板,3,断板,白酒+国企,市场超500股涨停
603198,迎驾贡酒,2024-09-27,62.0,66.29,,,,换手板,2024-09-30,70.62,72.92,1.12,,,换手板,3,断板,,市场超500股涨停
000882,华联股份,2024-09-27,1.52,1.52,7.88,,,T字板,2024-09-30,1.67,1.67,8.1,,,T字板,3,断板,零售+拟收购北京SKP旗下资产+破净股,零售+拟收购北京SKP旗下资产+破净股
600779,水井坊,2024-09-27,39.55,41.75,2.79,,,换手板,2024-09-30,45.93,45.93,2.69,,,T字板,3,断板,白酒+半年报增长,超500股涨停
600702,舍得酒业,2024-09-27,54.43,54.43,1.1,,,一字板,2024-09-30,59.87,59.87,0.54,,,一字板,4,走到4板,白酒+旅游,白酒+旅游
603345,安井食品,2024-09-27,86.0,90.31,4.18,,,换手板,2024-09-30,97.0,99.34,3.45,,,换手板,3,断板,速冻食品+火锅食材,速冻食品+火锅食材
600376,首开股份,2024-09-27,2.86,3.01,2.88,,,换手板,2024-09-30,3.27,3.31,,,,换手板,3,断板,房地产+北京国资+酒店物业经营,
600622,光大嘉宝,2024-09-27,2.32,2.43,7.15,,,换手板,2024-09-30,2.67,2.67,11.45,,,T字板,3,断板,房地产+央企+AMC+破净股,房地产+央企+AMC+破净股
600199,金种子酒,2024-09-27,12.8,13.29,7.0,,,换手板,2024-09-30,14.58,14.62,9.1,,,换手板,3,断板,白酒+国企,白酒+国企
600048,保利发展,2024-09-27,9.6,10.03,3.73,,,换手板,2024-09-30,11.03,11.03,5.31,,,T字板,3,断板,房地产+销售金额行业第一+国企,房地产+销售金额行业第一+国企
000799,酒鬼酒,2024-09-27,45.99,46.99,5.79,,,换手板,2024-09-30,51.69,51.69,0.86,,,一字板,4,走到4板,白酒+央企,白酒+央企
600649,城投控股,2024-09-27,4.28,4.49,4.95,,,换手板,2024-09-30,4.94,4.94,8.06,,,T字板,3,断板,房地产+参股券商+上海国资,房地产+参股券商+上海国资
600809,山西汾酒,2024-09-27,192.0,198.99,1.18,,,换手板,2024-09-30,216.01,218.89,1.47,,,换手板,3,断板,清香白酒龙头+国企,超500股涨停
601155,新城控股,2024-09-27,12.68,13.05,1.97,,,换手板,2024-09-30,14.36,14.36,2.34,,,T字板,3,断板,房地产+长三角+商业综合体,房地产+长三角+商业综合体
000596,古井贡酒,2024-09-27,178.0,184.56,1.3,,,换手板,2024-09-30,202.93,203.02,0.97,,,换手板,3,断板,白酒+国企,白酒+国企
000995,皇台酒业,2024-09-27,12.53,13.23,,,,换手板,2024-09-30,13.77,14.55,17.28,,,换手板,3,断板,,白酒+葡萄酒+终止酱酒投资计划
002410,广联达,2024-09-27,11.67,12.29,4.33,,,换手板,2024-09-30,13.52,13.52,4.81,,,T字板,4,走到4板,数字建筑+AI建筑+多模态AI,数字建筑+多模态AI
603317,天味食品,2024-09-27,10.68,11.1,1.87,,,换手板,2024-09-30,12.0,12.21,2.9,,,换手板,3,断板,调味品+业绩增长,市场超500股涨停
000783,长江证券,2024-09-27,6.13,6.56,6.75,,,换手板,2024-09-30,7.0,7.22,5.19,,,换手板,4,走到4板,证券+湖北国资拟入主+高股息,证券+湖北国资拟入主+高股息
002285,世联行,2024-09-27,2.31,2.43,10.42,,,换手板,2024-09-30,2.67,2.67,6.42,,,T字板,3,断板,房地产服务+互联网金融+物业管理+珠海国资,房地产服务+互联网金融+物业管理+珠海国资
600208,衢州发展,2024-09-27,2.39,2.41,3.56,,,换手板,2024-09-30,2.65,2.65,2.48,,,T字板,4,走到4板,房地产+衢州国资入主+金融科技,房地产+衢州国资入主+金融科技
603737,三棵树,2024-09-27,34.3,35.88,1.83,,,换手板,2024-09-30,39.47,39.47,0.42,,,一字板,3,断板,建筑涂料+新零售,建筑涂料+新零售
000560,我爱我家,2024-09-27,3.2,3.4,26.06,,,换手板,2024-09-30,3.74,3.74,18.92,,,T字板,3,断板,住房经纪服务+AIGC+破净股,住房经纪服务+AIGC+破净股
002791,坚朗五金,2024-09-27,26.85,28.19,5.48,,,换手板,2024-09-30,30.75,31.01,4.83,,,换手板,3,断板,建筑配套件集成供应商+智能家居+养老金持股,建筑配套件集成供应商+智能家居+养老金持股
000568,泸州老窖,2024-09-27,131.97,136.09,2.6,,,换手板,2024-09-30,149.7,149.7,2.16,,,T字板,3,断板,白酒+国窖系列+国企,白酒+国窖系列+国企
601696,中银证券,2024-09-27,11.43,11.45,5.93,,,换手板,2024-09-30,12.6,12.6,4.86,,,T字板,4,走到4板,证券+期货,证券+期货
600606,绿地控股,2024-09-27,1.89,1.89,0.63,,,一字板,2024-09-30,2.08,2.08,0.18,,,一字板,4,走到4板,房地产+大金融,房地产+大金融
002673,西部证券,2024-09-30,8.61,8.69,6.25,,,换手板,2024-10-08,9.56,9.56,5.73,,,T字板,3,断板,证券+国企,证券+国企
601066,中信建投,2024-09-30,26.8,26.86,1.78,,,换手板,2024-10-08,29.55,29.55,1.85,,,T字板,3,断板,证券+国资背景,证券+国资背景
002439,启明星辰,2024-09-30,16.31,17.19,7.83,,,换手板,2024-10-08,18.91,18.91,,,,T字板,3,断板,移动控股+人工智能+信息安全+华为,
000977,浪潮信息,2024-09-30,39.5,41.5,,,,换手板,2024-10-08,45.65,45.65,12.53,,,T字板,3,断板,,成交量创历史新高+超500只个股涨停
603193,润本股份,2024-09-30,22.0,23.44,16.13,,,换手板,2024-10-08,25.6,25.78,13.56,,,换手板,3,断板,驱蚊+电商+次新,成交量创历史新高+超500只个股涨停
601519,大智慧,2024-09-30,8.36,8.36,1.79,,,一字板,2024-10-08,9.2,9.2,0.69,,,一字板,3,断板,互联网金融+国产软件+数据中心+鸿蒙,互联网金融+国产软件+数据中心+鸿蒙
000661,长春高新,2024-09-30,107.65,109.89,3.81,,,换手板,2024-10-08,120.88,120.88,5.95,,,T字板,3,断板,生长激素+国企,生长激素+国企
000762,西藏矿业,2024-09-30,23.26,23.49,9.92,,,换手板,2024-10-08,25.84,25.84,,,,T字板,3,断板,盐湖提锂+央企,
000980,众泰汽车,2024-09-30,1.94,1.98,7.77,,,换手板,2024-10-08,2.18,2.18,9.21,,,T字板,3,断板,汽车整车+新能源汽车+百度概念,成交量创历史新高+超500只个股涨停
002797,第一创业,2024-09-30,7.0,7.1,8.8,,,换手板,2024-10-08,7.81,7.81,8.19,,,T字板,3,断板,证券,证券
601908,京运通,2024-09-30,2.95,2.95,4.13,,,T字板,2024-10-08,3.25,3.25,4.9,,,T字板,3,断板,超500股涨停,成交量创历史新高+超500只个股涨停
603799,华友钴业,2024-09-30,29.14,29.51,6.25,,,换手板,2024-10-08,32.46,32.46,8.59,,,T字板,3,断板,锂电材料+特斯拉+电池回收,成交量创历史新高+超500只个股涨停
002670,国盛证券,2024-09-30,12.0,12.44,8.5,,,换手板,2024-10-08,13.68,13.68,7.51,,,T字板,3,断板,证券+拟吸收合并国盛证券+江西国资,证券+拟吸收合并国盛证券+江西国资
000712,锦龙股份,2024-09-30,14.37,14.65,11.59,,,换手板,2024-10-08,16.12,16.12,8.87,,,T字板,3,断板,拟出售东莞证券20%股份+证券,拟出售东莞证券20%股份+证券
600906,财达证券,2024-09-30,8.02,8.03,8.82,,,换手板,2024-10-08,8.83,8.83,8.99,,,T字板,3,断板,证券+国企,证券+国企
002466,天齐锂业,2024-09-30,34.8,35.2,7.72,,,换手板,2024-10-08,38.72,38.72,8.65,,,T字板,3,断板,锂矿龙头,锂矿龙头
000032,深桑达Ａ,2024-09-30,17.0,17.31,8.8,,,换手板,2024-10-08,19.04,19.04,9.27,,,T字板,3,断板,央企+云计算+智慧交通,央企+云计算+智慧交通
002945,华林证券,2024-09-30,13.09,13.44,2.54,,,换手板,2024-10-08,14.78,14.78,1.68,,,T字板,3,断板,证券+创投,证券+创投
002368,太极股份,2024-09-30,20.43,20.53,7.9,,,换手板,2024-10-08,22.58,22.58,7.7,,,T字板,3,断板,央企+云计算+华为,成交量创历史新高+超500只个股涨停
600446,金证股份,2024-09-30,13.78,13.78,1.77,,,一字板,2024-10-08,15.16,15.16,7.78,,,T字板,3,断板,金融科技+华为+机器人,成交量创历史新高+超500只个股涨停
002868,绿康生化,2024-09-30,15.24,15.28,1.06,,,换手板,2024-10-08,16.81,16.81,0.46,,,一字板,3,断板,POE胶膜+兽药+股权转让,成交量创历史新高+超500只个股涨停
603383,顶点软件,2024-09-30,37.7,37.7,4.1,,,T字板,2024-10-08,41.47,41.47,1.34,,,一字板,3,断板,金融科技+信创,成交量创历史新高+超500只个股涨停
601865,XD福莱特,2024-09-30,19.6,20.22,2.8,,,换手板,2024-10-08,22.24,22.24,2.82,,,T字板,3,断板,超500股涨停,光伏玻璃龙头
002970,锐明技术,2024-09-30,37.35,37.35,10.47,,,T字板,2024-10-08,41.09,41.09,,,,T字板,3,断板,比亚迪+无人驾驶+商用车安全+华为鸿蒙+外销,
600030,中信证券,2024-09-30,27.2,27.2,3.24,,,T字板,2024-10-08,29.92,29.92,1.21,,,一字板,3,断板,券商业综合实力第一+高股息,券商业综合实力第一+高股息
603259,药明康德,2024-09-30,52.36,52.36,5.98,,,T字板,2024-10-08,57.6,57.6,8.35,,,T字板,3,断板,CRO龙头,CRO龙头
002500,山西证券,2024-09-30,6.47,6.6,5.43,,,换手板,2024-10-08,7.26,7.26,5.21,,,T字板,3,断板,证券+山西国资,证券+山西国资
603127,昭衍新药,2024-09-30,17.9,18.05,8.22,,,换手板,2024-10-08,19.86,19.86,7.55,,,T字板,3,断板,市场超500股涨停,成交量创历史新高+超500只个股涨停
600570,恒生电子,2024-09-30,22.87,22.87,0.65,,,一字板,2024-10-08,25.16,25.16,0.43,,,一字板,4,走到4板,金融科技+资本市场业务+鸿蒙概念,金融科技+资本市场业务+鸿蒙概念
603091,众鑫股份,2024-10-08,47.41,47.41,2.21,,,一字板,2024-10-09,52.15,52.15,48.82,,,T字板,3,断板,成交量创历史新高+超500只个股涨停,纸浆模塑餐饮具+包装+外销+次新股
002583,海能达,2024-10-08,7.34,7.34,26.38,,,T字板,2024-10-09,7.47,8.07,18.97,,,换手板,3,断板,成交量创历史新高+超500只个股涨停,对讲机终端+卫星通信+一带一路+华为汽车
002178,延华智能,2024-10-08,4.99,4.99,1.25,,,一字板,2024-10-09,5.19,5.49,,,,换手板,3,断板,成交量创历史新高+超500只个股涨停,
002816,,2024-10-08,13.64,13.66,5.73,,,换手板,2024-10-09,13.58,15.03,12.02,,,换手板,3,断板,成交量创历史新高+超500只个股涨停,半导体清洗+精密清洗设备+污水处理
002983,芯瑞达,2024-10-08,22.1,22.1,10.57,,,T字板,2024-10-09,23.0,24.31,13.94,,,换手板,3,断板,成交量创历史新高+超500只个股涨停,华为+新型显示材料+MiniLED
600611,大众交通,2024-10-08,8.58,8.61,19.92,,,换手板,2024-10-09,9.0,9.47,21.77,,,换手板,3,断板,持股国泰君安+网约车+交通运输,持股国泰君安+网约车+交通运输
002647,仁东控股,2024-10-08,6.51,6.51,14.97,,,T字板,2024-10-09,6.8,7.16,19.39,,,换手板,3,断板,成交量创历史新高+超500只个股涨停,跨境支付+第三方支付+数字货币+金融科技
600650,锦江在线,2024-10-08,14.0,14.0,10.06,,,T字板,2024-10-09,14.5,15.4,13.96,,,换手板,3,断板,成交量创历史新高+超500只个股涨停,持股国泰君安+上海国资+无人出租车+车辆营运
000536,华映科技,2024-10-08,3.65,3.65,11.91,,,T字板,2024-10-09,3.73,4.02,,,,换手板,3,断板,华为+显示面板+福建国资,
002123,梦网科技,2024-10-08,9.28,9.28,1.23,,,一字板,2024-10-09,10.21,10.21,16.44,,,T字板,3,断板,鸿蒙概念+云通信+AIGC,鸿蒙概念+云通信+AIGC
600460,士兰微,2024-10-08,24.88,24.88,1.23,,,一字板,2024-10-09,27.35,27.37,11.94,,,换手板,3,断板,芯片+第三代半导体+汽车芯片,芯片+第三代半导体+汽车芯片
002261,拓维信息,2024-10-08,18.18,18.18,1.72,,,一字板,2024-10-09,20.0,20.0,26.83,,,T字板,3,断板,成交量创历史新高+超500只个股涨停,昇腾大模型一体机+鸿蒙+信创
000158,常山北明,2024-10-08,14.51,14.51,0.92,,,一字板,2024-10-09,15.96,15.96,1.21,,,一字板,3,断板,信创+华为+国产软件+国企,信创+华为+国产软件+国企
603038,XD华立股,2024-10-14,9.64,10.0,18.57,,,换手板,2024-10-15,10.76,11.0,9.71,,,换手板,12,走到12板,拟收购尚源智能51%股权+鸿蒙概念+装修建材,拟收购尚源智能51%股权+鸿蒙概念+装修建材
002094,青岛金王,2024-10-14,3.26,3.26,17.89,,,T字板,2024-10-15,3.28,3.59,8.71,,,换手板,3,断板,跨境支付+蜡烛与香薰制品+化妆品,跨境支付+蜡烛与香薰制品+化妆品
600622,光大嘉宝,2024-10-14,2.93,2.93,1.24,,,一字板,2024-10-15,3.22,3.22,1.7,,,一字板,6,走到6板,AMC+房地产+央企+破净股,AMC+房地产+央企
600657,信达地产,2024-10-15,4.7,4.91,7.51,,,换手板,2024-10-16,4.87,5.4,6.83,,,换手板,3,断板,化债概念（AMC）+房地产+央企,化债概念（AMC）+房地产+央企
600939,重庆建工,2024-10-15,2.94,3.1,3.6,,,换手板,2024-10-16,3.41,3.41,0.86,,,一字板,4,走到4板,应收账款大于总市值+基建+西部大开发+国企,重庆国资+基建+西部大开发+应收账款占比大
600203,福日电子,2024-10-15,8.5,8.71,16.88,,,换手板,2024-10-16,8.86,9.58,32.1,,,换手板,3,断板,智能终端生产+华为+福建国资,智能终端生产+华为+福建国资
002693,双成药业,2024-10-15,18.88,19.4,16.33,,,换手板,2024-10-16,20.3,21.34,12.51,,,换手板,7,走到7板,拟收购宁波奥拉半导体+多肽药,拟收购宁波奥拉半导体+多肽药
000628,高新发展,2024-10-15,57.54,59.72,15.58,,,换手板,2024-10-16,62.0,65.69,45.89,,,换手板,3,断板,公司称将持续推进收购工作+功率半导体+国企+西部大开发,成都国资+公司称将持续推进收购工作+建筑装饰
002457,青龙管业,2024-10-15,12.89,14.19,26.34,,,换手板,2024-10-16,14.42,15.61,16.34,,,换手板,3,断板,地下管网+排水管道+新型城镇化+西部大开发,地下管网+排水管道+新型城镇化+西部大开发
600520,三佳科技,2024-10-16,26.35,26.35,2.33,,,一字板,2024-10-17,28.99,28.99,0.6,,,一字板,6,走到6板,合肥国资拟入主,合肥国资拟入主
603887,城地香江,2024-10-16,8.94,8.94,0.23,,,一字板,2024-10-17,9.83,9.83,0.48,,,一字板,6,走到6板,实控人拟变更为国务院国资委,实控人拟变更为国务院国资委+数据中心
600839,四川长虹,2024-10-17,6.91,7.37,25.22,,,换手板,2024-10-18,7.79,8.11,12.26,,,换手板,6,走到6板,四川+华为+家电+跨境支付+国企,华为+家电+跨境支付+国企+四川
000859,国风新材,2024-10-17,4.67,4.8,13.7,,,换手板,2024-10-18,4.62,5.28,12.13,,,换手板,4,走到4板,光刻胶+柔性屏+集成电路PI材料+国企,光刻胶+柔性屏+集成电路PI材料+国企
002272,川润股份,2024-10-17,6.59,7.16,34.36,,,换手板,2024-10-18,7.88,7.88,5.66,,,一字板,9,走到9板,四川+液冷服务器+华为+高端能源装备,四川+液冷服务器+华为+高端能源装备
603268,松发股份,2024-10-18,17.37,17.37,0.03,,,一字板,2024-10-21,19.11,19.11,0.06,,,一字板,14,走到14板,拟置入恒力重工100%股权+主营业务拟变更,拟置入恒力重工100%股权+主营业务拟变更
600770,综艺股份,2024-10-18,3.95,4.16,6.91,,,换手板,2024-10-21,4.58,4.58,3.03,,,T字板,4,走到4板,神州龙芯+安全芯片+创投+人工智能,神州龙芯+安全芯片+创投+人工智能
002628,成都路桥,2024-10-18,4.07,4.07,22.08,,,T字板,2024-10-21,4.4,4.48,24.51,,,换手板,5,走到5板,四川+基建+西部大开发,四川+基建+西部大开发
002456,欧菲光,2024-10-18,11.2,11.74,20.3,,,换手板,2024-10-21,12.59,12.91,10.77,,,换手板,3,断板,华为+折叠屏+摄像头模组,华为+折叠屏+摄像头模组
603602,纵横通信,2024-10-18,15.4,15.73,6.34,,,换手板,2024-10-21,17.3,17.3,1.66,,,一字板,4,走到4板,华为+低空经济+算力租赁+通信服务,华为+低空经济+算力租赁+通信服务
002851,麦格米特,2024-10-21,37.25,37.25,0.42,,,一字板,2024-10-22,40.98,40.98,1.45,,,一字板,4,走到4板,参与英伟达Blackwell GB200系统开发+AI服务器电源,参与英伟达Blackwell GB200系统开发+AI服务器电源
603117,万林物流,2024-10-21,5.42,5.42,3.87,,,T字板,2024-10-22,5.96,5.96,0.52,,,一字板,6,走到6板,进口木材供应链管理+物流+股权转让,股权转让+进口木材供应链管理+物流
002685,华东重机,2024-10-21,6.13,6.13,2.05,,,一字板,2024-10-22,6.74,6.74,0.53,,,一字板,4,走到4板,投资GPU公司+终止投建光伏项目+拟剥离数控机床业务,投资GPU公司+终止投建光伏项目+拟剥离数控机床业务
600171,上海贝岭,2024-10-21,33.9,33.9,1.16,,,一字板,2024-10-22,37.29,37.29,8.88,,,T字板,3,断板,集成电路设计+功率器件+汽车芯片+上海央企,集成电路设计+功率器件+汽车芯片+上海央企
600217,中再资环,2024-10-21,6.4,6.4,0.61,,,一字板,2024-10-22,6.99,7.04,15.5,,,换手板,3,断板,中国资源循环集团有限公司挂牌成立+固废回收+供销社,中国资源循环集团有限公司挂牌成立+固废回收+供销社
600825,新华传媒,2024-10-21,5.34,5.65,10.74,,,换手板,2024-10-22,5.65,6.22,15.26,,,换手板,3,断板,财联社注入预期+文化传媒+数字广告+上海国企,财联社注入预期+文化传媒+数字广告+上海国企
001696,宗申动力,2024-10-21,18.32,18.9,4.8,,,换手板,2024-10-22,20.79,20.79,19.31,,,T字板,3,断板,低空经济+商业航天+小型热动力机械+航空发动机,低空经济+商业航天+小型热动力机械+航空发动机
000006,深振业Ａ,2024-10-21,6.59,6.94,9.99,,,换手板,2024-10-22,6.88,7.63,5.09,,,换手板,3,断板,房地产开发+物业管理+深圳国企改革,房地产开发+物业管理+深圳国企改革
000016,深康佳A,2024-10-21,3.78,3.78,5.72,,,T字板,2024-10-22,4.16,4.16,4.81,,,T字板,3,断板,鸿蒙概念+存储芯片+AR眼镜+国企,广东+存储芯片+鸿蒙概念+AR眼镜+国企
000958,电投产融,2024-10-22,4.95,4.95,0.06,,,一字板,2024-10-23,5.45,5.45,0.06,,,一字板,10,走到10板,拟置入电投核能100%股权+并购重组+央企国企改革,拟置入电投核能100%股权+并购重组+央企国企改革
600292,电投水电,2024-10-22,6.56,6.56,0.33,,,一字板,2024-10-23,7.22,7.22,0.46,,,一字板,9,走到9板,拟收购两家水电公司+央企改革,拟收购两家水电公司+央企改革
600981,苏豪汇鸿,2024-10-22,2.42,2.5,3.38,,,换手板,2024-10-23,2.75,2.75,1.94,,,T字板,3,断板,筹划资产置换+贸易+国企改革+供应链运营,筹划资产置换+贸易+国企改革+供应链运营
002094,青岛金王,2024-10-22,4.53,4.83,29.32,,,换手板,2024-10-23,5.06,5.31,13.92,,,换手板,3,断板,跨境支付+化债概念（AMC概念）+蜡烛与香薰制品,跨境支付+化债概念（AMC概念）+蜡烛与香薰制品
601727,上海电气,2024-10-22,5.47,5.47,0.28,,,一字板,2024-10-23,6.02,6.02,7.79,,,T字板,3,断板,拟收购+拟回购+电力设备+核电,拟收购+拟回购+电力设备+核电
000676,智度股份,2024-10-22,10.41,10.86,8.0,,,换手板,2024-10-23,11.95,11.95,1.01,,,一字板,3,断板,华为广告+数字货币+数字营销+创投,华为广告+数字货币+数字营销+创投
603206,嘉环科技,2024-10-22,18.0,19.39,20.89,,,换手板,2024-10-23,21.33,21.33,14.43,,,T字板,3,断板,鸿蒙概念+信息通信技术服务+北斗卫星+ICT教育培训,鸿蒙概念+信息通信技术服务+北斗卫星+ICT教育培训
603656,泰禾智能,2024-10-22,14.41,14.41,0.5,,,一字板,2024-10-23,15.85,15.85,0.42,,,一字板,9,走到9板,AI视觉识别+机器人+机器视觉,控股股东将变更为阳光新能源+AI视觉识别+机器人+机器视觉
002583,海能达,2024-10-23,15.11,15.92,9.63,,,换手板,2024-10-24,17.5,17.51,33.42,,,换手板,8,走到8板,对讲机终端+卫星通信+一带一路+华为汽车,对讲机终端+卫星通信+一带一路+华为汽车
002134,天津普林,2024-10-23,16.0,17.23,21.11,,,换手板,2024-10-24,16.6,18.95,12.65,,,换手板,3,断板,PCB+折叠屏+大飞机+军工,PCB+折叠屏+大飞机+军工
603991,领先股份,2024-10-10,63.01,66.01,10.84,,,换手板,2024-10-24,72.61,72.61,0.28,,,一字板,6,走到6板,半导体设备+线缆用高分子材料,拟收购半导体材料供应商+半导体设备
600843,上工申贝,2024-10-24,11.41,11.41,12.34,,,T字板,2024-10-25,12.5,12.55,12.22,,,换手板,6,走到6板,碳纤维运动飞机+缝纫设备+机器人,碳纤维运动飞机+缝纫设备+机器人
000553,安道麦A,2024-10-24,7.26,7.26,2.58,,,T字板,2024-10-25,7.26,7.99,2.5,,,换手板,3,断板,控股股东为先正达+农药+央企,控股股东为先正达+农药+央企
002248,华东数控,2024-10-24,8.04,8.79,25.08,,,换手板,2024-10-25,9.23,9.67,31.13,,,换手板,4,走到4板,工业母机+新型工业化+高端装备,工业母机+新型工业化+高端装备
600198,大唐电信,2024-10-24,10.5,10.8,4.93,,,换手板,2024-10-25,11.88,11.88,0.92,,,一字板,4,走到4板,出售资产并购买大唐微电子71.79%股权+央企+低空经济+安全芯片,出售资产并购买大唐微电子71.79%股权+央企+安全芯片
600520,三佳科技,2024-10-25,48.14,48.14,7.79,,,T字板,2024-10-28,52.6,52.95,43.49,,,换手板,3,断板,合肥国资拟入主+封测,合肥国资拟入主+封测
000056,,2024-10-25,2.76,2.76,1.48,,,一字板,2024-10-28,3.04,3.04,0.58,,,一字板,3,断板,深圳+功率半导体+商业管理,深圳+功率半导体+商业管理
002654,万润科技,2024-10-25,13.53,13.53,1.77,,,一字板,2024-10-28,14.88,14.88,0.83,,,一字板,5,走到5板,深圳+控股股东战投长江存储+存储芯片,深圳+控股股东战投长江存储+存储芯片
002725,跃岭股份,2024-10-25,12.93,13.2,10.09,,,换手板,2024-10-28,14.14,14.52,37.51,,,换手板,5,走到5板,参股光芯片+铝合金车轮+碳纤维产品,参股光芯片+铝合金车轮+碳纤维产品
603887,城地香江,2024-10-25,15.88,15.88,0.49,,,一字板,2024-10-28,17.47,17.47,10.11,,,T字板,3,断板,实控人拟变更为国务院国资委+数据中心,实控人拟变更为国务院国资委+数据中心
603106,恒银科技,2024-10-25,10.41,11.92,21.39,,,换手板,2024-10-28,13.1,13.11,12.19,,,换手板,3,断板,金融信创+金融智能终端+数据安全,金融信创+金融智能终端+数据安全
600658,电子城,2024-10-25,5.35,5.7,8.84,,,换手板,2024-10-28,5.81,6.27,11.69,,,换手板,3,断板,科技产业园+北京国资+房地产,科技产业园+北京国资+房地产
002693,双成药业,2024-10-25,32.98,34.02,9.24,,,换手板,2024-10-28,36.29,37.42,35.78,,,换手板,3,断板,拟收购宁波奥拉半导体+多肽药,拟收购宁波奥拉半导体+多肽药
600653,申华控股,2024-10-25,1.88,1.88,1.62,,,一字板,2024-10-28,2.07,2.07,0.82,,,一字板,6,走到6板,汽车服务+沈阳国资+光伏+风电+低价股,并购重组预期+沈阳国资+汽车服务+新能源
603958,哈森股份,2024-10-25,12.9,13.53,14.59,,,换手板,2024-10-28,14.2,14.88,11.04,,,换手板,4,走到4板,拟收购苹果供应链公司+中高端皮鞋,拟收购苹果供应链公司+中高端皮鞋
600579,中化装备,2024-10-25,7.33,7.4,10.36,,,换手板,2024-10-28,8.0,8.14,4.48,,,换手板,3,断板,拟筹划重大资产重组+央企+机器人+专用设备,拟筹划重大资产重组+央企+机器人+专用设备
002743,富煌钢构,2024-10-25,5.3,5.3,1.66,,,一字板,2024-10-28,5.83,5.83,14.39,,,T字板,3,断板,建筑装饰+钢结构+智能制造,资产注入猜测+建筑装饰+钢结构+智能制造
000016,深康佳A,2024-10-25,4.81,4.81,1.36,,,一字板,2024-10-28,5.29,5.29,0.57,,,一字板,7,走到7板,深圳央企+存储芯片+鸿蒙概念+AR眼镜,深圳央企+存储芯片+鸿蒙概念+AR眼镜
000520,凤凰航运,2024-10-28,4.73,4.82,10.28,,,换手板,2024-10-29,5.3,5.3,2.56,,,一字板,5,走到5板,高科华烨注入猜想+航运,高科华烨注入猜想+航运
002243,力合科创,2024-10-28,8.54,8.54,0.49,,,一字板,2024-10-29,9.39,9.39,0.96,,,一字板,4,走到4板,深圳国资+创投+脑机接口+半导体+车路协同,深圳国资+创投+脑机接口+半导体+车路协同
600807,济高发展,2024-10-28,4.83,4.97,19.47,,,换手板,2024-10-29,5.01,5.47,,,,换手板,3,断板,资产注入猜测+济南国资+产业园区+体外诊断,
600635,大众公用,2024-10-28,4.18,4.18,0.45,,,一字板,2024-10-29,4.6,4.6,5.12,,,一字板,4,走到4板,创投+燃气+持有大众交通26.87%股权,创投+燃气+持有大众交通26.87%股权
600481,双良节能,2024-10-28,5.41,5.41,3.4,,,T字板,2024-10-29,5.95,5.95,1.72,,,一字板,6,走到6板,光伏+单晶硅+氢能源+液冷服务器,光伏+单晶硅+氢能源+液冷服务器
002094,青岛金王,2024-10-28,6.94,7.05,11.04,,,换手板,2024-10-29,7.76,7.76,1.46,,,一字板,6,走到6板,跨境支付+化债概念（AMC概念）+蜡烛与香薰制品,化债概念（AMC概念）+跨境支付+蜡烛与香薰制品
000917,电广传媒,2024-10-28,7.59,7.59,0.78,,,一字板,2024-10-29,8.35,8.35,1.06,,,一字板,6,走到6板,文生视频+创投+文化传媒+国企,间接投资智谱AI+创投+文化传媒+国企
000045,深纺织Ａ,2024-10-28,11.64,11.64,1.38,,,一字板,2024-10-29,12.8,12.8,13.63,,,T字板,3,断板,深圳国资+偏光片+MR,深圳国资+偏光片+MR
603985,恒润股份,2024-10-28,13.71,13.71,10.8,,,T字板,2024-10-29,14.3,15.08,14.25,,,换手板,3,断板,国企+算力+风电,国企+算力+风电
600246,万通发展,2024-10-28,11.25,11.25,3.35,,,T字板,2024-10-29,12.38,12.38,0.68,,,一字板,4,走到4板,拟收购索尔斯光电股份+房地产,拟收购索尔斯光电股份+房地产
601727,上海电气,2024-10-28,6.78,7.03,4.14,,,换手板,2024-10-29,7.73,7.73,3.88,,,T字板,4,走到4板,拟收购+电力设备+核电,拟收购宁笙实业100%股权+上海国资+电力设备
000058,深赛格,2024-10-28,8.93,8.93,1.28,,,一字板,2024-10-29,9.82,9.82,9.0,,,T字板,4,走到4板,深圳国资+电子市场流通+物业管理+光伏,深圳国资+电子市场流通+物业管理+光伏
000536,华映科技,2024-10-28,3.99,4.16,13.32,,,换手板,2024-10-29,4.58,4.58,7.29,,,T字板,10,走到10板,华为+大摩新进第8大流通股东+显示面板+福建国资,华为+大摩新进第8大流通股东+显示面板+福建国资
002912,中新赛克,2024-10-28,24.67,24.67,0.91,,,一字板,2024-10-29,27.14,27.14,7.61,,,T字板,5,走到5板,深圳国资+网络可视化+数据提取+数据安全,深圳国资+网络可视化+数据提取+数据安全
002633,申科股份,2024-10-28,10.64,10.64,0.32,,,一字板,2024-10-29,11.7,11.7,0.83,,,一字板,4,走到4板,控制权变更+厚壁滑动轴承,控制权变更+厚壁滑动轴承
600865,百大集团,2024-10-29,9.47,9.52,5.51,,,换手板,2024-10-30,10.43,10.47,2.22,,,换手板,4,走到4板,资产注入预期+零售+物业管理+高股息,三季度业绩大增+资产注入预期+零售+物业管理
002712,思美传媒,2024-10-29,5.72,5.72,0.89,,,一字板,2024-10-30,6.29,6.29,2.5,,,一字板,4,走到4板,与智谱华章合作+传媒+数字版权+四川国资,与智谱华章合作+传媒+数字版权+四川国资
600839,四川长虹,2024-10-29,13.62,13.62,11.28,,,T字板,2024-10-30,14.0,14.98,15.0,,,换手板,4,走到4板,华为+低空经济+家电+跨境支付+国企,华为+低空经济+家电+跨境支付+国企
605069,正和生态,2024-10-29,8.7,8.7,1.53,,,一字板,2024-10-30,9.31,9.57,16.79,,,换手板,3,断板,智谱合作+生态保护,智谱合作+生态保护
600439,瑞贝卡,2024-10-29,4.68,4.68,10.44,,,T字板,2024-10-30,4.9,5.15,12.57,,,换手板,4,走到4板,资产注入预期+华为昇腾+假发+外销,资产注入预期+华为昇腾+假发+外销
600178,东安动力,2024-10-29,12.68,12.68,1.58,,,一字板,2024-10-30,13.5,13.95,13.37,,,换手板,4,走到4板,中兵系+低空经济+华为智选车+增程动力发动机,中兵系+低空经济+华为智选车+增程动力发动机
002570,贝因美,2024-10-29,5.05,5.05,30.5,,,T字板,2024-10-30,5.06,5.56,21.81,,,换手板,3,断板,婴幼儿奶粉+电商,婴幼儿奶粉+电商
600203,福日电子,2024-10-29,11.36,11.68,15.36,,,换手板,2024-10-30,12.85,12.85,0.94,,,一字板,4,走到4板,消费电子+华为+福建国资+无人机,消费电子+华为+福建国资+无人机
000903,云内动力,2024-10-29,2.92,2.92,8.2,,,T字板,2024-10-30,3.17,3.21,19.0,,,换手板,4,走到4板,股权转让进展+低价股+氢能源+L4级智能配送机器人+昆明国企,下属子公司引入战投+配送机器人+氢能源+昆明国企
002312,川发龙蟒,2024-10-29,15.6,15.6,5.95,,,T字板,2024-10-30,17.16,17.16,4.47,,,T字板,4,走到4板,拟收购股权+三季报增长+磷化工+四川国资,拟收购股权+三季报增长+磷化工+四川国资
002416,爱施德,2024-10-30,13.29,13.29,0.88,,,一字板,2024-10-31,14.62,14.62,17.14,,,T字板,7,走到7板,数码分销+荣耀+苹果,荣耀+数码分销+苹果
002178,延华智能,2024-10-30,6.3,6.67,14.25,,,换手板,2024-10-31,7.34,7.34,11.11,,,T字板,3,断板,数据中心+数据要素+鸿蒙概念+智慧城市,数据中心+数据要素+鸿蒙概念+智慧城市
601996,丰林集团,2024-10-30,2.61,2.61,12.05,,,T字板,2024-10-31,2.61,2.87,22.15,,,换手板,3,断板,人造板+农业种植+创投,创投+人造板+农业种植
600363,联创光电,2024-10-30,38.7,42.48,4.93,,,换手板,2024-10-31,46.73,46.73,1.88,,,一字板,3,断板,激光反无人机产品+高温超导+核电,激光反无人机产品+高温超导+核电
600130,波导股份,2024-10-30,5.46,5.46,1.06,,,一字板,2024-10-31,6.01,6.01,1.42,,,一字板,3,断板,手机+汽车电子+参股华大北斗,手机+汽车电子+参股华大北斗
000066,中国长城,2024-10-30,13.77,14.43,4.57,,,换手板,2024-10-31,15.87,15.87,15.12,,,T字板,4,走到4板,信创+飞腾芯片+液冷服务器,信创+飞腾芯片+液冷服务器
000572,海马汽车,2024-10-30,4.39,4.83,14.4,,,换手板,2024-10-31,4.93,5.31,14.0,,,换手板,3,断板,三季报扭亏+汽车整车+无人驾驶+网约车,三季报扭亏+汽车整车+无人驾驶+网约车
002456,欧菲光,2024-10-30,16.04,16.04,1.53,,,一字板,2024-10-31,17.64,17.64,21.8,,,T字板,3,断板,华为+折叠屏+摄像头模组,扣非净利润大增+华为+折叠屏+摄像头模组
002085,万丰奥威,2024-10-31,20.69,20.69,4.88,,,T字板,2024-11-01,22.76,22.76,27.02,,,T字板,3,断板,低空经济+eVTOL+纯电动飞机+半年报增长,低空经济+eVTOL+纯电动飞机+半年报增长
002047,宝鹰股份,2024-10-31,2.81,2.81,0.95,,,一字板,2024-11-01,3.09,3.09,0.78,,,一字板,3,断板,筹划重大资产出售+建筑装饰+珠海国资+低价股,筹划重大资产出售+建筑装饰+珠海国资+低价股
000415,渤海租赁,2024-11-01,3.66,3.66,5.39,,,T字板,2024-11-04,4.03,4.03,1.11,,,一字板,5,走到5板,三季报增长+低空经济+租赁,低空经济+租赁+三季报增长
002428,云南锗业,2024-11-01,19.35,21.29,14.51,,,换手板,2024-11-04,23.42,23.42,26.84,,,T字板,4,走到4板,锗+半导体材料+第三代半导体,筹划子公司整合及增资扩股+锗+半导体材料+第三代半导体
000010,美丽生态,2024-11-01,2.82,2.82,29.11,,,T字板,2024-11-04,2.77,3.1,19.14,,,换手板,3,断板,第三季度业绩大增+园林绿化+水利+低价微盘股,第三季度业绩大增+园林绿化+水利+低价股
000795,英洛华,2024-11-01,8.23,8.23,1.05,,,一字板,2024-11-04,9.05,9.05,1.15,,,一字板,7,走到7板,拟收购+稀土永磁+三季报增长,拟收购+稀土永磁+三季报增长
600221,海航控股,2024-11-01,1.52,1.52,3.94,,,T字板,2024-11-04,1.6,1.67,7.03,,,换手板,6,走到6板,三季报大增+航空业市场复苏+低价股,三季报大增+航空业市场复苏+低价股
603666,亿嘉和,2024-11-01,21.35,22.59,12.05,,,换手板,2024-11-04,24.6,24.85,5.72,,,换手板,5,走到5板,子公司股权重组+人形机器人+多模态AI+低空经济,子公司股权重组+人形机器人+多模态AI+低空经济
002513,蓝丰生化,2024-11-01,5.29,5.69,18.82,,,换手板,2024-11-04,5.66,6.26,15.26,,,换手板,6,走到6板,控股股东变更+转型经验丰富+农药,控股股东变更+转型经验丰富+农药
603196,璞源材料,2024-11-01,12.74,12.74,0.12,,,一字板,2024-11-04,14.01,14.01,0.09,,,一字板,5,走到5板,拟购买茵地乐71%股权+服装+三胎,拟购买茵地乐71%股权+服装+三胎
002765,蓝黛科技,2024-11-01,7.69,7.69,9.4,,,T字板,2024-11-04,8.46,8.46,2.53,,,一字板,7,走到7板,低空经济+三季报增长+动力传动+触控显示,低空经济+减速器+动力传动+三季报增长
603117,万林物流,2024-11-04,7.34,8.72,18.69,,,换手板,2024-11-05,9.0,9.59,,,,换手板,3,断板,前一交易日走出地天板+三季报增长+股权转让+物流,
000716,黑芝麻,2024-11-04,5.08,5.37,19.31,,,换手板,2024-11-05,5.8,5.91,8.03,,,换手板,6,走到6板,食品+农业种植+锂电池,黑芝麻糊+农业种植+锂电池
603859,能科科技,2024-11-04,24.22,24.9,4.4,,,换手板,2024-11-05,27.39,27.39,0.5,,,一字板,4,走到4板,近期签大模型应用合同+华为概念+核电+新型工业化,华为概念+军工信息化+商业航天+近期签大模型应用合同
002178,延华智能,2024-11-05,8.0,8.0,6.5,,,T字板,2024-11-06,8.8,8.8,0.98,,,一字板,4,走到4板,数据中心+数据要素+鸿蒙概念+智慧城市,鸿蒙概念+数据中心+数据要素+智慧城市
603030,全筑股份,2024-11-05,2.62,2.85,6.95,,,换手板,2024-11-06,2.96,3.14,9.69,,,换手板,3,断板,机器人+住宅装修+低价股+摘帽,机器人+住宅装修+低价股+摘帽
002892,科力尔,2024-11-05,15.03,15.03,0.77,,,一字板,2024-11-06,16.53,16.53,1.42,,,一字板,3,断板,机器人+华为+电机+新型工业化,机器人+华为+电机+新型工业化
600619,海立股份,2024-11-05,13.99,13.99,0.57,,,一字板,2024-11-06,15.39,15.39,11.18,,,T字板,5,走到5板,空调压缩机+光刻机+汽车热管理+上海国资,光刻机+上海电气控股+空调压缩机+上海国资
600363,联创光电,2024-11-05,56.16,56.16,0.35,,,一字板,2024-11-06,61.78,61.78,1.07,,,一字板,3,断板,激光反无人机产品+军工+核电,激光反无人机产品+军工+核电
603366,日出东方,2024-11-05,5.09,5.39,6.46,,,换手板,2024-11-06,5.93,5.93,9.66,,,T字板,5,走到5板,家用电器+光伏+储能,液冷超充+华为+光伏+储能
601727,上海电气,2024-11-05,9.65,9.8,2.5,,,换手板,2024-11-06,10.78,10.78,0.43,,,一字板,3,断板,拟收购宁笙实业100%股权+上海微电子+上海国资+AMC,拟收购宁笙实业100%股权+上海微电子+上海国资+AMC
603679,华体科技,2024-11-05,16.5,17.52,4.43,,,换手板,2024-11-06,19.27,19.27,0.98,,,一字板,3,断板,低空经济+华为+车联网+智慧灯杆,低空经济+华为+液冷超充+智慧灯杆
002247,聚力文化,2024-11-05,3.04,3.14,6.77,,,换手板,2024-11-06,3.45,3.45,1.77,,,一字板,3,断板,实控人名下资产注入猜测+装饰纸+三季报扭亏+低价股,实控人名下资产注入猜测+装饰纸+三季报扭亏+低价股
002403,爱仕达,2024-11-05,9.54,9.54,0.95,,,一字板,2024-11-06,10.49,10.49,1.54,,,一字板,3,断板,工业机器人+三季报扭亏+小家电+网络直播,工业机器人+三季报扭亏+小家电+网络直播
600629,华建集团,2024-11-05,7.67,7.67,0.69,,,一字板,2024-11-06,8.44,8.44,0.45,,,一字板,3,断板,上海微电子相关+工程建筑+创投+上海国资,上海微电子相关+工程建筑+创投+上海国资
603955,大千生态,2024-11-06,11.65,11.65,0.26,,,一字板,2024-11-07,12.82,12.82,0.27,,,一字板,8,走到8板,实控人拟变更+生态景观+城市更新,实控人拟变更+生态景观+城市更新
000564,供销大集,2024-11-06,2.16,2.38,7.52,,,换手板,2024-11-07,2.4,2.62,2.68,,,换手板,4,走到4板,海航系+海南自贸区+供销社+零售+低价股,海航系+海南自贸区+供销社+零售+低价股
002146,荣盛发展,2024-11-06,2.16,2.17,8.67,,,换手板,2024-11-07,2.39,2.39,0.94,,,一字板,3,断板,房地产+低价股+低空经济+新能源汽车,房地产+低价股+低空经济+新能源汽车
000605,渤海股份,2024-11-06,6.68,6.68,1.6,,,一字板,2024-11-07,7.35,7.35,16.46,,,T字板,4,走到4板,污水处理+天津国资,天津水务集团资产注入猜想+污水处理+天津国资
002945,华林证券,2024-11-06,15.24,15.24,0.58,,,一字板,2024-11-07,14.9,16.76,4.34,,,换手板,3,断板,证券+字节+创投+三季报增长,证券+字节+创投+三季报增长
002285,世联行,2024-11-06,3.64,3.64,14.09,,,T字板,2024-11-07,3.66,4.0,15.89,,,换手板,3,断板,AMC+房地产服务+互联网金融+珠海国资,AMC+房地产服务+互联网金融+珠海国资
000620,盈新发展,2024-11-06,2.06,2.2,6.9,,,换手板,2024-11-07,2.24,2.42,4.59,,,换手板,3,断板,房地产+文旅景区开发+摘星脱帽+低价股,房地产+文旅景区开发+低价股
002387,维信诺,2024-11-06,11.12,11.12,2.09,,,T字板,2024-11-07,12.23,12.23,10.16,,,T字板,3,断板,华为+小米+折叠屏+AMOLED+资产重组,华为+小米+折叠屏+AMOLED+资产重组
002086,东方海洋,2024-11-07,3.0,3.0,5.23,,,T字板,2024-11-08,3.3,3.3,19.39,,,T字板,3,断板,水产品加工+体外诊断+完成重整,完成重整+低价股+水产品加工+体外诊断
002348,高乐股份,2024-11-07,3.49,3.72,10.5,,,换手板,2024-11-08,3.92,4.09,14.94,,,换手板,3,断板,固态电池+玩具+互联网教育,固态电池+玩具+互联网教育
600841,动力新科,2024-11-07,6.06,6.06,9.77,,,T字板,2024-11-08,6.28,6.67,4.31,,,换手板,3,断板,无人驾驶+上汽红岩重整传闻+换电+上海国资,无人驾驶+上汽红岩重整传闻+换电+上海国资
600692,亚通股份,2024-11-07,7.53,7.91,12.21,,,换手板,2024-11-08,8.7,8.7,36.5,,,T字板,3,断板,房地产+创投+出租车业务+上海国资,房地产+创投+出租车业务+上海国资
000066,中国长城,2024-11-07,18.29,20.33,26.78,,,换手板,2024-11-08,21.0,22.36,16.34,,,换手板,3,断板,飞腾芯片+信创+液冷服务器,信创+飞腾芯片+液冷服务器
600210,紫江企业,2024-11-07,7.72,7.72,1.31,,,一字板,2024-11-08,8.49,8.49,1.69,,,一字板,4,走到4板,固态电池+低空经济+三季报净利增长+包装,固态电池+低空经济+三季报净利增长+包装
002510,天汽模,2024-11-07,6.13,6.13,1.19,,,一字板,2024-11-08,6.74,6.74,1.4,,,一字板,5,走到5板,特斯拉概念+小米汽车+飞行汽车,特斯拉概念+小米汽车+飞行汽车
600654,中安科,2024-11-08,3.33,3.33,1.32,,,一字板,2024-11-11,3.66,3.66,0.47,,,一字板,3,断板,信创+算力+网络安全+智能安防+外销,算力+智能安防+网络安全+外销
600206,有研新材,2024-11-08,14.62,14.62,0.8,,,一字板,2024-11-11,16.08,16.08,8.89,,,T字板,5,走到5板,固态电池+稀土永磁+电子薄膜+央企,靶材+中芯国际概念+电子薄膜+固态电池
002374,中锐股份,2024-11-08,3.5,3.5,13.55,,,T字板,2024-11-11,3.53,3.85,3.69,,,换手板,3,断板,白酒+包装印刷+污水处理+化债收益,白酒+包装印刷+污水处理+化债收益
601828,美凯龙,2024-11-08,4.0,4.0,2.72,,,T字板,2024-11-11,4.4,4.4,0.34,,,一字板,3,断板,新零售+低价破净股+装修建材+国企改革,新零售+低价破净股+装修建材+国企改革
600518,康美药业,2024-11-08,2.57,2.57,12.34,,,T字板,2024-11-11,2.69,2.83,12.8,,,换手板,3,断板,中药+摘帽+低价股,中药+摘帽+低价股
000557,西部创业,2024-11-08,6.26,6.26,0.27,,,一字板,2024-11-11,6.89,6.89,7.88,,,T字板,3,断板,实控人拟变更+铁路运输+宁夏国企,实控人拟变更+铁路运输+宁夏国企
603918,金桥信息,2024-11-11,14.68,15.17,9.6,,,换手板,2024-11-12,16.69,16.69,1.41,,,一字板,4,走到4板,智慧法院+化债(AMC概念）+蚂蚁+华为,蚂蚁+智慧法院+化债(AMC概念）+华为
002165,红宝丽,2024-11-11,4.91,4.91,1.63,,,一字板,2024-11-12,5.4,5.4,1.57,,,一字板,3,断板,光刻胶+环氧丙烷衍生品+聚氨酯,光刻胶+环氧丙烷衍生品+聚氨酯
000833,粤桂股份,2024-11-12,8.66,8.66,28.76,,,T字板,2024-11-13,9.02,9.53,5.18,,,换手板,11,走到11板,锂电池+机制糖+光伏+广东国资,锂电池+机制糖+光伏+广东国资
002402,和而泰,2024-11-12,15.53,15.53,1.04,,,一字板,2024-11-13,17.08,17.08,1.61,,,一字板,4,走到4板,参股摩尔线程+智能控制器,参股摩尔线程+智能控制器
603366,日出东方,2024-11-13,7.15,7.98,12.75,,,换手板,2024-11-14,8.3,8.78,9.31,,,换手板,5,走到5板,液冷超充+华为+光伏+储能,液冷超充+华为+光伏+储能
600654,中安科,2024-11-14,4.25,4.28,9.33,,,换手板,2024-11-15,4.3,4.71,22.28,,,换手板,4,走到4板,算力+智能安防+网络安全+外销,算力+智能安防+网络安全+外销
002657,中科金财,2024-11-14,22.39,23.22,34.54,,,换手板,2024-11-15,25.54,25.54,3.92,,,一字板,4,走到4板,算力租赁+AMC+金融科技+接入智谱,算力租赁+AMC+金融科技+接入智谱
600826,XD兰生股,2024-11-14,9.21,9.21,7.94,,,T字板,2024-11-15,9.21,10.13,5.46,,,换手板,4,走到4板,参股券商+上海国资+会展,参股券商+会展+上海国资
002469,三维化学,2024-11-14,6.8,7.26,24.81,,,换手板,2024-11-15,7.41,7.99,15.6,,,换手板,4,走到4板,氢能源+正丙醇+石化+高股息,正丙醇+氢能源+石化+高股息
002611,东方精工,2024-11-15,8.21,8.79,15.48,,,换手板,2024-11-18,9.67,9.67,1.24,,,一字板,8,走到8板,机器人+英伟达概念+智能物流+瓦楞纸包装装备,机器人+英伟达概念+智能物流+瓦楞纸包装装备
000880,潍柴重机,2024-11-15,11.95,13.28,28.08,,,换手板,2024-11-18,13.28,14.61,43.53,,,换手板,3,断板,柴油机零部件+船舶动力+国企,柴油机零部件+船舶动力+国企
002757,南兴股份,2024-11-15,16.48,16.48,2.24,,,一字板,2024-11-18,18.13,18.13,1.64,,,一字板,3,断板,小鹭AIGC智能助手+云计算+华为+高股息,小鹭AIGC智能助手+云计算+华为+高股息
000973,佛塑科技,2024-11-15,6.27,6.27,0.4,,,一字板,2024-11-18,6.9,6.9,0.2,,,一字板,7,走到7板,拟购买金力股份100%股份+AI眼镜+广东国资,拟购买金力股份100%股份+AI眼镜+广东国资
002045,国光电器,2024-11-18,16.14,17.25,26.7,,,换手板,2024-11-19,17.71,18.98,31.11,,,换手板,4,走到4板,音响+AI+锂电池+虚拟现实,音响+AI+锂电池+虚拟现实
600800,渤海化学,2024-11-18,3.02,3.3,5.98,,,换手板,2024-11-19,3.36,3.63,2.91,,,换手板,7,走到7板,国企+低价股+丙烯+芯片概念,丙烯+芯片概念+天津国资+低价股
002344,海宁皮城,2024-11-18,4.76,4.76,0.37,,,一字板,2024-11-19,5.24,5.24,0.46,,,一字板,5,走到5板,控股股东拟发生变更+皮革+破净股,控股股东拟发生变更+皮革+破净股
603955,大千生态,2024-11-19,24.99,27.49,38.71,,,换手板,2024-11-20,28.88,30.24,15.86,,,换手板,4,走到4板,实控人拟变更+生态景观+城市更新,实控人拟变更+生态景观+城市更新
000949,新乡化纤,2024-11-19,4.1,4.52,14.0,,,换手板,2024-11-20,4.67,4.97,8.47,,,换手板,3,断板,低市净率+化纤+国企,低市净率+化纤+国企
603004,鼎龙科技,2024-11-19,23.16,23.16,12.72,,,T字板,2024-11-20,25.48,25.48,2.87,,,一字板,4,走到4板,次新股+PBO单体+染发剂原料+外销,次新股+PBO单体+染发剂原料+外销
000605,渤海股份,2024-11-19,9.24,10.16,13.56,,,换手板,2024-11-20,11.18,11.18,3.82,,,T字板,5,走到5板,天津水务集团资产注入猜想+污水处理+天津国资,天津水务集团资产注入猜想+污水处理+天津国资
000801,四川九洲,2024-11-19,14.64,14.64,2.53,,,一字板,2024-11-20,16.1,16.1,14.07,,,T字板,6,走到6板,低空经济+军工信息化+绵阳国资+四川,低空经济+军工信息化+绵阳国资+四川
605028,世茂能源,2024-11-19,19.5,22.62,5.42,,,换手板,2024-11-20,24.88,24.88,0.59,,,一字板,3,断板,热电联产+终止购买股权+光伏+固废处理,热电联产+终止购买股权+光伏+固废处理
002161,远望谷,2024-11-20,6.17,6.3,9.8,,,换手板,2024-11-21,6.6,6.93,22.17,,,换手板,4,走到4板,股权转让+三季报增长+RFID标签芯片+电子身份证,股权转让+三季报增长+RFID标签芯片+电子身份证
002095,生意宝,2024-11-20,16.8,17.74,9.45,,,换手板,2024-11-21,19.51,19.51,1.0,,,一字板,5,走到5板,电子商务+互联网金融+跨境电商,电子商务+互联网金融+跨境电商
603527,众源新材,2024-11-20,10.19,10.19,1.98,,,一字板,2024-11-21,11.21,11.21,0.91,,,一字板,5,走到5板,固态电池+电池托盘+紫铜带箔材+供货奇瑞,固态电池+电池托盘+紫铜带箔材+供货奇瑞
603015,弘讯科技,2024-11-20,9.65,9.65,3.2,,,一字板,2024-11-21,10.62,10.62,1.12,,,一字板,6,走到6板,机器人+工业互联网+核聚变电源,机器人+工业互联网+核聚变电源
600288,大恒科技,2024-11-20,9.67,9.67,0.99,,,一字板,2024-11-21,10.64,10.64,0.59,,,一字板,4,走到4板,机器视觉+机器人+华为手机,机器视觉+机器人+华为手机
600650,锦江在线,2024-11-20,17.9,17.9,10.51,,,T字板,2024-11-21,19.38,19.69,18.62,,,换手板,4,走到4板,无人出租车+上海国资+持股国泰君安,无人出租车+上海国资+持股国泰君安
600470,六国化工,2024-11-20,5.61,5.9,5.16,,,换手板,2024-11-21,6.49,6.49,1.38,,,一字板,5,走到5板,磷化工+化肥,磷化工+化肥
002693,双成药业,2024-11-20,27.26,27.26,1.33,,,一字板,2024-11-21,29.99,29.99,16.95,,,T字板,3,断板,拟收购宁波奥拉半导体+多肽药,拟收购宁波奥拉半导体+多肽药
001229,魅视科技,2024-11-20,32.4,32.4,15.96,,,T字板,2024-11-21,35.64,35.64,2.66,,,一字板,7,走到7板,AI体感控制调度技术+视音频+车联网+信创,AI体感控制调度技术+视音频+车联网+信创
002403,爱仕达,2024-11-20,11.9,12.67,8.1,,,换手板,2024-11-21,13.94,13.94,26.4,,,T字板,5,走到5板,工业机器人+小家电+网络直播,工业机器人+小家电+网络直播
002103,广博股份,2024-11-21,8.01,8.76,26.63,,,换手板,2024-11-22,8.95,9.64,29.22,,,换手板,9,走到9板,IP产品+广告营销+跨境电商,IP产品+广告营销+跨境电商
002761,浙江建投,2024-11-21,11.47,11.47,0.32,,,一字板,2024-11-22,12.62,12.62,0.78,,,一字板,3,断板,拟近13亿收购资产加码主业+浙江国资+大基建+一带一路,拟近13亿收购资产加码主业+浙江国资+大基建+一带一路
002467,二六三,2024-11-21,5.52,5.52,22.29,,,T字板,2024-11-22,5.75,6.07,11.84,,,换手板,7,走到7板,视频技术+AIGC+虚拟数字人,AI应用+虚拟数字人+企业邮箱
002127,南极电商,2024-11-21,3.62,3.89,4.83,,,换手板,2024-11-22,4.28,4.28,17.49,,,T字板,3,断板,营销+零售+电子商务,电子商务+营销+零售
002741,光华科技,2024-11-21,17.63,17.63,1.33,,,一字板,2024-11-22,19.39,19.39,1.45,,,一字板,5,走到5板,硫化物固态锂金属电池+锂电池材料+光刻胶+PCB化学品,硫化物固态锂金属电池+锂电池材料+光刻胶+PCB化学品
003036,泰坦股份,2024-11-21,10.57,11.25,2.81,,,换手板,2024-11-22,12.38,12.38,1.1,,,一字板,4,走到4板,高端纺织机械设备+近年来收购了2家公司,高端纺织机械设备+近年来收购了2家公司
002862,实丰文化,2024-11-21,27.09,27.09,0.74,,,一字板,2024-11-22,29.8,29.8,1.92,,,一字板,6,走到6板,宝可梦IP+玩具+机器人+光伏+充电桩,宝可梦IP+玩具+机器人+光伏+充电桩
600405,动力源,2024-11-22,5.42,5.42,8.69,,,T字板,2024-11-25,5.8,5.96,35.51,,,换手板,3,断板,液冷充电桩+AI服务器电源+华为,液冷充电桩+AI服务器电源+华为
002155,湖南黄金,2024-11-22,18.4,18.4,3.11,,,一字板,2024-11-25,20.24,20.24,0.93,,,一字板,4,走到4板,湖南万古金矿田探矿获重大突破+国企,湖南万古金矿田探矿获重大突破
000573,粤宏远Ａ,2024-11-22,3.23,3.54,25.9,,,换手板,2024-11-25,3.73,3.89,30.6,,,换手板,3,断板,房地产开发+煤矿+储能+资源回收,房地产开发+煤矿+储能+资源回收
600979,广安爱众,2024-11-22,4.29,4.59,23.4,,,换手板,2024-11-25,4.6,5.05,20.05,,,换手板,3,断板,“丝绸云谷”算力项目+电力+国企改革,水电气+国企改革+“丝绸云谷”算力项目
600105,永鼎股份,2024-11-22,6.05,6.05,6.0,,,一字板,2024-11-25,6.46,6.66,29.19,,,换手板,3,断板,可控核聚变+超导+光模块+光缆电缆,可控核聚变+超导+光模块+光缆电缆
600410,华胜天成,2024-11-22,6.74,6.92,24.17,,,换手板,2024-11-25,7.61,7.61,2.06,,,一字板,8,走到8板,AI应用+信创+华为昇腾+创投,AI应用+信创+华为昇腾+创投
002054,德美化工,2024-11-25,6.6,6.92,3.5,,,换手板,2024-11-26,7.61,7.61,1.35,,,一字板,3,断板,化工+合成生物+纺织皮革化学品+抗病毒面料,量子科技+化工+合成生物+纺织皮革化学品
002820,桂发祥,2024-11-25,9.85,10.85,23.18,,,换手板,2024-11-26,11.4,11.94,8.64,,,换手板,9,走到9板,休闲食品+国企,休闲食品+国企
600615,鑫源智造,2024-11-25,13.41,13.41,0.93,,,一字板,2024-11-26,14.75,14.75,2.72,,,一字板,3,断板,拟受赠鑫源农机51%股权+实控人变更+镁/铝合金制品,拟受赠鑫源农机51%股权+实控人变更+镁/铝合金制品
603803,瑞斯康达,2024-11-26,8.87,8.87,0.91,,,一字板,2024-11-27,9.76,9.76,18.17,,,T字板,3,断板,布局硅光芯片+光模块+数据中心+车联网,布局硅光芯片+光模块+数据中心+车联网
600628,新世界,2024-11-26,7.51,8.27,8.73,,,换手板,2024-11-27,8.18,9.1,13.7,,,换手板,6,走到6板,零售+冰雪产业+上海国资,IP经济+零售+冰雪产业+上海国资
000712,锦龙股份,2024-11-27,14.94,16.3,12.57,,,换手板,2024-11-28,17.69,17.93,23.36,,,换手板,4,走到4板,证券+转让中山证券股权,证券+转让中山证券股权
605179,一鸣食品,2024-11-27,11.22,12.23,8.62,,,换手板,2024-11-28,11.88,13.45,9.25,,,换手板,3,断板,乳品+电商+冷链物流,乳品+电商+冷链物流
600327,大东方,2024-11-27,6.6,6.6,6.11,,,T字板,2024-11-28,7.26,7.26,1.43,,,一字板,4,走到4板,“东方系”+百货零售+医疗健康+老字号,“东方系”+百货零售+医疗健康+老字号
000753,漳州发展,2024-11-27,4.36,4.36,20.85,,,T字板,2024-11-28,4.48,4.8,16.12,,,换手板,7,走到7板,拟收购两家企业股权+漳州国资+光伏,拟收购两家企业股权+漳州国资+光伏
603660,苏州科达,2024-11-27,9.17,9.19,11.04,,,换手板,2024-11-28,10.11,10.11,0.57,,,一字板,3,断板,量子科技+视频科技+服务器+智慧交通,量子科技+视频科技+服务器+智慧交通
002301,齐心集团,2024-11-27,6.58,7.47,10.06,,,换手板,2024-11-28,8.22,8.22,1.05,,,一字板,5,走到5板,IP文创+办公物资集采+跨境电商,深圳+IP文创+办公物资集采+跨境电商
002593,日上集团,2024-11-28,4.05,4.07,9.12,,,换手板,2024-11-29,3.98,4.48,39.84,,,换手板,4,走到4板,汽车车轮+车联网+钢结构+华为,汽车车轮+车联网+钢结构+华为
001209,洪兴股份,2024-11-28,17.73,17.73,2.31,,,一字板,2024-11-29,19.39,19.5,54.85,,,换手板,6,走到6板,IP经济+家居服饰+跨境电商+三胎,IP经济+家居服饰+跨境电商+三胎
002131,利欧股份,2024-11-28,3.29,3.34,30.09,,,换手板,2024-11-29,3.67,3.67,3.13,,,一字板,7,走到7板,营销+TikTok+华为鲸鸿,营销+TikTok+华为鲸鸿
002640,跨境通,2024-11-28,4.08,4.24,46.08,,,换手板,2024-11-29,4.18,4.66,18.75,,,换手板,7,走到7板,跨境电商+重整预期+三胎概念,跨境电商+重整预期+三胎概念
002526,山东矿机,2024-11-28,3.12,3.27,13.92,,,换手板,2024-11-29,3.6,3.6,2.64,,,一字板,8,走到8板,低空无人机+机器人+煤炭机械设备,低空无人机+机器人+煤炭机械设备
003042,中农联合,2024-11-29,17.37,17.97,9.0,,,换手板,2024-12-02,19.21,19.77,6.43,,,换手板,3,断板,供销社+农药原药+中俄贸易,供销社+农药原药+中俄贸易
000564,供销大集,2024-11-29,3.09,3.33,12.19,,,换手板,2024-12-02,3.35,3.66,10.96,,,换手板,3,断板,供销社+15.11亿收购股权+海航系+零售,海航系+供销社+15.11亿收购股权+零售
600589,大位科技,2024-11-29,5.12,5.47,9.69,,,换手板,2024-12-02,5.65,6.02,4.83,,,换手板,3,断板,数据中心+完成重整,数据中心+完成重整
003040,楚天龙,2024-11-29,15.89,16.67,9.69,,,换手板,2024-12-02,17.67,18.34,25.0,,,换手板,3,断板,量子科技+AI++数字货币+数据安全,量子科技+AI++数字货币+数据安全
002482,广田集团,2024-11-29,2.18,2.27,4.06,,,换手板,2024-12-02,2.5,2.5,0.65,,,一字板,5,走到5板,深圳国资+重整完成+低价股+建筑装饰,深圳国资+重整完成+低价股+建筑装饰
000716,黑芝麻,2024-11-29,8.07,8.07,10.83,,,一字板,2024-12-02,8.88,8.88,23.75,,,T字板,4,走到4板,黑芝麻糊+农业种植+锂电池,黑芝麻糊+农业种植+锂电池
002347,泰尔股份,2024-11-29,5.85,6.22,28.05,,,换手板,2024-12-02,6.84,6.84,2.66,,,一字板,9,走到9板,神经网络+机器人+商业航天+高端装备,神经网络+机器人+商业航天+高端装备
603667,五洲新春,2024-12-02,19.89,20.12,10.03,,,换手板,2024-12-03,21.23,22.13,7.75,,,换手板,6,走到6板,人形机器人+汽车零部件+特斯拉,人形机器人+汽车零部件+特斯拉
002520,日发精机,2024-12-02,6.22,6.22,1.71,,,一字板,2024-12-03,6.84,6.84,1.66,,,一字板,6,走到6板,人形机器人+工业母机+万丰奥威+减速器,人形机器人+工业母机+万丰奥威+减速器
603278,大业股份,2024-12-02,8.69,8.69,0.68,,,一字板,2024-12-03,9.56,9.56,0.91,,,一字板,6,走到6板,轮胎+灵巧手+拟投建摩洛哥生产基地,轮胎+灵巧手+拟投建摩洛哥生产基地
000619,海螺新材,2024-12-02,6.46,6.79,20.84,,,换手板,2024-12-03,6.87,7.47,15.13,,,换手板,3,断板,光伏+装修建材+智能家居+安徽国资,光伏+装修建材+智能家居+安徽国资
600382,广东明珠,2024-12-02,5.0,5.16,8.85,,,换手板,2024-12-03,5.62,5.68,4.09,,,换手板,3,断板,成立无人机公司+铁矿+白酒+高股息,成立无人机公司+铁矿+白酒+高股息
603583,捷昌驱动,2024-12-02,23.7,24.85,8.2,,,换手板,2024-12-03,26.1,27.34,18.14,,,换手板,3,断板,人形机器人+智能家居,人形机器人+智能家居
002031,巨轮智能,2024-12-02,5.15,5.15,1.74,,,一字板,2024-12-03,5.67,5.67,0.94,,,一字板,5,走到5板,人形机器人+RV减速器+轮胎模具,人形机器人+RV减速器+轮胎模具
600979,广安爱众,2024-12-02,5.09,5.19,14.87,,,换手板,2024-12-03,5.09,5.71,22.1,,,换手板,3,断板,水电气+国企改革+“丝绸云谷”算力项目,水电气+国企改革+“丝绸云谷”算力项目
600356,恒丰纸业,2024-12-02,9.1,9.1,1.18,,,一字板,2024-12-03,10.01,10.01,24.61,,,T字板,3,断板,拟收购锦丰纸业100%股权+复牌+烟草工业用纸+国企,拟收购锦丰纸业100%股权+复牌+烟草工业用纸+国企
002269,美邦服饰,2024-12-02,2.11,2.22,9.73,,,换手板,2024-12-03,2.33,2.44,23.5,,,换手板,3,断板,服装+创始人带货+低价股,服装+创始人带货+低价股
002195,岩山科技,2024-12-03,4.29,4.46,8.96,,,换手板,2024-12-04,4.91,4.91,,,,T字板,4,走到4板,大模型+无人驾驶+脑机接口+互联网信息,
002265,建设工业,2024-12-03,13.78,13.78,2.11,,,一字板,2024-12-04,15.16,15.16,14.82,,,T字板,5,走到5板,机器人概念+中兵系+汽车零部件+购买股权,机器人+无人驾驶+中兵系+购买股权
000056,,2024-12-03,3.2,3.33,8.3,,,换手板,2024-12-04,3.66,3.66,2.08,,,一字板,5,走到5板,深圳+功率半导体+不动产运营管理,功率半导体+不动产运营管理+深圳
000008,神州高铁,2024-12-03,2.97,3.06,6.59,,,换手板,2024-12-04,3.37,3.37,1.47,,,一字板,4,走到4板,高铁+机器人+教育+央企,高铁+机器人+教育+央企
605179,一鸣食品,2024-12-03,16.32,17.91,4.83,,,换手板,2024-12-04,18.0,19.7,5.12,,,换手板,8,走到8板,乳品+电商+冷链物流,乳品+电商+冷链物流
001222,源飞宠物,2024-12-03,16.71,17.35,7.72,,,换手板,2024-12-04,18.22,19.09,35.37,,,换手板,3,断板,宠物用品+跨境电商+外销,宠物用品+跨境电商+外销
600796,钱江生化,2024-12-04,6.09,6.42,22.06,,,换手板,2024-12-05,6.03,7.06,26.25,,,换手板,5,走到5板,农药+合成生物+污水处理+国企,农药+合成生物+污水处理+国企
600172,黄河旋风,2024-12-04,4.59,4.59,11.31,,,T字板,2024-12-05,5.05,5.05,3.75,,,一字板,5,走到5板,超高压合成装备+培育钻石+国企,超高压合成装备+培育钻石+国企
603121,华培动力,2024-12-04,10.88,10.88,1.34,,,一字板,2024-12-05,11.97,11.97,16.63,,,T字板,3,断板,汽车零部件+传感器+汽车芯片+氢能源,汽车零部件+传感器+汽车芯片+氢能源
002593,日上集团,2024-12-05,5.31,5.64,7.8,,,换手板,2024-12-06,6.2,6.2,16.95,,,T字板,7,走到7板,汽车车轮+车联网+钢结构+华为,汽车车轮+车联网+钢结构+华为
000981,山子高科,2024-12-05,2.19,2.31,10.01,,,换手板,2024-12-06,2.54,2.54,0.87,,,一字板,5,走到5板,原控股股东重整+先进封装+无人驾驶+高端装备,原控股股东重整+先进封装+无人驾驶+低价股
603270,金帝股份,2024-12-05,23.63,24.77,41.46,,,换手板,2024-12-06,27.25,27.25,25.73,,,T字板,3,断板,汽车零部件+风电+轴承,机器人+汽车零部件+风电
000903,云内动力,2024-12-05,4.1,4.47,19.36,,,换手板,2024-12-06,4.5,4.92,13.29,,,换手板,3,断板,配送机器人+下属子公司引入战投+氢能源+昆明国企,配送机器人+下属子公司引入战投+氢能源+昆明国企
600503,华丽家族,2024-12-05,3.16,3.16,4.16,,,T字板,2024-12-06,3.48,3.48,0.96,,,一字板,3,断板,机器人+房地产+石墨烯+低价股,石墨烯+机器人+房地产
605006,山东玻纤,2024-12-05,6.25,6.74,8.48,,,换手板,2024-12-06,6.72,7.41,9.4,,,换手板,7,走到7板,玻璃纤维+涨价+热电+山东国资,玻璃纤维+涨价+热电+山东国资
603776,永安行,2024-12-06,19.02,19.02,0.13,,,一字板,2024-12-09,20.92,20.92,0.26,,,一字板,3,断板,拟购上海联适65%股份+农机+两轮车,拟购上海联适65%股份+农机+两轮车
002530,金财互联,2024-12-06,10.5,10.96,15.67,,,换手板,2024-12-09,12.05,12.06,20.31,,,换手板,4,走到4板,Sora概念+欣智悦财税大模型+机器人+财税数字化,财税大模型+财税数字化+机器人
603859,能科科技,2024-12-06,35.0,37.31,11.07,,,换手板,2024-12-09,38.81,41.04,22.64,,,换手板,3,断板,AI Agent+军工信息化+数字化解决方案,AI Agent+军工信息化+数字化解决方案
000717,中南股份,2024-12-06,3.41,3.48,15.14,,,换手板,2024-12-09,3.47,3.83,17.43,,,换手板,3,断板,机器人+钢铁+国企(中国宝武旗下),机器人+钢铁+国企(中国宝武旗下)
002354,天娱数科,2024-12-06,6.18,6.18,1.56,,,一字板,2024-12-09,6.8,6.8,0.68,,,一字板,4,走到4板,文生视频+AI营销+抖音概念,文生视频+AI营销+抖音概念
600868,梅雁吉祥,2024-12-06,2.86,3.03,11.9,,,换手板,2024-12-09,3.33,3.33,3.07,,,一字板,3,断板,锑+氢能源+绿色电力+低价股,锑+氢能源+绿色电力+低价股
002362,汉王科技,2024-12-06,28.07,28.07,1.95,,,一字板,2024-12-09,30.88,30.88,41.89,,,T字板,4,走到4板,AI应用+AI Agent,AI Agent+AI终端
603466,风语筑,2024-12-06,10.97,10.97,1.09,,,一字板,2024-12-09,12.07,12.07,1.16,,,一字板,3,断板,AI 3D+虚拟现实+华为,AI 3D+虚拟现实+华为
600983,XD惠而浦,2024-12-09,11.0,11.74,3.53,,,换手板,2024-12-10,12.91,12.91,1.54,,,T字板,3,断板,家电+外销,家电+外销
603717,天域生物,2024-12-09,7.62,8.39,19.41,,,换手板,2024-12-10,8.39,9.23,7.68,,,换手板,5,走到5板,养殖+光伏,养殖+光伏
600527,江南高纤,2024-12-09,2.85,2.85,0.9,,,一字板,2024-12-10,3.14,3.14,0.55,,,一字板,4,走到4板,涤纶毛条+互联网金融+低价股,涤纶毛条+互联网金融+低价股
600793,宜宾纸业,2024-12-09,16.12,16.13,6.68,,,换手板,2024-12-10,17.74,17.74,0.52,,,一字板,7,走到7板,拟收购醋纤公司67%股权+造纸+国企,拟收购醋纤公司67%股权+造纸+国企
002403,爱仕达,2024-12-09,15.95,17.27,26.89,,,换手板,2024-12-10,19.0,19.0,4.9,,,T字板,4,走到4板,工业机器人+小家电+网络直播,工业机器人+小家电+网络直播
000813,德展健康,2024-12-09,3.84,3.84,0.92,,,一字板,2024-12-10,4.1,4.22,18.39,,,换手板,3,断板,创新药+减肥药+重组蛋白+国企,创新药+减肥药+重组蛋白+国企
603088,宁波精达,2024-12-10,12.3,12.3,29.03,,,T字板,2024-12-11,13.4,13.53,7.89,,,换手板,3,断板,半导体芯片封装+拟收购无锡微研100%股权+新型工业化+锂电池,机器人部件相关技术+半导体芯片封装+拟收购无锡微研100%股权
002915,中欣氟材,2024-12-10,15.63,15.63,1.53,,,一字板,2024-12-11,17.19,17.19,25.08,,,T字板,3,断板,PEEK材料+氟化工+固态电池,PEEK材料+氟化工+固态电池
603536,惠发食品,2024-12-10,13.23,13.23,1.42,,,一字板,2024-12-11,13.32,14.55,16.68,,,换手板,5,走到5板,预制菜+沙县小吃,预制菜+沙县小吃
002681,奋达科技,2024-12-10,9.54,9.54,1.05,,,一字板,2024-12-11,9.94,10.49,42.27,,,换手板,3,断板,人形机器人+智能穿戴+智能音箱,人形机器人+智能穿戴+智能音箱
000759,中百集团,2024-12-10,5.96,5.96,1.01,,,一字板,2024-12-11,6.56,6.56,3.13,,,一字板,5,走到5板,商业零售+免税店+胖东来指导交流+湖北国资,商业零售+免税店+胖东来指导交流+湖北国资
002265,建设工业,2024-12-11,22.3,23.34,22.05,,,换手板,2024-12-12,25.67,25.67,10.63,,,T字板,4,走到4板,机器人+中兵系（军工）+无人驾驶+购买股权,机器人+中兵系（军工）+无人驾驶+购买股权
002702,海欣食品,2024-12-11,5.9,5.9,7.6,,,T字板,2024-12-12,6.49,6.49,33.59,,,T字板,3,断板,预制菜+速冻鱼肉制品,预制菜+速冻鱼肉制品
600778,友好集团,2024-12-11,7.32,7.39,6.51,,,换手板,2024-12-12,7.74,8.13,14.96,,,换手板,5,走到5板,免税店+商业零售+新疆振兴,免税店+商业零售+新疆振兴
002670,国盛证券,2024-12-11,14.37,15.82,14.09,,,换手板,2024-12-12,17.4,17.4,7.58,,,T字板,4,走到4板,证券+拟吸收合并国盛证券+江西国资,吸收合并国盛证券事项受理+证券+江西国资
000785,居然智家,2024-12-11,3.59,3.92,5.67,,,换手板,2024-12-12,3.95,4.31,2.37,,,换手板,5,走到5板,零售+智能家居+华为,零售+智能家居+华为
600743,华远控股,2024-12-11,2.13,2.61,12.21,,,换手板,2024-12-12,2.6,2.87,12.01,,,换手板,3,断板,地天板+资产重组+房地产+国企,资产重组+房地产+国企
002115,三维通信,2024-12-11,8.95,8.95,3.17,,,一字板,2024-12-12,9.85,9.85,1.64,,,一字板,4,走到4板,字节+机器人+卫星通信+拟收购股权,字节+营销+卫星通信
605337,李子园,2024-12-11,12.87,13.77,8.67,,,换手板,2024-12-12,14.37,15.15,8.84,,,换手板,3,断板,饮料乳品+电子商务,饮料乳品+电子商务
600545,卓郎智能,2024-12-11,3.08,3.64,15.53,,,换手板,2024-12-12,3.64,4.0,15.88,,,换手板,3,断板,机器人+纺织机械+外销+低价股,机器人+纺织机械+外销+低价股
600979,广安爱众,2024-12-11,6.36,6.36,11.73,,,T字板,2024-12-12,5.98,7.0,26.73,,,换手板,4,走到4板,“丝绸云谷”算力项目+入股华大半导体+水电气+国企改革,“丝绸云谷”算力项目+入股华大半导体+水电气+国企改革
002181,粤传媒,2024-12-11,5.88,6.56,13.73,,,换手板,2024-12-12,6.58,7.22,10.41,,,换手板,4,走到4板,参股券商+AI营销+教育+广州国企,参股券商+AI营销+教育+广州国企
603719,良品铺子,2024-12-11,14.8,15.88,10.74,,,换手板,2024-12-12,16.0,17.47,18.26,,,换手板,3,断板,休闲食品+电商,休闲食品+电商
000558,天府文旅,2024-12-12,3.56,3.94,9.87,,,换手板,2024-12-13,4.33,4.33,1.71,,,一字板,4,走到4板,遂宁大英影视城签约合作+旅游+成都国资,遂宁大英影视城签约合作+冰雪产业+旅游+成都国资
002277,友阿股份,2024-12-12,4.06,4.06,0.08,,,一字板,2024-12-13,4.47,4.47,0.17,,,一字板,8,走到8板,拟收购尚阳通100%股权+机器人+百货零售,拟收购尚阳通100%股权+机器人+百货零售
002148,北纬科技,2024-12-12,7.6,8.0,23.69,,,换手板,2024-12-13,8.56,8.8,13.26,,,换手板,3,断板,四足机器人+低空经济+物联网,四足机器人+低空经济+物联网
002400,省广集团,2024-12-12,11.12,11.12,42.3,,,T字板,2024-12-13,10.95,12.23,32.39,,,换手板,3,断板,营销+TikTok+Meta+广东国资,营销+TikTok+Meta+广东国资
000681,视觉中国,2024-12-12,23.22,23.22,30.43,,,T字板,2024-12-13,23.89,25.54,14.92,,,换手板,3,断板,视觉版权+剪映等合作,视觉版权+剪映等合作
600272,开开实业,2024-12-12,13.86,14.66,19.71,,,换手板,2024-12-13,15.74,16.13,14.56,,,换手板,4,走到4板,上海国资+服装+医药,医药+服装+上海国资
600824,益民集团,2024-12-12,4.8,4.82,9.08,,,换手板,2024-12-13,5.3,5.3,7.16,,,T字板,6,走到6板,上海国企改革+零售+黄金概念,零售+黄金概念+上海国企改革
000530,冰山冷热,2024-12-13,6.8,6.8,2.88,,,一字板,2024-12-16,7.48,7.48,1.4,,,一字板,3,断板,空调+冰雪产业+冷链物流,冰雪产业+空调+冷链物流
600679,上海凤凰,2024-12-13,12.97,14.26,,,,换手板,2024-12-16,15.4,15.69,16.68,,,换手板,6,走到6板,,上海国资+两轮车
002953,日丰股份,2024-12-13,11.46,12.12,7.38,,,换手板,2024-12-16,13.21,13.33,37.28,,,换手板,5,走到5板,机器人+高压快充+华为+电网设备,机器人+高压快充+华为+电网设备
600829,人民同泰,2024-12-13,9.01,9.32,7.61,,,换手板,2024-12-16,10.1,10.25,2.95,,,换手板,3,断板,医药商业+冷链物流+振兴东北,医药商业+冷链物流+振兴东北
600593,大连圣亚,2024-12-13,46.43,51.07,13.04,,,换手板,2024-12-16,52.24,56.18,13.59,,,换手板,3,断板,冰雪产业+东北旅游+大连国资,冰雪产业+东北旅游+大连国资
600851,海欣股份,2024-12-13,7.19,7.49,11.07,,,换手板,2024-12-16,7.29,8.24,9.25,,,换手板,3,断板,参股券商+创新药+物业管理+服装纺织,参股券商+创新药+物业管理+服装纺织
002639,雪人集团,2024-12-13,8.25,8.69,25.76,,,换手板,2024-12-16,9.21,9.56,8.61,,,换手板,3,断板,冰雪产业+一带一路+氢能源,冰雪产业+一带一路+氢能源
603216,梦天家居,2024-12-13,13.06,13.52,36.95,,,换手板,2024-12-16,14.45,14.87,13.02,,,换手板,3,断板,木质家具+家居解决方案,木质家具+家居解决方案
603238,诺邦股份,2024-12-16,15.5,15.77,11.07,,,换手板,2024-12-17,16.05,17.35,12.82,,,换手板,4,走到4板,个护用品+三胎+外销,胖东来+个护用品+三胎+外销
600982,宁波能源,2024-12-17,5.1,5.1,12.84,,,T字板,2024-12-18,5.61,5.61,1.4,,,一字板,3,断板,热电+新能源+拟收购资产+国企,热电+拟收购资产+新能源+国企
603803,瑞斯康达,2024-12-17,10.64,10.64,20.48,,,T字板,2024-12-18,11.28,11.7,7.32,,,换手板,5,走到5板,布局硅光芯片+光模块+数据中心+车联网,ASIC芯片+布局硅光芯片+光模块+车联网
605086,龙高股份,2024-12-17,33.79,33.85,4.51,,,换手板,2024-12-18,34.59,37.24,2.57,,,换手板,3,断板,紫金矿业拟受让公司20%股份+福建国资+高岭土+创投,紫金矿业拟受让公司20%股份+福建国资+高岭土+创投
000859,国风新材,2024-12-17,7.02,7.02,0.23,,,一字板,2024-12-18,7.72,7.72,0.93,,,一字板,3,断板,拟控股金张科技+光刻胶+集成电路PI材料+国企,拟控股金张科技+光刻胶+集成电路PI材料+国企
600255,鑫科材料,2024-12-17,3.38,3.38,22.13,,,T字板,2024-12-18,3.72,3.72,2.79,,,一字板,4,走到4板,高速铜连接+铜合金加工+国企改革+低价股,高速铜连接+铜合金加工+国企改革+低价股
603912,佳力图,2024-12-18,8.76,9.46,26.31,,,换手板,2024-12-19,8.9,10.41,11.64,,,换手板,3,断板,液冷+华为+算力租赁,液冷+华为+算力租赁
002181,粤传媒,2024-12-18,8.72,9.2,3.37,,,换手板,2024-12-19,10.12,10.12,17.13,,,T字板,3,断板,AI营销+教育+广州国企,AI营销+教育+广州国企
603421,鼎信通讯,2024-12-19,7.18,7.87,5.48,,,换手板,2024-12-20,8.29,8.66,11.82,,,换手板,5,走到5板,芯片概念+智能电网+鸿蒙概念+充电桩,芯片概念+智能电网+鸿蒙概念+充电桩
600579,中化装备,2024-12-19,9.83,9.93,10.54,,,换手板,2024-12-20,10.0,10.92,10.0,,,换手板,5,走到5板,重大资产重组+央企+机器人+专用设备,重大资产重组+央企+机器人+专用设备
002137,实益达,2024-12-20,8.42,8.42,11.93,,,一字板,2024-12-23,9.26,9.26,44.08,,,T字板,6,走到6板,SCRM+先进封装+深圳,SCRM+先进封装+深圳
603777,来伊份,2024-12-23,13.42,13.55,11.57,,,换手板,2024-12-24,13.5,14.91,18.79,,,换手板,4,走到4板,礼品+腾讯+电商,礼品+腾讯+电商
002730,电光科技,2024-12-23,9.6,9.8,3.54,,,换手板,2024-12-24,10.78,10.78,1.1,,,一字板,6,走到6板,算力+物联网+防爆电器,算力+物联网+防爆电器
600725,云维股份,2024-12-24,4.52,4.52,0.09,,,一字板,2024-12-25,4.97,4.97,0.44,,,一字板,3,断板,并购重组+云南国资+煤化工,并购重组+云南国资+煤化工
603980,吉华集团,2024-12-25,4.8,5.08,12.83,,,换手板,2024-12-26,5.2,5.59,11.86,,,换手板,3,断板,间接投资宇树科技+染料+破净股,间接投资宇树科技+染料+破净股
603686,福龙马,2024-12-25,11.88,11.97,7.89,,,换手板,2024-12-26,13.17,13.17,1.78,,,一字板,3,断板,机器人概念+无人驾驶+节能环保,机器人概念+无人驾驶+节能环保
002067,景兴纸业,2024-12-25,4.18,4.18,16.79,,,T字板,2024-12-26,4.4,4.6,10.56,,,换手板,3,断板,间接投资宇树科技+造纸,间接投资宇树科技+造纸
002577,雷柏科技,2024-12-26,19.81,19.81,3.84,,,一字板,2024-12-27,20.21,21.79,10.67,,,换手板,3,断板,AI眼镜+游戏设备+星闪,AI眼镜+游戏设备+星闪
600590,泰豪科技,2024-12-26,5.54,6.08,5.2,,,换手板,2024-12-27,6.61,6.69,8.94,,,换手板,3,断板,数据中心发电机+混改/重组经验丰富+军工+智能电网,数据中心发电机+混改/重组经验丰富+军工+智能电网
600693,东百集团,2024-12-26,4.76,5.25,15.95,,,换手板,2024-12-27,5.1,5.78,18.46,,,换手板,7,走到7板,零售+免税店+跨境电商,零售+免税店+跨境电商
603958,哈森股份,2024-12-26,16.34,16.34,0.38,,,一字板,2024-12-27,17.97,17.97,0.87,,,一字板,4,走到4板,拟购买辰瓴光学100%股权及苏州郎克斯45%股权,拟购买辰瓴光学100%股权及苏州郎克斯45%股权
000759,中百集团,2024-12-26,9.83,9.83,8.65,,,T字板,2024-12-27,10.38,10.81,23.38,,,换手板,6,走到6板,商业零售+腾讯+胖东来指导交流+湖北国资,商业零售+腾讯+胖东来指导交流+湖北国资
600397,江钨装备,2024-12-27,3.49,3.49,7.22,,,T字板,2024-12-30,3.84,3.84,18.64,,,T字板,4,走到4板,控股股东拟变更为江钨控股+江西国资+煤炭,控股股东拟变更为江钨控股+江西国资+煤炭
002361,神剑股份,2024-12-30,4.95,4.95,1.37,,,一字板,2024-12-31,5.45,5.45,21.46,,,T字板,3,断板,实控人拟变更+商业航天+聚酯树脂产品+军工,实控人拟变更+商业航天+聚酯树脂产品+军工
600530,交大昂立,2024-12-31,4.39,4.83,11.77,,,换手板,2025-01-02,5.27,5.31,2.78,,,换手板,4,走到4板,要约收购+电子商务+保健品+养老概念,要约收购+电子商务+保健品+养老概念
600778,友好集团,2024-12-31,8.5,9.09,16.2,,,换手板,2025-01-02,9.63,10.0,11.7,,,换手板,3,断板,零售+免税店+新疆振兴,零售+免税店+新疆振兴
000533,顺钠股份,2024-12-31,6.06,6.06,7.6,,,一字板,2025-01-02,6.34,6.67,29.26,,,换手板,4,走到4板,东数西算+输配电设备+核电变压器+光伏,东数西算+输配电设备+核电变压器+光伏
603617,君禾股份,2025-01-02,8.06,8.06,21.65,,,T字板,2025-01-03,8.87,8.87,29.56,,,T字板,4,走到4板,年报预增+家用水泵+外销,年报预增+家用水泵+外销
002184,海得控制,2025-01-02,11.54,12.85,15.59,,,换手板,2025-01-03,14.14,14.14,38.19,,,T字板,7,走到7板,数据中心（储能系统供电）+机器人+华为,数据中心（储能系统供电）+机器人+华为
002397,梦洁股份,2025-01-02,3.23,3.23,1.8,,,一字板,2025-01-03,3.55,3.55,11.54,,,T字板,3,断板,微盟合作+床上用品+电子商务+三胎,微盟合作+床上用品+电子商务+三胎
605033,美邦股份,2025-01-03,14.48,14.55,2.61,,,换手板,2025-01-06,16.01,16.01,13.6,,,T字板,10,走到10板,农药+西部大开发,农药+西部大开发
603215,比依股份,2025-01-03,20.59,20.59,16.01,,,一字板,2025-01-06,22.65,22.65,64.8,,,T字板,3,断板,AI眼镜+小家电+网红经济,AI眼镜+小家电+网红经济
000573,粤宏远Ａ,2025-01-06,3.77,3.77,1.44,,,一字板,2025-01-07,4.15,4.15,13.47,,,T字板,6,走到6板,拟购买博创智能约60%股份+向高端装备制造领域转型,拟购买博创智能约60%股份+向高端装备制造领域转型
002733,雄韬股份,2025-01-06,15.1,17.11,20.17,,,换手板,2025-01-07,17.0,18.82,10.64,,,换手板,5,走到5板,氢燃料电池+钠离子电池+电池,氢燃料电池+数据中心+钠离子电池
603320,迪贝电气,2025-01-06,15.11,16.76,20.13,,,换手板,2025-01-07,16.5,18.44,21.58,,,换手板,3,断板,年报预增+家用电器+压缩机电机+热泵,年报预增+家用电器+压缩机电机+热泵
603269,海鸥股份,2025-01-07,12.75,12.75,2.15,,,一字板,2025-01-08,14.03,14.03,1.06,,,一字板,4,走到4板,冷却塔+氢能源+核电+外销,冷却塔+氢能源+核电+外销
002364,中恒电气,2025-01-07,13.0,13.96,19.66,,,换手板,2025-01-08,14.3,15.36,32.89,,,换手板,3,断板,数据中心+字节+电源系统+液冷超充,数据中心+字节+电源系统+液冷超充
002418,康盛股份,2025-01-07,2.86,3.06,11.95,,,换手板,2025-01-08,3.37,3.37,26.11,,,T字板,4,走到4板,液冷服务器+BBU+股权转让+制冷管路,液冷服务器+BBU+股权转让+制冷管路
002379,宏桥控股,2025-01-07,9.87,9.87,0.4,,,一字板,2025-01-08,10.86,10.86,16.97,,,T字板,3,断板,拟购买宏拓实业100%股权+铝板带箔加工,拟购买宏拓实业100%股权+铝板带箔加工
603063,禾望电气,2025-01-07,23.11,23.11,10.02,,,T字板,2025-01-08,24.3,25.42,7.23,,,换手板,4,走到4板,数据中心+风光储+氢能源,数据中心+风光储+氢能源
603015,弘讯科技,2025-01-08,10.56,10.9,3.03,,,换手板,2025-01-09,11.99,11.99,2.36,,,一字板,4,走到4板,核聚变电源+机器人+工业互联网,核聚变电源+机器人+工业互联网
600858,银座股份,2025-01-08,5.35,5.83,6.67,,,换手板,2025-01-09,6.41,6.41,10.45,,,T字板,3,断板,零售+养老+黄金概念+国企,零售+养老+黄金概念+国企
002131,利欧股份,2025-01-08,3.24,3.43,25.82,,,换手板,2025-01-09,3.52,3.77,31.62,,,换手板,3,断板,AI营销+TikTok+华为鲸鸿,AI营销+TikTok+华为鲸鸿+水利
603070,万控智造,2025-01-08,14.93,14.93,5.24,,,一字板,2025-01-09,15.85,16.42,51.45,,,换手板,3,断板,数据中心+配电开关控制设备+环网柜,数据中心+配电开关控制设备+环网柜
603990,麦迪科技,2025-01-09,11.8,11.8,1.02,,,一字板,2025-01-10,12.98,12.98,9.49,,,T字板,3,断板,人形机器人+民营医院+光伏+国企,人形机器人+民营医院+光伏+国企
603777,来伊份,2025-01-10,16.18,16.8,17.48,,,换手板,2025-01-13,16.08,18.48,20.97,,,换手板,6,走到6板,礼品+腾讯+电商,礼品+腾讯+电商
002917,金奥博,2025-01-10,11.86,11.86,2.78,,,一字板,2025-01-13,13.05,13.05,29.61,,,T字板,7,走到7板,民爆+机器人+芯片概念+一带一路,民爆+机器人+芯片概念+一带一路
600128,苏豪弘业,2025-01-10,9.56,9.56,3.35,,,一字板,2025-01-13,10.52,10.52,20.3,,,T字板,6,走到6板,AI玩具+跨境电商+期货+国企改革,AI玩具+跨境电商+期货+国企改革
603166,福达股份,2025-01-13,8.67,8.67,2.13,,,一字板,2025-01-14,8.68,9.54,17.27,,,换手板,3,断板,比亚迪+汽车离合器+机器人,机器人+比亚迪+汽车离合器
000421,南京公用,2025-01-13,7.13,7.13,0.71,,,一字板,2025-01-14,7.84,7.84,0.41,,,一字板,3,断板,拟购买宇谷科技68%股权+复牌+天然气+国企,拟购买宇谷科技68%股权+复牌+天然气+国企
603086,先达股份,2025-01-13,4.79,5.08,11.68,,,换手板,2025-01-14,5.1,5.59,20.24,,,换手板,3,断板,农药+生态农业+大豆,农药+生态农业+大豆
002164,宁波东力,2025-01-14,5.48,5.81,6.05,,,换手板,2025-01-15,6.39,6.39,7.52,,,T字板,4,走到4板,减速器+齿轮箱+传动装置,行星减速器+齿轮箱+传动装置
002291,遥望科技,2025-01-15,6.96,6.96,0.97,,,一字板,2025-01-16,7.66,7.66,1.49,,,一字板,3,断板,小红书+营销+抖音+出海,小红书+营销+抖音+出海
603177,德创环保,2025-01-15,8.63,8.69,4.1,,,换手板,2025-01-16,9.56,9.56,0.74,,,一字板,4,走到4板,钠离子电池+氢能源+节能环保+出海,钠离子电池+氢能源+节能环保+出海
002636,金安国纪,2025-01-15,8.48,8.48,1.81,,,一字板,2025-01-16,8.53,9.33,9.57,,,换手板,5,走到5板,覆铜板+PCB,覆铜板+PCB
600539,狮头股份,2025-01-15,8.01,8.01,1.74,,,一字板,2025-01-16,8.75,8.81,7.32,,,换手板,4,走到4板,电商服务+宠物食品+布局小红书,电商服务+宠物食品+布局小红书
603808,歌力思,2025-01-15,8.01,8.01,0.58,,,一字板,2025-01-16,8.45,8.81,6.66,,,换手板,3,断板,小红书+微信小店+服装纺织+股权转让,小红书+微信小店+服装纺织+股权转让
600358,国旅联合,2025-01-15,3.94,3.94,2.41,,,T字板,2025-01-16,4.33,4.33,2.39,,,一字板,4,走到4板,营销+旅游+国企改革,小红书+营销+旅游+国企改革
603511,爱慕股份,2025-01-15,13.76,13.76,0.26,,,一字板,2025-01-16,15.14,15.14,3.46,,,T字板,5,走到5板,小红书+服装+IP经济+电商,小红书+服装+IP经济+电商
600556,天下秀,2025-01-15,5.76,5.76,0.65,,,一字板,2025-01-16,6.34,6.34,11.39,,,T字板,3,断板,小红书+网红经济+元宇宙,小红书+网红经济+元宇宙
603598,引力传媒,2025-01-15,18.23,18.23,0.99,,,一字板,2025-01-16,20.05,20.05,22.1,,,T字板,3,断板,小红书+营销+抖音概念+大模型,小红书+营销+抖音概念+大模型
600714,金瑞矿业,2025-01-16,12.78,12.78,1.54,,,一字板,2025-01-17,14.06,14.06,22.72,,,T字板,3,断板,液晶玻璃基板+锶盐+硫磺+小金属,液晶玻璃基板+锶盐+硫磺+小金属
002543,万和电气,2025-01-17,11.5,11.94,4.18,,,换手板,2025-01-20,12.0,13.13,6.43,,,换手板,3,断板,厨卫电器+空气能热泵+高股息,厨卫电器+空气能热泵+高股息
002767,先锋电子,2025-01-17,14.38,15.82,14.68,,,换手板,2025-01-20,17.4,17.4,2.27,,,一字板,4,走到4板,年报预增+芯片+智能燃气表+机器人,年报预增+芯片+智能燃气表+机器人
002861,瀛通通讯,2025-01-17,12.79,12.85,12.74,,,换手板,2025-01-20,14.14,14.14,3.44,,,一字板,5,走到5板,AI终端+电声产品+外销,AI终端+电声产品+外销
003030,祖名股份,2025-01-20,18.73,19.88,8.73,,,换手板,2025-01-21,20.98,21.87,15.2,,,换手板,3,断板,豆制品+小红书+电商,豆制品+小红书+电商
603042,华脉科技,2025-01-20,13.89,13.89,1.52,,,一字板,2025-01-21,15.28,15.28,39.39,,,T字板,4,走到4板,年报预增+铜缆高速连接+数据中心,年报预增+铜缆高速连接+数据中心
603928,DR兴业股,2025-01-20,9.92,9.92,1.13,,,一字板,2025-01-21,10.91,10.91,4.81,,,一字板,6,走到6板,光刻胶+合成树脂+大飞机,光刻胶+合成树脂+大飞机
002730,电光科技,2025-01-20,20.0,20.69,6.26,,,换手板,2025-01-21,22.76,22.76,31.15,,,T字板,5,走到5板,算力+机器人+物联网+防爆电器,算力+机器人+物联网+防爆电器
002692,远程股份,2025-01-20,5.53,5.53,1.53,,,一字板,2025-01-21,6.08,6.08,0.93,,,一字板,3,断板,拟投资半导体公司+数据中心（电缆）+核电+国企改革,拟投资半导体公司+数据中心（电缆）+核电+国企改革
000882,华联股份,2025-01-21,2.65,2.82,11.55,,,换手板,2025-01-22,2.89,3.1,30.63,,,换手板,5,走到5板,零售+影视+收购北京SKP旗下资产+间接持有少量地平线股份,零售+影视+收购北京SKP旗下资产
605488,福莱新材,2025-01-21,27.29,29.05,6.87,,,换手板,2025-01-22,30.59,31.96,5.04,,,换手板,3,断板,灵巧手+机器人+柔性传感器+散热,灵巧手+机器人+柔性传感器+散热
600936,北投科技,2025-01-21,3.39,3.39,0.43,,,一字板,2025-01-22,3.73,3.73,8.09,,,T字板,3,断板,筹划重大资产置换+业务战略转型,筹划重大资产置换+业务战略转型
000856,冀东装备,2025-01-21,8.69,8.69,5.46,,,一字板,2025-01-22,9.56,9.56,21.57,,,T字板,6,走到6板,机器人+水泥装备+北京国资,机器人+水泥装备+北京国资
603211,晋拓股份,2025-01-22,18.09,19.68,53.43,,,换手板,2025-01-23,21.6,21.65,35.63,,,换手板,4,走到4板,机器人+无人驾驶+汽车零部件+特斯拉,机器人+无人驾驶+汽车零部件+特斯拉
605398,新炬网络,2025-01-23,22.85,23.07,11.48,,,换手板,2025-01-24,25.38,25.38,1.51,,,一字板,10,走到10板,数据中心+智慧运维+华为鲲鹏+信创,AI Agent+数据中心运维+华为鲲鹏
605277,新亚电子,2025-01-23,18.13,18.13,1.14,,,一字板,2025-01-24,18.6,19.94,19.35,,,换手板,3,断板,铜缆高速连接+消费电子+新能源,铜缆高速连接+消费电子+新能源
002398,垒知集团,2025-01-24,5.06,5.06,4.42,,,一字板,2025-01-27,5.57,5.57,25.45,,,T字板,3,断板,整合微软OpenAI解决方案+建筑材料+工程质量检测,整合微软OpenAI解决方案+建筑材料+工程质量检测
603039,泛微网络,2025-01-27,55.78,59.0,2.39,,,换手板,2025-02-05,63.0,64.9,0.75,,,换手板,3,断板,AI应用+信创+办公软件+上海,AI应用+信创+办公软件+上海
002881,美格智能,2025-01-27,40.24,40.24,1.93,,,一字板,2025-02-05,44.26,44.26,0.35,,,一字板,8,走到8板,开发DeepSeek-R1模型端侧落地应用+端侧AI+年报预增,开发DeepSeek-R1模型端侧落地应用+端侧AI+年报预增
000532,华金资本,2025-02-05,16.08,16.08,1.3,,,一字板,2025-02-06,17.69,17.69,23.41,,,T字板,3,断板,参与DeepSeek融资+多元金融+珠海国资,参与DeepSeek融资（已澄清）+多元金融+珠海国资
000818,航锦科技,2025-02-05,18.47,18.47,0.25,,,一字板,2025-02-06,20.32,20.32,1.18,,,一字板,6,走到6板,幻方合作+算力+英伟达+国企,幻方合作+算力+英伟达+国企
600120,浙江东方,2025-02-05,5.6,5.6,0.23,,,一字板,2025-02-06,6.16,6.16,4.37,,,一字板,7,走到7板,DeepSeek+拟收购银行股份+浙江国企+年报预增,澄清未投资DeepSeek+多元金融+浙江国企+年报预增
600126,杭钢股份,2025-02-06,6.29,6.29,0.87,,,一字板,2025-02-07,6.92,6.92,0.41,,,一字板,9,走到9板,DeepSeek概念+云计算+钢铁+浙江国资,DeepSeek概念+云计算+钢铁+浙江国资
600633,浙数文化,2025-02-06,11.68,12.35,5.69,,,换手板,2025-02-07,13.59,13.59,1.76,,,一字板,6,走到6板,AI应用+算力租赁+数据交易中心+杭州国资,AI应用+算力租赁+数据交易中心+杭州国资
002123,梦网科技,2025-02-06,12.31,12.9,26.57,,,换手板,2025-02-07,12.8,14.19,19.07,,,换手板,8,走到8板,DeepSeek概念+拟收购碧橙数字控制权+云通信+鸿蒙,DeepSeek概念+拟收购碧橙数字控制权+云通信+鸿蒙
002213,大为股份,2025-02-06,14.85,16.52,27.22,,,换手板,2025-02-07,18.17,18.17,34.11,,,T字板,3,断板,存储芯片+比亚迪+智能终端+锂电池,存储芯片+比亚迪+智能终端+锂电池
002261,拓维信息,2025-02-06,20.32,20.43,16.45,,,换手板,2025-02-07,21.37,22.47,22.44,,,换手板,6,走到6板,昇腾大模型一体机+鸿蒙+信创,昇腾大模型一体机+鸿蒙+信创
603110,东方材料,2025-02-06,17.64,17.64,3.56,,,一字板,2025-02-07,19.4,19.4,29.79,,,T字板,3,断板,东方超算+PCB电子油墨,东方超算+PCB电子油墨
002036,联创电子,2025-02-07,11.17,11.17,2.73,,,一字板,2025-02-10,11.2,12.29,30.01,,,换手板,4,走到4板,车载镜头+辅助安全驾驶+比亚迪,车载镜头+辅助安全驾驶+比亚迪
603300,海南华铁,2025-02-07,6.58,6.58,3.45,,,一字板,2025-02-10,7.24,7.24,2.38,,,一字板,4,走到4板,海南国资+算力+低空经济,回购+算力+海南国资+低空经济
603390,通达电气,2025-02-07,11.18,11.18,0.87,,,一字板,2025-02-10,11.94,12.3,20.07,,,换手板,3,断板,比亚迪+智慧交通+车联网+移动医疗,比亚迪+智慧交通+车联网+移动医疗
603803,瑞斯康达,2025-02-10,12.61,12.61,9.22,,,T字板,2025-02-11,12.87,13.87,27.17,,,换手板,3,断板,算力+光通信+ASIC芯片,算力+光通信+ASIC芯片
600666,奥瑞德,2025-02-10,2.76,2.76,1.02,,,一字板,2025-02-11,3.04,3.04,19.55,,,T字板,3,断板,DeepSeek概念+算力+蓝宝石,DeepSeek概念+算力+蓝宝石
002016,世荣兆业,2025-02-10,6.5,6.82,1.97,,,换手板,2025-02-11,7.5,7.5,0.58,,,一字板,3,断板,房地产+物业管理+珠海国资,房地产+物业管理+珠海国资
002929,润建股份,2025-02-11,40.98,42.92,14.94,,,换手板,2025-02-12,47.21,47.21,1.54,,,一字板,3,断板,部署DeepSeek至R1（满血）版本+算力+英伟达+大模型,阿里云+部署DeepSeek至R1（满血）版本+算力
000785,居然智家,2025-02-11,4.18,4.18,0.72,,,一字板,2025-02-12,4.6,4.6,5.07,,,T字板,5,走到5板,DeepSeek概念+AI智能体+零售+华为,DeepSeek概念+AI智能体+零售+华为
603956,威派格,2025-02-12,6.59,7.0,4.46,,,换手板,2025-02-13,7.7,7.7,4.64,,,T字板,6,走到6板,公司“河图 AI” 平台已接入DeepSeek+智慧水务,公司“河图 AI” 平台已接入DeepSeek+智慧水务
601116,三江购物,2025-02-13,12.0,12.86,9.42,,,换手板,2025-02-14,12.8,14.15,8.11,,,换手板,3,断板,生鲜超市+阿里巴巴,阿里巴巴+生鲜超市
601177,杭齿前进,2025-02-13,11.22,11.22,1.25,,,一字板,2025-02-14,12.34,12.34,14.86,,,T字板,8,走到8板,人形机器人+杭州国资+齿轮传动+减速器,人形机器人+杭州国资+齿轮传动+减速器
603881,数据港,2025-02-13,31.0,31.0,15.82,,,T字板,2025-02-14,33.75,34.1,17.53,,,换手板,4,走到4板,数据中心+阿里巴巴+液冷+上海国资,数据中心+阿里巴巴+液冷+上海国资
603086,先达股份,2025-02-14,5.1,5.4,10.91,,,换手板,2025-02-17,5.4,5.94,24.26,,,换手板,4,走到4板,农药+生态农业+大豆,农药+生态农业+大豆
600602,云赛智联,2025-02-17,21.12,21.12,17.14,,,T字板,2025-02-18,21.4,23.23,29.36,,,换手板,3,断板,国资云+算力+阿里+腾讯+Deepseek概念,国资云+阿里+腾讯+Deepseek概念
002065,东华软件,2025-02-18,11.34,11.34,0.78,,,一字板,2025-02-19,12.36,12.47,31.74,,,换手板,4,走到4板,腾讯+DeepSeek概念+数字基础设施建设,腾讯+DeepSeek概念+数字基础设施建设
002527,新时达,2025-02-18,12.29,12.29,0.5,,,一字板,2025-02-19,13.52,13.52,0.56,,,一字板,6,走到6板,海尔入主+机器人+电梯,海尔入主+机器人+电梯
000856,冀东装备,2025-02-18,13.47,13.94,10.82,,,换手板,2025-02-19,14.26,15.33,45.85,,,换手板,4,走到4板,机器人+水泥装备+北京国资,机器人+水泥装备+北京国资
002058,威尔泰,2025-02-18,10.4,11.28,13.73,,,换手板,2025-02-19,11.28,12.41,9.81,,,换手板,4,走到4板,筹划重大资产重组+汽车检具+特斯拉,筹划重大资产重组+汽车检具+特斯拉
002290,禾盛新材,2025-02-19,20.5,21.87,6.3,,,换手板,2025-02-20,24.01,24.06,2.74,,,换手板,3,断板,DeepSeek概念+商汤合作+家电零部件+文化传媒,DeepSeek概念+商汤合作+家电零部件+文化传媒
605255,天普股份,2025-02-19,16.7,16.76,3.0,,,换手板,2025-02-20,18.44,18.44,0.39,,,一字板,3,断板,汽车零部件+汽车胶管+密封系统零件,汽车胶管+密封系统零件+汽车零部件
002929,润建股份,2025-02-20,58.81,62.24,6.51,,,换手板,2025-02-21,68.46,68.46,0.57,,,一字板,3,断板,阿里云+部署DeepSeek+算力,阿里云+部署DeepSeek+算力
002522,浙江众成,2025-02-20,4.98,4.98,1.33,,,一字板,2025-02-21,5.48,5.48,0.81,,,一字板,4,走到4板,热塑性弹性体+成人玩具材料+浙江国资,热塑性弹性体+成人玩具材料+浙江国资
600590,泰豪科技,2025-02-20,7.09,7.6,9.95,,,换手板,2025-02-21,8.36,8.36,8.12,,,T字板,4,走到4板,数据中心发电机+机器狗+军工+混改/重组经验丰富,数据中心发电机+机器狗+军工+混改/重组经验丰富
002599,盛通股份,2025-02-20,11.1,11.1,1.97,,,一字板,2025-02-21,12.21,12.21,47.62,,,T字板,4,走到4板,人形机器人+宇树科技合作+教育+鸿蒙,人形机器人+宇树科技合作+教育+鸿蒙
605376,博迁新材,2025-02-20,35.43,38.95,5.9,,,换手板,2025-02-21,39.19,42.85,6.38,,,换手板,3,断板,电子专用高端金属粉体材料+纳米材料+MLCC上游+锂电池,电子专用高端金属粉体材料+纳米材料+MLCC上游+锂电池
002343,慈文传媒,2025-02-20,7.78,7.78,1.46,,,一字板,2025-02-21,8.56,8.56,1.19,,,一字板,3,断板,Rokid合作+传媒+影视IP+国企,Rokid合作+传媒+影视IP+国企
002369,卓翼科技,2025-02-20,9.41,9.41,1.89,,,一字板,2025-02-21,10.35,10.35,16.03,,,T字板,3,断板,AR智能眼镜+消费电子+小米概念+机器人,AR智能眼镜+机器人+消费电子+小米概念
002896,中大力德,2025-02-20,83.06,88.7,13.89,,,换手板,2025-02-21,89.6,97.57,16.47,,,换手板,3,断板,机器人+减速器+电机,机器人+减速器+电机
000880,潍柴重机,2025-02-24,26.86,28.81,9.46,,,换手板,2025-02-25,27.4,31.69,,,,换手板,3,断板,数据中心发电机+柴油机零部件+国企,
605100,华丰股份,2025-02-24,17.3,17.3,7.02,,,T字板,2025-02-25,17.3,19.03,11.26,,,换手板,6,走到6板,数据中心发电机+固态电池+柴油发动机,数据中心发电机+固态电池+柴油发动机
600589,大位科技,2025-02-24,5.24,5.24,1.81,,,一字板,2025-02-25,5.76,5.76,1.4,,,一字板,5,走到5板,数据中心+算力+完成重整,数据中心+算力+完成重整
002580,圣阳股份,2025-02-24,11.01,11.65,18.07,,,换手板,2025-02-25,12.02,12.82,10.73,,,换手板,5,走到5板,数据中心+电源+字节概念+控股股东筹划战略重组,数据中心+电源+华为+控股股东筹划战略重组
000892,欢瑞世纪,2025-02-24,4.25,4.25,3.05,,,一字板,2025-02-25,4.68,4.68,13.28,,,T字板,4,走到4板,阶跃星辰合作+AI影视+IP经济+直播带货,阶跃星辰合作+AI影视+IP经济+直播带货
002910,庄园牧场,2025-02-24,9.87,9.87,4.14,,,一字板,2025-02-25,10.86,10.86,1.41,,,一字板,4,走到4板,乳制品+西部大开发+甘肃国企,乳制品+西部大开发+甘肃国企
000096,广聚能源,2025-02-25,18.43,18.43,0.79,,,一字板,2025-02-26,20.27,20.27,0.53,,,一字板,4,走到4板,数据中心+拟收购航天欧华100%股权+石油石化+国企改革,数据中心+拟收购航天欧华100%股权+石油石化+国企改革
000573,粤宏远Ａ,2025-02-25,4.36,4.88,21.21,,,换手板,2025-02-26,4.91,5.37,31.48,,,换手板,3,断板,拟购买博创智能约60%股份+向高端装备制造领域转型+房地产,拟购买博创智能约60%股份+高端装备制造领域转型+房地产
600126,杭钢股份,2025-02-26,12.98,13.38,13.21,,,换手板,2025-02-27,12.3,14.72,19.51,,,换手板,3,断板,国资云+钢铁+浙江国资,地天板+国资云+钢铁+浙江国资
603949,雪龙集团,2025-02-26,15.63,15.73,5.15,,,换手板,2025-02-27,17.3,17.3,3.94,,,T字板,3,断板,间接投资宇树科技+农机+汽车零部件,间接投资宇树科技+农机+汽车零部件
603316,诚邦股份,2025-02-26,6.49,6.49,0.85,,,一字板,2025-02-27,7.14,7.14,1.0,,,一字板,3,断板,存储芯片+拟增资获得芯存科技51.02%股权+园林景观,存储芯片+拟增资获得芯存科技51.02%股权+园林景观
603496,XD恒为科,2025-02-27,33.31,34.64,32.9,,,换手板,2025-02-28,37.88,38.1,38.3,,,换手板,4,走到4板,华为昇腾+算力一体机+算力调度,算力一体机+华为昇腾+算力调度
002276,万马股份,2025-02-27,12.28,13.07,19.06,,,换手板,2025-02-28,13.85,14.38,8.59,,,换手板,3,断板,机器人+高压快充+国企,机器人+高压快充+国企
002575,群兴玩具,2025-02-28,11.35,11.35,0.71,,,一字板,2025-03-03,12.49,12.49,0.3,,,一字板,3,断板,拟并购杭州智算行业“小巨人”+跨界算力,拟并购杭州智算行业“小巨人”+跨界算力
605066,天正电气,2025-02-28,8.06,8.06,6.19,,,T字板,2025-03-03,8.87,8.87,5.85,,,T字板,5,走到5板,数据中心+低压电器+机器人,数据中心+低压电器+机器人
003033,征和工业,2025-03-03,36.48,40.13,11.11,,,换手板,2025-03-04,40.13,44.14,4.81,,,换手板,3,断板,链传动+比亚迪+农机+出海,链传动+比亚迪+农机+出海
000409,云鼎科技,2025-03-04,10.87,11.77,12.41,,,换手板,2025-03-05,12.95,12.95,38.26,,,T字板,5,走到5板,ERP+机器人+智慧矿山+华为盘古,ERP+机器人+智慧矿山+华为盘古
603700,宁水集团,2025-03-04,12.95,12.95,1.47,,,一字板,2025-03-05,14.25,14.25,11.47,,,T字板,4,走到4板,智慧水务+DeepSeek概念+外销,智慧水务+DeepSeek概念+外销
600592,XD龙溪股,2025-03-05,16.99,17.45,4.2,,,换手板,2025-03-06,19.2,19.2,3.12,,,T字板,3,断板,关节轴承+军工+国企,关节轴承+军工+国企
603048,浙江黎明,2025-03-05,17.89,19.01,2.56,,,换手板,2025-03-06,20.91,20.91,0.6,,,一字板,4,走到4板,冷锻+汽车零部件+比亚迪,冷锻+汽车零部件+比亚迪
603583,捷昌驱动,2025-03-05,42.98,45.75,4.86,,,换手板,2025-03-06,48.03,50.33,4.98,,,换手板,3,断板,人形机器人+灵巧手+线性驱动产品,人形机器人+灵巧手+线性驱动产品
002105,信隆健康,2025-03-05,5.65,6.38,11.01,,,换手板,2025-03-06,6.76,7.02,6.41,,,换手板,9,走到9板,康复器材+养老+机械臂+自行车零配件,康复器材+养老+机械臂+自行车零配件
603300,海南华铁,2025-03-06,11.66,11.66,1.86,,,一字板,2025-03-07,12.3,12.83,42.59,,,换手板,3,断板,签约36.9亿元算力大单+算力+低空经济+海南国资,签约36.9亿元算力大单+算力+低空经济+海南国资
000665,湖北广电,2025-03-07,5.27,5.27,1.54,,,一字板,2025-03-10,5.8,5.8,15.6,,,T字板,5,走到5板,算力+湖北国资+楚韵智能体+传媒,算力+湖北国资+楚韵智能体+传媒
002093,国脉科技,2025-03-07,9.96,9.96,1.41,,,一字板,2025-03-10,10.96,10.96,0.93,,,一字板,3,断板,AI agent+鸿蒙概念+教育+脑机接口,AI智能体+智能医疗+鸿蒙概念+教育
002760,凤形股份,2025-03-10,24.17,24.17,6.61,,,T字板,2025-03-11,25.0,26.59,27.27,,,换手板,3,断板,数据中心+特种电机+军工+耐磨材料,数据中心+特种电机+军工+耐磨材料
002196,方正电机,2025-03-10,8.81,8.81,1.57,,,一字板,2025-03-11,8.96,9.69,10.88,,,换手板,3,断板,机器人+电机+新能源汽车+国企,机器人+电机+新能源汽车+国企
605303,园林股份,2025-03-10,10.87,10.87,2.25,,,一字板,2025-03-11,11.96,11.96,1.63,,,一字板,4,走到4板,智慧园林+新型城镇化,参股云针科技+智慧园林+新型城镇化
002921,联诚精密,2025-03-11,16.65,16.65,3.11,,,一字板,2025-03-12,17.73,18.32,21.03,,,换手板,3,断板,机器人+精密机械零部件+氢能源+北美市场,机器人+精密机械零部件+氢能源+北美市场
600539,狮头股份,2025-03-11,13.09,13.09,0.67,,,一字板,2025-03-12,14.4,14.4,0.37,,,一字板,4,走到4板,重大资产重组+电商服务+宠物食品+复牌,重大资产重组+电商服务+宠物食品
603716,塞力医疗,2025-03-11,11.5,12.08,23.88,,,换手板,2025-03-12,13.1,13.29,44.59,,,换手板,4,走到4板,DRG/DIP+体外诊断+智慧供应链,DRG/DIP+体外诊断+智慧供应链
000880,潍柴重机,2025-03-12,35.59,36.64,17.7,,,换手板,2025-03-13,36.64,40.3,34.49,,,换手板,3,断板,数据中心发电机+柴油机零部件+国企,数据中心发电机+柴油机零部件+国企
000678,襄阳轴承,2025-03-12,11.94,12.58,18.14,,,换手板,2025-03-13,12.93,13.84,35.57,,,换手板,3,断板,减速器+汽车轴承+军工,减速器+汽车轴承+军工
002574,明牌珠宝,2025-03-12,5.92,5.92,3.35,,,一字板,2025-03-13,6.51,6.51,6.67,,,T字板,6,走到6板,黄金+珠宝首饰+IP经济+光伏,黄金+珠宝首饰+IP经济+光伏
603206,嘉环科技,2025-03-12,22.33,22.33,8.86,,,一字板,2025-03-13,24.56,24.56,45.92,,,T字板,3,断板,算力+阿里+DeepSeek概念+AI智能体,算力+阿里+DeepSeek概念+AI智能体
603677,奇精机械,2025-03-13,19.25,19.25,2.2,,,一字板,2025-03-14,21.18,21.18,6.56,,,T字板,7,走到7板,机器人+汽车零部件+家电+宁波国资,机器人+汽车零部件+家电+宁波国资
002905,金逸影视,2025-03-13,8.95,8.95,3.51,,,一字板,2025-03-14,9.85,9.85,1.01,,,一字板,4,走到4板,电影放映+抖音短视频,电影放映+抖音短视频
002724,海洋王,2025-03-14,6.07,6.07,0.95,,,一字板,2025-03-17,6.68,6.68,0.97,,,一字板,4,走到4板,照明服务+无人机+“海洋”,照明服务+无人机+“海洋”
002086,东方海洋,2025-03-14,2.95,2.95,3.66,,,一字板,2025-03-17,3.25,3.25,1.17,,,一字板,4,走到4板,水产品加工+体外诊断+CRO+完成重整,水产品加工+体外诊断+CRO+完成重整
002342,巨力索具,2025-03-14,4.06,4.06,5.74,,,一字板,2025-03-17,4.47,4.47,1.15,,,一字板,6,走到6板,海工装备+索具+签署1.15亿元合同,海工装备+索具+签署1.15亿元合同
002278,神开股份,2025-03-14,7.01,7.01,13.38,,,T字板,2025-03-17,7.71,7.71,12.22,,,T字板,7,走到7板,石油装备+聚焦深海领域+商业航天,石油装备+聚焦深海领域+商业航天
001318,阳光乳业,2025-03-17,13.09,13.76,28.5,,,换手板,2025-03-18,14.17,15.14,22.16,,,换手板,4,走到4板,乳业+零售+冷链物流,乳业+零售+冷链物流
002570,贝因美,2025-03-17,5.08,5.08,2.11,,,一字板,2025-03-18,5.59,5.59,,,,一字板,3,断板,婴幼儿奶粉+跨境电商,
603776,永安行,2025-03-18,18.49,18.49,0.2,,,一字板,2025-03-19,20.34,20.34,0.3,,,一字板,5,走到5板,控制权变更+哈啰单车上市预期,控制权变更+哈啰出行
000678,襄阳轴承,2025-03-18,14.4,15.62,35.2,,,换手板,2025-03-19,15.55,17.18,21.78,,,换手板,4,走到4板,减速器+汽车轴承+军工,减速器+汽车轴承+军工
603315,福鞍股份,2025-03-18,16.01,16.01,1.98,,,一字板,2025-03-19,17.61,17.61,,,,一字板,4,走到4板,算力+锂电池+核电+特钢,
002789,,2025-03-18,8.26,8.94,22.23,,,换手板,2025-03-19,8.76,9.83,21.27,,,换手板,3,断板,建筑装饰+珠海国资+退市风险博弈,建筑装饰+珠海国资+退市风险博弈
002164,宁波东力,2025-03-18,9.27,9.27,6.9,,,T字板,2025-03-19,10.2,10.2,1.86,,,一字板,4,走到4板,行星减速器+齿轮箱+传动装置+电机,机器人关节+行星减速器+齿轮箱+电机
002553,南方精工,2025-03-19,19.83,21.2,53.25,,,换手板,2025-03-20,21.0,23.32,44.71,,,换手板,4,走到4板,机器人概念+SoC芯片,机器人+轴承+减速器
603949,雪龙集团,2025-03-19,17.61,17.61,1.07,,,一字板,2025-03-20,19.37,19.37,0.37,,,一字板,5,走到5板,间接投资宇树科技+农机+汽车零部件+汽车热管理,间接投资宇树科技+农机+汽车零部件+汽车热管理
002903,宇环数控,2025-03-19,22.3,22.3,4.14,,,一字板,2025-03-20,24.53,24.53,7.93,,,一字板,3,断板,机器人概念+消费电子+小米概念+工业母机,机器人概念+消费电子+小米概念+工业母机
002406,远东传动,2025-03-20,9.5,9.89,7.43,,,换手板,2025-03-21,10.88,10.88,56.68,,,T字板,3,断板,参股黄河信产+非等速传动轴+机器人+工业互联网,参股黄河信产+非等速传动轴+机器人+工业互联网
002204,大连重工,2025-03-20,6.36,6.36,1.34,,,一字板,2025-03-21,7.0,7.0,1.19,,,一字板,4,走到4板,机器人+风电+海工装备,海工装备+海上风电+国企改革
603139,康惠股份,2025-03-18,18.82,18.82,8.06,,,T字板,2025-03-21,20.7,20.7,0.53,,,一字板,3,断板,中药+三胎概念+恒昌医药借壳预期,控制权拟变更+复牌+中药+儿童用药
002633,申科股份,2025-03-20,13.07,14.27,17.66,,,换手板,2025-03-21,14.24,15.7,15.59,,,换手板,3,断板,轴承+发电机+此前曾筹划控股权变更,轴承+发电机+此前曾筹划控股权变更
600320,振华重工,2025-03-21,4.85,4.92,3.49,,,换手板,2025-03-24,5.41,5.41,2.83,,,一字板,3,断板,海工装备+港口+央企,海工装备+港口+央企
601890,亚星锚链,2025-03-21,9.89,10.38,17.63,,,换手板,2025-03-24,11.1,11.42,27.22,,,换手板,3,断板,海工装备+海洋石油+海上风电,海工装备+海洋石油+海上风电
002767,先锋电子,2025-03-24,20.03,20.03,3.77,,,一字板,2025-03-25,21.0,22.03,31.38,,,换手板,3,断板,机器人+智能燃气表,机器人+智能燃气表
002427,尤夫股份,2025-03-24,4.52,4.76,4.3,,,换手板,2025-03-25,5.24,5.24,13.33,,,T字板,5,走到5板,拒海水聚酯工业丝+客户巨力索具+涤纶工业丝+陕西国资,拒海水聚酯工业丝+客户巨力索具+陕西国资
002300,太阳电缆,2025-03-24,6.96,6.96,1.25,,,一字板,2025-03-25,7.66,7.66,1.06,,,一字板,4,走到4板,海底电缆+铜加工,海底电缆+铜加工
605069,正和生态,2025-03-25,11.36,11.74,27.13,,,换手板,2025-03-26,11.4,12.91,62.32,,,换手板,3,断板,海洋生态修复+智谱合作+AI智能体+生态保护,海洋生态修复+智谱合作+AI智能体+生态保护
600610,中毅达,2025-03-25,9.0,9.64,9.83,,,换手板,2025-03-26,10.45,10.6,14.96,,,换手板,4,走到4板,季戊四醇+精细化工+国企改革,季戊四醇+精细化工+国企改革
603011,合锻智能,2025-03-25,11.24,11.24,3.36,,,一字板,2025-03-26,12.36,12.36,1.68,,,一字板,3,断板,机器人+算力+核聚变+机器视觉,机器人+算力+核聚变+机器视觉
603579,荣泰健康,2025-03-27,20.66,22.46,8.27,,,换手板,2025-03-28,22.24,24.71,5.13,,,换手板,4,走到4板,按摩机器人+智慧健康AI大模型+小米,按摩机器人+智慧健康AI大模型+小米
002549,凯美特气,2025-03-28,7.59,7.59,2.0,,,一字板,2025-03-31,8.35,8.35,3.49,,,一字板,5,走到5板,光刻胶+节能环保+氢能源,光刻胶+节能环保+氢能源
002132,恒星科技,2025-03-31,3.74,3.85,7.71,,,换手板,2025-04-01,4.24,4.24,1.65,,,一字板,3,断板,黄金概念+采矿许可+有机硅,黄金概念+采矿许可+有机硅
001333,光华股份,2025-03-31,23.53,26.38,27.13,,,换手板,2025-04-01,28.98,29.02,14.42,,,换手板,3,断板,年报增长+聚酯树脂+海外产能扩张,年报增长+聚酯树脂+海外产能扩张
603353,和顺石油,2025-03-31,19.12,19.12,1.21,,,一字板,2025-04-01,21.03,21.03,1.45,,,一字板,3,断板,华为超充+加油站+光伏,华为超充+加油站+光伏
603985,恒润股份,2025-04-01,15.49,15.49,2.13,,,一字板,2025-04-02,16.0,17.04,8.41,,,换手板,3,断板,回购+算力租赁+风电+国企,算力租赁+风电+国企
001212,中旗新材,2025-04-02,35.42,35.42,0.31,,,一字板,2025-04-03,38.96,38.96,1.32,,,一字板,6,走到6板,星空科技入主+半导体装备,星空科技入主+半导体装备
002900,哈三联,2025-04-02,12.17,12.17,2.87,,,一字板,2025-04-03,13.39,13.39,5.18,,,一字板,3,断板,医药+兽药+医美+原料药,医药+兽药+医美+原料药
002084,海鸥住工,2025-04-03,3.14,3.45,13.12,,,换手板,2025-04-07,3.8,3.8,19.2,,,T字板,6,走到6板,智能家居+空气能热泵,智能家居+空气能热泵+一带一路
600540,新赛股份,2025-04-07,4.69,4.69,5.12,,,一字板,2025-04-08,5.16,5.16,3.07,,,一字板,5,走到5板,新疆棉+新疆国资,新疆棉+新疆国资
002982,湘佳股份,2025-04-07,22.28,23.46,27.87,,,换手板,2025-04-08,22.18,25.81,30.22,,,换手板,3,断板,养鸡+猪肉+预制菜,养鸡+猪肉+预制菜
603221,爱丽家居,2025-04-07,11.53,11.53,3.32,,,一字板,2025-04-08,11.53,12.68,12.94,,,换手板,4,走到4板,弹性地板+美国工厂,弹性地板+美国工厂+年报预增
002688,金河生物,2025-04-07,6.53,6.53,3.61,,,一字板,2025-04-08,7.18,7.18,3.21,,,一字板,4,走到4板,适时调高美国市场产品售价+兽药+动物保健品,适时调高美国市场产品售价+兽药+动物保健品
601086,国芳集团,2025-04-07,5.76,5.76,9.44,,,T字板,2025-04-08,6.34,6.34,0.99,,,一字板,7,走到7板,零售+参股券商+参投御道智算,零售+参股券商+参投御道智算
601008,连云港,2025-04-07,4.44,4.68,13.96,,,换手板,2025-04-08,4.95,5.15,4.37,,,换手板,6,走到6板,港口航运+国企,港口航运+国企
600598,北大荒,2025-04-08,16.05,17.25,10.41,,,换手板,2025-04-09,18.43,18.98,14.55,,,换手板,3,断板,农业种植+土地流转+国企改革,农业种植+土地流转+国企改革
600371,万向德农,2025-04-08,10.64,10.64,17.1,,,T字板,2025-04-09,11.7,11.7,12.66,,,T字板,3,断板,农业种植+转基因+万向系,农业种植+玉米+转基因+万向系
002094,青岛金王,2025-04-09,6.28,6.8,28.79,,,换手板,2025-04-10,6.9,7.48,24.42,,,换手板,3,断板,中韩自贸区+蜡烛+跨境支付,跨境支付+中韩自贸区+蜡烛
002570,贝因美,2025-04-09,5.3,5.73,34.59,,,换手板,2025-04-10,5.5,6.3,27.45,,,换手板,4,走到4板,婴幼儿奶粉+跨境电商+DeepSeek概念,婴幼儿奶粉+跨境电商
603709,中源家居,2025-04-09,12.17,12.17,3.06,,,一字板,2025-04-10,13.39,13.39,1.24,,,一字板,5,走到5板,沙发+电商+新零售,沙发+电商+新零售
002800,天顺股份,2025-04-09,13.19,13.19,10.46,,,T字板,2025-04-10,14.51,14.51,1.03,,,一字板,3,断板,物流+统一大市场+新疆,物流+统一大市场+新疆
000759,中百集团,2025-04-09,7.62,8.35,21.16,,,换手板,2025-04-10,8.48,9.19,22.14,,,换手板,3,断板,免税店+商业零售+胖东来指导交流+湖北国资,免税店+商业零售+胖东来指导交流+湖北国资
603688,石英股份,2025-04-10,36.3,38.54,7.27,,,换手板,2025-04-11,41.97,42.39,6.64,,,换手板,3,断板,石英砂+光伏+半导体,高纯石英+半导体+光伏
600697,欧亚集团,2025-04-10,12.83,12.83,2.62,,,一字板,2025-04-11,14.11,14.11,17.54,,,T字板,3,断板,免税店+零售+中俄贸易+国企,免税店+零售+中俄贸易+国企
002133,广宇集团,2025-04-10,2.69,2.88,10.93,,,换手板,2025-04-11,2.9,3.17,10.04,,,换手板,3,断板,房地产+农业种植,房地产+农业种植+物业管理+回购
000016,深康佳A,2025-04-10,4.26,4.64,4.38,,,换手板,2025-04-11,4.72,5.1,10.08,,,换手板,3,断板,控股股东拟变更+消费电子+半导体+央企国企改革,控股股东拟变更+半导体+消费电子+央企国企改革
001234,泰慕士,2025-04-11,17.45,19.2,5.07,,,换手板,2025-04-14,21.12,21.12,2.11,,,一字板,6,走到6板,针织服装+安踏合作+三胎,针织服装+安踏合作+三胎
000626,远大控股,2025-04-11,6.01,6.01,1.59,,,一字板,2025-04-14,6.14,6.61,10.12,,,换手板,3,断板,豆油+供销社+出售子公司股权,豆油+大宗商品贸易+供销社
002640,跨境通,2025-04-11,3.51,3.51,7.23,,,T字板,2025-04-14,3.6,3.86,28.24,,,换手板,3,断板,跨境电商+欧美用户,跨境电商+欧美用户
600249,两面针,2025-04-14,5.96,6.08,4.17,,,换手板,2025-04-15,6.62,6.69,16.0,,,换手板,4,走到4板,牙膏+国企+年报增长,牙膏+国企+年报增长
000510,新金路,2025-04-14,4.63,4.63,2.48,,,一字板,2025-04-15,5.09,5.09,17.55,,,T字板,3,断板,高纯石英+小金属+氯碱,高纯石英+小金属+氯碱
600644,乐山电力,2025-04-15,7.99,8.49,9.41,,,换手板,2025-04-16,9.34,9.34,2.49,,,一字板,4,走到4板,电力+光储,电力+光储
605188,国光连锁,2025-04-15,10.36,10.36,3.1,,,一字板,2025-04-16,10.26,11.4,8.84,,,换手板,6,走到6板,零售+生鲜食品+智能物流,零售+生鲜食品+智能物流
002693,双成药业,2025-04-15,9.14,10.15,17.53,,,换手板,2025-04-16,10.32,11.17,13.43,,,换手板,4,走到4板,此前拟收购宁波奥拉半导体+海南+多肽药,此前拟收购宁波奥拉半导体+多肽药+海南
003020,立方制药,2025-04-16,23.01,23.01,3.83,,,一字板,2025-04-17,25.31,25.31,1.01,,,一字板,5,走到5板,ADHD治疗药物+化学制药,ADHD治疗药物+化学制药
603128,华贸物流,2025-04-16,7.24,7.24,2.03,,,一字板,2025-04-17,7.89,7.96,29.39,,,换手板,3,断板,跨境电商+敦煌网合作+物流+国企改革,跨境电商+敦煌网合作+物流+国企改革
001395,亚联机械,2025-04-16,42.93,46.98,38.33,,,换手板,2025-04-17,47.0,51.68,48.28,,,换手板,4,走到4板,次新股+人造板+碳纤维,次新股+人造板+碳纤维
002098,浔兴股份,2025-04-16,8.95,8.95,1.51,,,一字板,2025-04-17,9.85,9.85,4.43,,,一字板,3,断板,跨境电商+敦煌网+拉链,跨境电商+敦煌网+拉链
603696,安记食品,2025-04-16,9.33,10.26,18.26,,,换手板,2025-04-17,11.21,11.29,6.98,,,换手板,6,走到6板,调味品+新零售,调味品+新零售
002165,红宝丽,2025-04-16,8.74,9.85,44.75,,,换手板,2025-04-17,10.35,10.84,21.27,,,换手板,4,走到4板,光刻胶+环氧丙烷衍生品+出海,环氧丙烷衍生品+光刻胶+出海
000025,特力Ａ,2025-04-17,18.88,19.26,15.34,,,换手板,2025-04-18,20.18,21.19,19.8,,,换手板,3,断板,黄金珠宝+年报增长+深圳国资,黄金珠宝+水贝+深圳国资+年报增长
000965,天保基建,2025-04-17,3.44,3.73,12.38,,,换手板,2025-04-18,3.92,4.1,14.06,,,换手板,5,走到5板,大飞机+房地产+天津国企,房地产+大飞机+天津国企
601086,国芳集团,2025-04-17,9.47,10.55,16.51,,,换手板,2025-04-18,10.5,11.61,15.19,,,换手板,5,走到5板,零售+参股券商+参投御道智算,零售+参股券商+参投御道智算
600794,保税科技,2025-04-18,4.42,4.58,7.55,,,换手板,2025-04-21,4.89,5.04,6.31,,,换手板,4,走到4板,智慧物流+码头仓储+电子商务+国企,智慧物流+数字货币+电子商务+国企
002427,尤夫股份,2025-04-18,6.07,6.57,11.95,,,换手板,2025-04-21,6.69,7.23,7.88,,,换手板,3,断板,拒海水聚酯工业丝+客户巨力索具+化纤+陕西国资,拒海水聚酯工业丝+客户巨力索具+化纤+陕西国资
002809,红墙股份,2025-04-18,9.45,9.58,24.22,,,换手板,2025-04-21,9.82,10.54,44.44,,,换手板,4,走到4板,环氧丙烷+混凝土外加剂,环氧丙烷+混凝土外加剂
600865,百大集团,2025-04-21,11.18,11.29,3.36,,,换手板,2025-04-22,12.42,12.42,5.46,,,T字板,3,断板,年报净利增长+零售+杭州,年报净利增长+零售+杭州
603351,威尔药业,2025-04-21,26.0,26.4,5.36,,,换手板,2025-04-22,27.0,29.04,7.06,,,换手板,3,断板,药用辅料+润滑油+国际贸易影响小,业绩增长+药用辅料+润滑油+国际贸易影响小
003003,天元股份,2025-04-21,11.66,11.66,4.23,,,一字板,2025-04-22,12.83,12.83,2.66,,,一字板,6,走到6板,跨境电商+可降解塑料+快递包装,跨境电商+可降解塑料+快递包装
002094,青岛金王,2025-04-22,8.12,8.13,9.24,,,换手板,2025-04-23,8.94,8.94,16.69,,,T字板,3,断板,年报净利增长+跨境支付+中韩自贸区+化妆品,跨境支付+中韩自贸区+蜡烛
002251,步步高,2025-04-22,5.53,5.53,0.44,,,一字板,2025-04-23,6.08,6.08,25.52,,,T字板,5,走到5板,摘帽+零售+一季报增长+年报扭亏,摘帽+零售+一季报增长+年报扭亏
603086,先达股份,2025-04-22,6.62,6.62,1.6,,,一字板,2025-04-23,7.28,7.28,4.64,,,一字板,4,走到4板,大豆+农药+生态农业,一季报增长+烯草酮+农药+大豆
002537,海联金汇,2025-04-22,7.4,7.4,1.61,,,一字板,2025-04-23,8.14,8.14,1.15,,,一字板,4,走到4板,跨境支付+汽车零部件,跨境支付+汽车零部件
002915,中欣氟材,2025-04-23,13.99,14.89,13.6,,,换手板,2025-04-24,15.99,16.38,17.15,,,换手板,3,断板,业绩增长+PEEK材料+氟化工,PEEK材料+氟化工+业绩增长
601956,东贝集团,2025-04-24,6.18,6.18,1.46,,,一字板,2025-04-25,6.8,6.8,1.11,,,一字板,4,走到4板,人形机器人+蜜雪冰城供应商+跨境电商,人形机器人+蜜雪冰城供应商+跨境电商
600744,华银电力,2025-04-25,4.24,4.24,1.28,,,一字板,2025-04-28,4.66,4.66,0.85,,,一字板,3,断板,电力+一季报增长+光伏+国企,电力+一季报增长+光伏+国企
600828,茂业商业,2025-04-25,4.35,4.35,0.46,,,一字板,2025-04-28,4.79,4.79,3.32,,,T字板,4,走到4板,零售+首店经济+西部大开发,零售+首店经济+即时零售
000565,渝三峡Ａ,2025-04-28,5.48,6.24,10.69,,,换手板,2025-04-29,6.86,6.86,2.78,,,一字板,4,走到4板,涂料制造+氢能源+国企改革,涂料制造+氢能源+国企改革
002229,鸿博股份,2025-04-28,13.13,13.13,1.78,,,一字板,2025-04-29,14.21,14.44,13.11,,,换手板,4,走到4板,一季报同比扭亏为盈+算力+彩票+无实控人,一季报同比扭亏为盈+算力+彩票+无实控人
603030,全筑股份,2025-04-30,2.51,2.64,2.96,,,换手板,2025-05-06,2.9,2.9,4.67,,,一字板,4,走到4板,业绩改善+建筑装饰+出海+机器人,机器人+建筑装饰+出海+业绩改善
603040,新坐标,2025-04-30,32.5,34.69,9.59,,,换手板,2025-05-06,35.99,38.16,5.11,,,换手板,3,断板,一季报增长+滚珠丝杠+汽车零部件+外销,一季报增长+滚珠丝杠+汽车零部件+外销
600774,汉商集团,2025-04-30,8.98,8.98,2.65,,,一字板,2025-05-06,8.8,9.88,16.46,,,换手板,3,断板,商业运营+辅助生殖+医药,商业运营+辅助生殖+医药
600592,XD龙溪股,2025-05-06,23.2,24.68,11.71,,,换手板,2025-05-07,26.0,27.15,13.52,,,换手板,3,断板,人形机器人+大飞机+军工+国企,人形机器人+大飞机+军工+国企
002730,电光科技,2025-05-06,17.38,17.38,1.16,,,一字板,2025-05-07,19.12,19.12,12.22,,,T字板,3,断板,算力+机器人+防爆设备+智能矿山,算力+机器人+防爆设备+智能矿山
002471,中超控股,2025-05-06,3.27,3.27,1.29,,,一字板,2025-05-07,3.6,3.6,2.8,,,一字板,4,走到4板,曾研发外骨骼机器人用电缆+数据中心+航空航天,曾研发外骨骼机器人用电缆+数据中心+航空航天
002490,山东墨龙,2025-05-07,4.79,4.79,0.45,,,一字板,2025-05-08,5.27,5.27,3.56,,,一字板,3,断板,摘帽+AH两地上市+调入港股通,摘帽+AH两地上市+调入港股通
600448,华纺股份,2025-05-07,3.25,3.25,9.95,,,T字板,2025-05-08,3.35,3.58,31.39,,,换手板,4,走到4板,跨境电商+电子商务+服装纺织+国企改革,跨境电商+电子商务+服装纺织+国企改革
603610,麒盛科技,2025-05-07,12.43,12.43,11.37,,,T字板,2025-05-08,13.67,13.67,9.24,,,一字板,4,走到4板,脑机接口+智能电动床+鸿蒙+外销,脑机接口+智能电动床+鸿蒙+外销
002338,奥普光电,2025-05-08,46.95,46.95,1.28,,,一字板,2025-05-09,49.5,51.65,26.43,,,换手板,3,断板,签订2.97亿元光学系统研制合同+大股东长春光机所,签订2.97亿元光学系统研制合同+大股东长春光机所
002651,利君股份,2025-05-08,8.0,8.13,23.27,,,换手板,2025-05-09,8.67,8.94,28.02,,,换手板,6,走到6板,航空零部件+大飞机+军工+机器人,航空零部件+大飞机+军工+机器人
002190,成飞集成,2025-05-08,20.25,20.25,9.87,,,T字板,2025-05-09,22.28,22.28,2.75,,,一字板,9,走到9板,成飞概念+军工+汽车零部件+国企改革,成飞概念+军工+汽车零部件+国企改革
000559,万向钱潮,2025-05-09,7.86,8.44,2.69,,,换手板,2025-05-12,9.28,9.28,10.76,,,T字板,3,断板,人形机器人+低空经济+汽车零部件+资产重组,人形机器人+低空经济+汽车零部件+资产重组
605055,迎丰股份,2025-05-12,6.97,6.99,4.89,,,换手板,2025-05-13,7.69,7.69,1.25,,,一字板,5,走到5板,纺织制造+年报增长,纺织制造+年报增长
603332,苏州龙杰,2025-05-12,11.86,11.86,0.91,,,一字板,2025-05-13,13.05,13.05,1.24,,,一字板,5,走到5板,涤纶+化学纤维+一季报增长,涤纶+化学纤维+一季报增长
002809,红墙股份,2025-05-12,13.86,15.15,36.66,,,换手板,2025-05-13,15.15,16.67,33.82,,,换手板,3,断板,环氧丙烷+混凝土外加剂,产品涨价+环氧丙烷+混凝土外加剂
002551,尚荣医疗,2025-05-13,3.69,3.99,18.94,,,换手板,2025-05-14,4.39,4.39,18.99,,,T字板,3,断板,出口美国+外销+医疗器械,出口美国+外销+医疗器械
601022,宁波远洋,2025-05-14,9.58,10.11,24.73,,,换手板,2025-05-15,11.12,11.12,2.79,,,一字板,4,走到4板,航运+海洋+浙江国资,航运+海洋+浙江国资
600530,交大昂立,2025-05-14,6.79,6.82,5.7,,,换手板,2025-05-15,7.1,7.5,5.01,,,换手板,3,断板,益生菌+保健品+养老概念+电子商务,益生菌+保健品+养老概念+电子商务
002427,尤夫股份,2025-05-14,7.4,7.81,10.29,,,换手板,2025-05-15,8.1,8.59,20.8,,,换手板,3,断板,超高分子量聚乙烯纤维+涤纶+拒海水聚酯工业丝+陕西国资,超高分子量聚乙烯纤维+涤纶+拒海水聚酯工业丝+陕西国资
605138,盛泰集团,2025-05-14,7.37,7.72,5.21,,,换手板,2025-05-15,7.9,8.49,7.16,,,换手板,3,断板,纺织服装+外销,纺织服装+外销
002909,集泰股份,2025-05-14,6.92,6.92,1.59,,,一字板,2025-05-15,7.61,7.61,0.91,,,一字板,4,走到4板,涂料+有机硅胶粘剂+跨境电商+一带一路,集装箱用产品+涂料+有机硅胶粘剂+跨境电商
601008,连云港,2025-05-14,5.77,6.15,16.3,,,换手板,2025-05-15,6.53,6.77,8.74,,,换手板,5,走到5板,港口航运+一带一路+国企,港口航运+一带一路+国企
000565,渝三峡Ａ,2025-05-15,11.4,12.74,35.01,,,换手板,2025-05-16,12.8,14.01,32.9,,,换手板,3,断板,涂料制造+氢能源+军工+重庆国资,涂料制造+氢能源+军工+重庆国资
600798,宁波海运,2025-05-15,4.07,4.07,1.52,,,一字板,2025-05-16,4.48,4.48,14.69,,,一字板,4,走到4板,港口航运+一带一路+国企,港口航运+一带一路+国企
605136,丽人丽妆,2025-05-16,9.43,9.43,3.09,,,一字板,2025-05-19,9.45,10.37,19.87,,,换手板,5,走到5板,麦角硫因+化妆品+电商零售,麦角硫因+化妆品+电子商务+零售
002811,郑中设计,2025-05-16,11.24,11.24,15.88,,,T字板,2025-05-19,10.67,12.36,22.55,,,换手板,5,走到5板,AI设计+IP+室内设计+小红书,AI设计+IP+室内设计+小红书
002735,王子新材,2025-05-19,12.99,13.87,28.84,,,换手板,2025-05-20,15.26,15.26,15.53,,,T字板,3,断板,可控核聚变+军工+塑料包装,可控核聚变+军工+塑料包装
002590,万安科技,2025-05-19,14.52,14.52,1.87,,,一字板,2025-05-20,15.97,15.97,20.71,,,T字板,3,断板,汽车制动系统+无线充电+机器人+小米,汽车制动系统+无线充电+机器人+小米
600468,百利电气,2025-05-19,5.34,5.54,13.32,,,换手板,2025-05-20,6.07,6.09,8.06,,,换手板,3,断板,可控核聚变+超导+电网设备+国企,可控核聚变+超导+电网设备+国企
002105,信隆健康,2025-05-19,8.47,9.23,27.28,,,换手板,2025-05-20,9.48,10.15,24.93,,,换手板,3,断板,养老机器人+自行车零配件+三胎概念,养老机器人+自行车零配件+三胎概念
002813,路畅科技,2025-05-19,26.61,26.61,5.87,,,T字板,2025-05-20,29.27,29.27,4.3,,,一字板,3,断板,智能座舱+汽车电子,智能座舱+汽车电子
002510,天汽模,2025-05-19,7.0,7.0,2.55,,,一字板,2025-05-20,7.7,7.7,0.95,,,一字板,4,走到4板,拟购东实股份50%股权+大飞机+汽车零部件+特斯拉,拟购东实股份50%股权+大飞机+汽车零部件+特斯拉
600137,浪莎股份,2025-05-20,20.44,20.44,1.49,,,一字板,2025-05-21,22.48,22.48,5.1,,,一字板,4,走到4板,服装家纺+电子商务,服装家纺+电子商务
000695,滨海能源,2025-05-20,11.37,11.37,0.42,,,一字板,2025-05-21,12.51,12.51,0.61,,,一字板,5,走到5板,重大资产重组+固态电池+硅基负极+包装印刷,重大资产重组+固态电池+硅基负极+包装印刷
600770,综艺股份,2025-05-20,6.24,6.24,0.54,,,一字板,2025-05-21,6.86,6.86,0.61,,,一字板,3,断板,拟取得吉莱微控制权+功率半导体,拟取得吉莱微控制权+功率半导体
600698,湖南天雁,2025-05-20,8.03,8.03,0.89,,,一字板,2025-05-21,8.83,8.83,6.69,,,T字板,3,断板,兵装重组概念+汽车零部件+柴油机增压器,兵装重组概念+汽车零部件+柴油机增压器
600793,宜宾纸业,2025-05-20,26.0,27.72,13.3,,,换手板,2025-05-21,28.6,30.49,18.9,,,换手板,4,走到4板,拟收购醋纤公司67%股权+造纸+国企,收购醋纤公司67%股权+造纸+国企
600463,空港股份,2025-05-20,10.99,11.85,7.82,,,换手板,2025-05-21,13.04,13.04,1.82,,,一字板,3,断板,曾拟重组+临空型园区+园区开发+北京国资,曾拟重组+临空型园区+园区开发+北京国资
000722,湖南发展,2025-05-20,13.22,14.08,22.44,,,换手板,2025-05-21,13.88,15.49,19.06,,,换手板,3,断板,并购重组+绿色电力+光伏,并购重组+电力+光伏
603900,莱绅通灵,2025-05-21,9.59,9.78,13.89,,,换手板,2025-05-22,10.17,10.76,20.55,,,换手板,3,断板,艺术黄金+珠宝首饰+IP经济,艺术黄金+珠宝首饰+IP经济
603192,汇得科技,2025-05-22,21.41,21.41,0.82,,,一字板,2025-05-23,23.55,23.55,9.17,,,T字板,5,走到5板,聚氨酯材料+新能源汽车应用+产能扩张,聚氨酯材料+下游运用广泛
002365,永安药业,2025-05-22,17.8,18.51,33.21,,,换手板,2025-05-23,19.25,20.36,34.93,,,换手板,3,断板,牛磺酸+电商+对美出口,牛磺酸+功能饮料+宠物经济+电商
603607,京华激光,2025-05-23,23.2,26.48,22.6,,,换手板,2025-05-26,25.99,29.13,20.19,,,换手板,4,走到4板,卡牌+光刻机+烟草,卡牌+光刻机+烟草
603333,福华尚纬,2025-05-23,6.8,6.8,1.61,,,一字板,2025-05-26,7.48,7.48,0.54,,,一字板,6,走到6板,核电电缆+新能源负极材料+军工特种电缆,核电电缆+控股股东变更+新能源负极材料
002471,中超控股,2025-05-23,4.65,4.71,17.69,,,换手板,2025-05-26,4.99,5.18,41.83,,,换手板,4,走到4板,曾研发外骨骼机器人用电缆+军工+低空经济+电线电缆,曾研发外骨骼机器人用电缆+军工+电线电缆+低空经济
002366,融发核电,2025-05-26,6.17,6.19,13.84,,,换手板,2025-05-27,6.81,6.81,2.71,,,一字板,5,走到5板,可控核聚变+小型堆核岛主设备关键装备制造+国企,可控核聚变+小型堆核岛主设备关键装备制造+国企
603681,永冠新材,2025-05-26,15.85,16.94,19.95,,,换手板,2025-05-27,16.01,18.63,20.7,,,换手板,3,断板,胶粘解决方案+汽车膜+AI智能体+外销,胶粘解决方案+汽车膜+AI智能体+外销
603332,苏州龙杰,2025-05-26,17.97,17.97,5.19,,,一字板,2025-05-27,18.77,19.77,19.65,,,换手板,3,断板,涤纶+化学纤维+部分产品涨价,涤纶+化学纤维+部分产品涨价
605388,均瑶健康,2025-05-27,7.69,7.69,0.89,,,一字板,2025-05-28,8.46,8.46,0.72,,,一字板,4,走到4板,益生菌+跨境电商,益生菌+跨境电商
601579,会稽山,2025-05-27,23.03,23.46,3.24,,,换手板,2025-05-28,25.81,25.81,12.01,,,T字板,3,断板,黄酒+高端化、年轻化+产品提价,黄酒+高端化、年轻化+产品提价
603577,汇金通,2025-05-27,10.29,10.29,0.96,,,一字板,2025-05-28,11.32,11.32,20.43,,,T字板,3,断板,核电+输电铁塔+年报增长,核电+输电线路铁塔+海工装备
000903,云内动力,2025-05-27,4.59,4.59,2.99,,,一字板,2025-05-28,5.05,5.05,1.4,,,一字板,4,走到4板,无人配送车+柴油机+配送机器人+昆明国企,无人配送车+柴油机+配送机器人+昆明国企
603390,通达电气,2025-05-27,13.36,14.51,22.65,,,换手板,2025-05-28,15.96,15.96,2.74,,,一字板,4,走到4板,自动驾驶物流车+车联网+比亚迪等客车客户,自动驾驶物流车+车联网+比亚迪概念
600192,长城电工,2025-05-27,7.72,8.09,12.07,,,换手板,2025-05-28,8.0,8.9,11.86,,,换手板,3,断板,核电+输配电设备+国企改革,核电+输配电设备+国企改革
002907,华森制药,2025-05-28,17.0,17.09,11.94,,,换手板,2025-05-29,16.79,18.8,9.24,,,换手板,3,断板,中成药+创新药+大健康消费品,大健康消费品+平消片获再注册批件+中成药
603693,江苏新能,2025-05-28,15.27,15.27,1.03,,,一字板,2025-05-29,16.8,16.8,6.17,,,T字板,3,断板,资产注入预期+获赔4702万+新能源+江苏国资,资产注入预期+获赔4702万+新能源+江苏国资
603518,锦泓集团,2025-05-28,9.89,9.99,19.1,,,换手板,2025-05-29,10.18,10.99,30.35,,,换手板,3,断板,IP经济+服装行业+回购注销,IP经济+服装行业+回购注销
001230,劲旅环境,2025-05-28,23.23,23.23,3.02,,,一字板,2025-05-29,25.55,25.55,8.1,,,一字板,3,断板,智慧环卫+无人驾驶+新能源特种车辆,智慧环卫+无人驾驶+新能源特种车辆
002250,联化科技,2025-05-29,7.66,8.36,16.68,,,换手板,2025-05-30,8.55,9.2,22.45,,,换手板,4,走到4板,农药CDMO+医药CRO+一季报增长+海外盈利,氯虫苯甲酰胺中间体+农药+医药CRO+海外盈利
002177,御银股份,2025-05-29,5.44,5.76,29.11,,,换手板,2025-05-30,6.34,6.34,3.27,,,一字板,5,走到5板,曾涉及数字货币+金融服务+ATM+产业园运营,曾涉及数字货币+金融服务+ATM+产业园运营
603123,翠微股份,2025-05-30,11.25,11.25,15.63,,,T字板,2025-06-03,12.38,12.38,1.02,,,一字板,3,断板,数字人民币+第三方支付+国企改革,数字人民币+第三方支付+国企改革
002104,恒宝股份,2025-05-30,8.43,8.91,28.9,,,换手板,2025-06-03,9.8,9.8,27.74,,,T字板,3,断板,数字货币+区块链+eSIM技术,数字货币+区块链+eSIM技术
002537,海联金汇,2025-05-30,8.33,8.33,2.46,,,一字板,2025-06-03,8.88,9.16,21.27,,,换手板,3,断板,第三方支付（业务拟转让）+汽车零部件,第三方支付（业务拟转让）+汽车零部件
603017,中衡设计,2025-06-03,10.3,10.79,23.57,,,换手板,2025-06-04,10.33,11.87,8.84,,,换手板,3,断板,建筑设计+低空经济+商业航天+多模态AI,商业航天+低空经济+建筑设计+多模态AI
603879,永悦科技,2025-06-03,5.94,5.94,1.51,,,一字板,2025-06-04,6.53,6.53,20.36,,,T字板,3,断板,物流无人机+不饱和聚酯树脂+摘帽,物流无人机+不饱和聚酯树脂+摘帽
605099,共创草坪,2025-06-03,27.97,27.97,0.65,,,一字板,2025-06-04,30.77,30.77,2.19,,,T字板,4,走到4板,足球概念+体育产业+业绩增长+高股息,足球概念+体育产业+业绩增长+高股息
603226,菲林格尔,2025-06-04,9.04,9.04,6.16,,,T字板,2025-06-05,9.42,9.94,3.35,,,换手板,5,走到5板,股权转让+实控人变更+木地板+智能家居,股权转让+实控人变更+木地板+智能家居
002951,金时科技,2025-06-04,10.2,10.2,1.65,,,一字板,2025-06-05,10.8,11.22,6.39,,,换手板,5,走到5板,储能+超级电容器+摘帽,蚂蚁数科合作+储能+超级电容器+摘帽
603093,南华期货,2025-06-04,14.98,15.74,5.28,,,换手板,2025-06-05,17.31,17.31,7.26,,,T字板,3,断板,期货经纪+风险管理+做市业务,期货经纪+风险管理+H股上市+股份回购
000889,中嘉博创,2025-06-05,3.27,3.27,0.12,,,一字板,2025-06-06,3.6,3.6,1.38,,,一字板,4,走到4板,摘帽+信息智能传输+通信网络维护,摘帽+信息智能传输+通信网络维护
002298,中电鑫龙,2025-06-05,7.23,7.23,3.75,,,一字板,2025-06-06,7.95,7.95,19.42,,,T字板,3,断板,智慧新能源+存储+华为概念+信创,智慧新能源+存储+华为概念+信创
603042,华脉科技,2025-06-05,16.07,16.97,35.22,,,换手板,2025-06-06,18.0,18.67,50.25,,,换手板,3,断板,铜缆高速连接+光通信,铜缆高速连接+光通信
002826,易明医药,2025-06-05,14.74,14.74,0.3,,,一字板,2025-06-06,16.21,16.21,0.9,,,一字板,7,走到7板,控制权变更+糖尿病首仿药,控制权变更+糖尿病首仿药
600232,金鹰股份,2025-06-09,7.0,7.0,0.87,,,一字板,2025-06-10,7.7,7.7,20.85,,,T字板,4,走到4板,注塑机+纺织机械+锂电池+越南投资,注塑机+纺织机械+锂电池+越南投资
603032,德新科技,2025-06-09,15.3,16.04,3.88,,,换手板,2025-06-10,16.88,17.64,16.43,,,换手板,3,断板,固态电池+锂电池模具+减速器,固态电池+锂电池模具+减速器
002940,昂利康,2025-06-09,20.75,21.58,8.76,,,换手板,2025-06-10,23.74,23.74,5.19,,,T字板,4,走到4板,创新药+仿制药+宠物经济,NHKC-1+创新药+仿制药+宠物经济
600980,XD北矿科,2025-06-10,20.68,20.68,1.26,,,一字板,2025-06-11,22.75,22.75,9.8,,,T字板,5,走到5板,稀土永磁+机器人+央企,稀土永磁+机器人+央企
603332,苏州龙杰,2025-06-10,17.35,18.0,17.94,,,换手板,2025-06-11,19.8,19.8,2.0,,,一字板,3,断板,涤纶+化学纤维+部分产品涨价,涤纶+产品涨价+一季报增长
002181,粤传媒,2025-06-10,7.0,7.34,15.11,,,换手板,2025-06-11,7.71,8.07,8.84,,,换手板,4,走到4板,AI营销+体育产业+文化传媒+广州国企,AI营销+体育产业+报业传媒+广州国企
603139,康惠股份,2025-06-11,24.95,24.95,1.58,,,一字板,2025-06-12,27.45,27.45,1.54,,,一字板,3,断板,中药+创新驱动+控制权变更,中药+创新驱动+控制权变更
603787,新日股份,2025-06-11,14.05,14.05,4.07,,,一字板,2025-06-12,14.19,15.46,20.68,,,换手板,3,断板,电动两轮车+职业培训+海外产能布局,电动两轮车+职业培训+海外产能布局
601279,英利汽车,2025-06-12,4.36,4.36,0.55,,,一字板,2025-06-13,4.8,4.8,1.03,,,一字板,3,断板,防撞系统零部件+汽车零部件+比亚迪概念,汽车零部件+轻量化+比亚迪概念
600281,华阳新材,2025-06-12,6.6,6.6,18.0,,,T字板,2025-06-13,6.71,7.26,29.95,,,换手板,3,断板,稀土永磁+贵金属回收+山西国资+一季报同比扭亏,贵金属回收+稀土永磁+一季报同比扭亏+山西国资
002878,元隆雅图,2025-06-12,21.5,22.66,19.11,,,换手板,2025-06-13,23.67,24.93,42.56,,,换手板,4,走到4板,泡泡玛特合作+IP文创+数字文创资产+Web3.0技术,泡泡玛特合作+IP文创+数字文创资产+Web3.0技术
002615,哈尔斯,2025-06-12,8.96,9.32,29.93,,,换手板,2025-06-13,9.16,10.25,32.91,,,换手板,3,断板,IP经济+泡泡玛特合作+杯壶制造+不锈钢保温器皿,IP经济+泡泡玛特合作+杯壶制造+不锈钢保温器皿
002490,山东墨龙,2025-06-16,4.79,4.79,1.28,,,一字板,2025-06-17,4.99,5.27,28.92,,,换手板,7,走到7板,油气装备+页岩气+营收增长+国企,油气装备+页岩气+国企
002828,贝肯能源,2025-06-16,11.1,11.1,3.37,,,一字板,2025-06-17,10.75,12.21,55.32,,,换手板,4,走到4板,油气勘探开发+加拿大油气权益+页岩气,油气勘探开发+加拿大油气权益+页岩气
600722,金牛化工,2025-06-16,6.34,6.34,1.07,,,一字板,2025-06-17,6.97,6.97,14.68,,,T字板,4,走到4板,甲醇+煤化工+一季报增长+国企改革,甲醇+煤化工+一季报增长+国企改革
002015,协鑫能科,2025-06-16,10.71,10.71,3.57,,,T字板,2025-06-17,11.78,11.78,0.72,,,一字板,4,走到4板,蚂蚁金服概念+光伏RWA+虚拟电厂,蚂蚁金服概念+光伏RWA+虚拟电厂
002017,东信和平,2025-06-17,14.26,14.6,28.36,,,换手板,2025-06-18,14.32,16.06,24.42,,,换手板,3,断板,数字货币+量子科技+低空经济+央企,数字货币+量子科技+低空经济+央企
600110,诺德股份,2025-06-18,3.93,4.25,10.96,,,换手板,2025-06-19,4.47,4.68,14.79,,,换手板,7,走到7板,PCB概念+电子铜箔+固态电池材料+亏损收窄,固态电池材料+PCB概念+电解铜箔
601606,长城军工,2025-06-19,15.93,16.69,18.79,,,换手板,2025-06-20,16.71,18.36,15.52,,,换手板,4,走到4板,军工装备+间接控股股东或变更+科技创新,兵装重组概念+弹药武器装备+科技创新
002579,中京电子,2025-06-19,9.91,9.91,2.63,,,一字板,2025-06-20,10.9,10.9,25.88,,,T字板,3,断板,AI眼镜+PCB+小米概念+人形机器人,PCB+AI眼镜+小米概念+人形机器人
002125,湘潭电化,2025-06-20,12.29,12.29,2.29,,,一字板,2025-06-23,13.49,13.52,14.94,,,换手板,5,走到5板,固态电池+锰酸锂+国企改革,固态电池+锰酸锂+国企改革
000637,茂化实华,2025-06-20,4.87,4.87,27.32,,,T字板,2025-06-23,5.29,5.36,8.53,,,换手板,3,断板,石化主业+多元化发展+亏损改善,石油化工+一季报业绩减亏+国企
603928,DR兴业股,2025-06-20,13.01,13.74,15.09,,,换手板,2025-06-23,14.84,15.11,10.8,,,换手板,5,走到5板,光刻胶+铸造材料+大飞机,酚醛树脂（固态电池材料）+光刻胶+大飞机+铸造材料
603022,新通联,2025-06-23,10.26,10.26,2.68,,,一字板,2025-06-24,11.29,11.29,3.93,,,一字板,5,走到5板,包装+光伏+股权转让,包装+光伏+股权转让
600113,浙江东日,2025-06-23,20.28,22.76,8.45,,,换手板,2025-06-24,22.76,25.04,6.6,,,换手板,3,断板,脑机接口+农批市场+特医食品+国企改革,脑机接口+农批市场+特医食品+国企改革
002846,英联股份,2025-06-23,13.47,14.91,27.63,,,换手板,2025-06-24,15.08,16.4,27.2,,,换手板,4,走到4板,固态电池+复合集流体+金属包装产品,固态电池+复合集流体+金属包装产品
603948,建业股份,2025-06-23,21.57,21.57,1.2,,,一字板,2025-06-24,23.73,23.73,9.0,,,T字板,3,断板,半导体材料+电子化学品+精细化工,半导体材料+电子化学品+精细化工
603155,新亚强,2025-06-23,15.07,15.83,5.96,,,换手板,2025-06-24,17.41,17.41,14.77,,,T字板,3,断板,有机硅+电子化学品+芯片概念+募资变更,有机硅+电子化学品+芯片概念+募资变更
003029,吉大正元,2025-06-24,28.78,28.78,1.52,,,一字板,2025-06-25,31.66,31.66,2.06,,,一字板,4,走到4板,数字货币+跨境支付+蚂蚁金服概念+量子科技,数字货币+跨境支付+蚂蚁金服概念+量子科技
002537,海联金汇,2025-06-24,10.28,10.42,10.42,,,换手板,2025-06-25,10.6,11.46,30.26,,,换手板,3,断板,第三方支付（业务拟转让）+汽车零部件+投资进展,第三方支付（业务拟转让）+区块链+汽车零部件
002217,合力泰,2025-06-25,2.56,2.59,3.07,,,换手板,2025-06-26,2.85,2.85,3.59,,,T字板,3,断板,摘帽+电子纸+国企改革,摘帽+算力+电子纸+国企
002670,国盛证券,2025-06-25,13.9,14.48,5.11,,,换手板,2025-06-26,15.93,15.93,3.24,,,一字板,3,断板,证券+国企改革+一季报增长,证券+国企改革+一季报增长
001236,弘业期货,2025-06-25,11.36,12.01,12.31,,,换手板,2025-06-26,13.21,13.21,2.35,,,一字板,5,走到5板,期货+一季报增长+江苏国资,期货+一季报增长+江苏国资
002263,大东南,2025-06-25,3.0,3.1,5.07,,,换手板,2025-06-26,3.39,3.41,24.75,,,换手板,4,走到4板,固态电池+电容膜产品+国企改革,固态电池+铝塑膜+电容膜+国企改革
600643,爱建集团,2025-06-26,6.29,6.29,0.99,,,一字板,2025-06-27,6.92,6.92,11.69,,,T字板,3,断板,多元金融（香港）+航空租赁,多元金融（香港）+航空租赁
001298,好上好,2025-06-26,25.1,26.81,34.97,,,换手板,2025-06-27,27.84,29.49,54.0,,,换手板,4,走到4板,存储芯片+电子元器件分销+机器人,存储芯片+电子元器件分销+机器人
600241,时代万恒,2025-06-27,9.26,9.68,20.82,,,换手板,2025-06-30,10.65,10.65,16.75,,,T字板,3,断板,BBU电源拓展+新能源电池+辽宁国企,BBU电源拓展+新能源电池+辽宁国企
000026,飞亚达,2025-06-27,13.1,14.38,14.39,,,换手板,2025-06-30,15.82,15.82,2.32,,,一字板,3,断板,手表+精密减速器+中航系,手表+精密减速器+机器人+中航系
603316,诚邦股份,2025-06-27,7.5,8.17,9.54,,,换手板,2025-06-30,8.99,8.99,1.32,,,一字板,6,走到6板,存储芯片+园林景观,存储芯片+园林景观
002549,凯美特气,2025-07-01,11.33,11.33,6.27,,,T字板,2025-07-02,11.56,12.46,27.06,,,换手板,3,断板,光刻气+电子特气+一季报增长,光刻气+电子特气+一季报增长
601218,吉鑫科技,2025-07-01,4.32,4.52,18.78,,,换手板,2025-07-02,4.97,4.97,2.68,,,一字板,4,走到4板,风电设备+绿色电力+一季报增长,海上风电+风电设备+一季报增长
603601,再升科技,2025-07-01,4.47,4.47,1.83,,,一字板,2025-07-02,4.92,4.92,13.57,,,T字板,3,断板,大飞机+低空经济+玻璃纤维棉,玻璃微纤维+真空绝热板+核电
600319,亚星化学,2025-07-01,6.43,7.18,12.78,,,换手板,2025-07-02,7.79,7.9,18.9,,,换手板,3,断板,化工+储能+战略融资+国企,新材料项目+战略融资+项目贷款+国企
002658,雪迪龙,2025-07-01,8.5,8.61,9.04,,,换手板,2025-07-02,9.47,9.47,17.4,,,T字板,4,走到4板,芯片概念+一季报扭亏+环境监测,芯片概念+核电应用+环境监测+一季报扭亏
605151,西上海,2025-07-01,21.34,21.34,0.93,,,一字板,2025-07-02,23.47,23.47,1.05,,,一字板,3,断板,汽车零部件+股权收购+物流服务,汽车零部件+物流服务+股权收购
600192,长城电工,2025-07-01,9.04,9.41,7.96,,,换手板,2025-07-02,10.3,10.35,8.72,,,换手板,3,断板,军工+核电+输配电设备+国企改革,军工+风电+核电+国企改革
603716,塞力医疗,2025-07-02,16.18,17.42,24.05,,,换手板,2025-07-03,17.98,19.16,13.4,,,换手板,4,走到4板,创新药+脑科学数字疗法+SPD业务,创新药+脑科学数字疗法+SPD业务
601003,柳钢股份,2025-07-02,3.9,4.26,4.0,,,换手板,2025-07-03,4.67,4.69,8.35,,,换手板,4,走到4板,钢铁+一季报增长+国企,钢铁+防城港优势+一季报增长+国企
002623,亚玛顿,2025-07-03,18.88,18.88,1.29,,,一字板,2025-07-04,20.77,20.77,18.31,,,T字板,3,断板,光伏玻璃减产+超薄光伏玻璃+阿联酋项目,光伏玻璃减产+超薄光伏玻璃+阿联酋项目
600744,华银电力,2025-07-04,5.75,6.09,10.37,,,换手板,2025-07-07,6.7,6.7,11.74,,,T字板,5,走到5板,中报预增+电力+新能源装机+国企改革,中报预增+电力+新能源装机+国企改革
002636,金安国纪,2025-07-04,11.34,11.34,0.88,,,一字板,2025-07-07,11.23,12.47,11.54,,,换手板,5,走到5板,覆铜板+PCB概念+军工电子+季度扭亏,玻璃纤维+PCB概念+军工电子+季度扭亏
600475,华光环能,2025-07-04,11.43,12.57,6.38,,,换手板,2025-07-07,13.0,13.83,6.67,,,换手板,6,走到6板,光伏概念+氢能源+一带一路+无锡国资,电力+光伏概念+一带一路+无锡国资
605500,森林包装,2025-07-04,9.06,9.06,1.01,,,一字板,2025-07-07,9.97,9.97,11.7,,,T字板,6,走到6板,纸包装+智能制造,热电联产+纸包装+智能制造
002721,金一文化,2025-07-04,4.02,4.02,6.15,,,一字板,2025-07-07,4.02,4.42,10.7,,,换手板,3,断板,数字人民币+AI大模型+摘帽+国企,数字人民币+AI大模型+摘帽+国企
605162,新中港,2025-07-07,9.35,9.39,4.23,,,换手板,2025-07-08,10.33,10.33,12.77,,,T字板,4,走到4板,电力+热电联产+储能,电力+热电联产+储能
002951,金时科技,2025-07-08,14.8,15.73,3.77,,,换手板,2025-07-09,17.0,17.3,2.72,,,换手板,3,断板,蚂蚁数科合作+储能+超级电容器+摘帽,蚂蚁数科合作+储能+超级电容器+摘帽
000514,渝开发,2025-07-08,5.66,5.67,11.29,,,换手板,2025-07-09,5.67,6.24,20.91,,,换手板,4,走到4板,中报预增+房地产+国企改革,中报预增+房地产+国企改革
600962,国投中鲁,2025-07-08,16.25,16.25,0.06,,,一字板,2025-07-09,17.88,17.88,0.29,,,一字板,5,走到5板,并购重组+浓缩果汁+国企,并购重组+浓缩果汁+国企
605122,四方新材,2025-07-08,14.26,14.26,1.5,,,一字板,2025-07-09,15.69,15.69,2.55,,,一字板,5,走到5板,房地产+装配式建筑+混凝土+债权债务重组,房地产+装配式建筑+混凝土+债权债务重组
000655,金岭矿业,2025-07-09,8.88,8.88,4.39,,,T字板,2025-07-10,9.0,9.77,19.16,,,换手板,3,断板,中报预增+铜+铁矿业务+国企,中报预增+铁矿业务+铜+国企
000607,华媒控股,2025-07-09,5.45,5.45,5.97,,,T字板,2025-07-10,5.95,6.0,7.05,,,换手板,4,走到4板,文化产权交易所+幼教业务+AI应用+国企改革,文化产权交易所+幼教业务+AI应用+国企改革
000010,美丽生态,2025-07-10,3.62,3.62,14.06,,,T字板,2025-07-11,3.98,3.98,4.91,,,一字板,3,断板,新型城镇化+光伏+水利,新型城镇化+光伏+水利
603093,南华期货,2025-07-10,22.8,25.26,7.74,,,换手板,2025-07-11,25.71,27.79,8.4,,,换手板,3,断板,国际金融牌照+期货经纪增长,国际金融牌照+期货经纪增长
605399,晨光新材,2025-07-11,15.24,15.24,1.01,,,一字板,2025-07-14,16.16,16.76,14.47,,,换手板,3,断板,硅能源+气凝胶投产,硅能源+气凝胶投产
601908,京运通,2025-07-11,4.22,4.22,1.49,,,一字板,2025-07-14,4.64,4.64,0.83,,,一字板,3,断板,光伏设备+半导体材料+稀土永磁,稀土永磁+光伏设备+半导体材料
603778,国晟科技,2025-07-11,4.86,4.99,23.5,,,换手板,2025-07-14,4.9,5.49,29.07,,,换手板,3,断板,光伏概念+大额合同+技术优势,光伏组件+异质结技术+大额合同
600513,联环药业,2025-07-11,14.28,14.98,25.23,,,换手板,2025-07-14,15.06,16.48,12.96,,,换手板,3,断板,创新药+美阿沙坦钾片+国企改革,创新药+美阿沙坦钾片+国企改革
600606,绿地控股,2025-07-11,2.08,2.08,0.49,,,一字板,2025-07-14,2.29,2.29,5.31,,,T字板,3,断板,房地产+持有虚拟资产相关牌照+二次创业,房地产+持有虚拟资产相关牌照+二次创业
603176,汇通集团,2025-07-14,6.15,6.15,1.09,,,一字板,2025-07-15,6.77,6.77,1.51,,,一字板,3,断板,工程施工+中标项目+订单增长+数字转型,工程施工+中标项目+订单增长+数字转型
002645,华宏科技,2025-07-14,11.18,11.5,14.69,,,换手板,2025-07-15,12.65,12.65,12.22,,,T字板,4,走到4板,业绩扭亏+稀土永磁+机器人应用,中报预增+稀土永磁+机器人应用
600822,上海物贸,2025-07-14,12.09,12.09,8.34,,,T字板,2025-07-15,12.09,13.3,17.27,,,换手板,5,走到5板,数据要素+上海国企+资产收购+一季报增长,数据要素+上海国企+资产收购+一季报增长
002209,达意隆,2025-07-14,14.19,15.32,28.41,,,换手板,2025-07-15,15.62,16.85,23.3,,,换手板,4,走到4板,中报预增+包装设备龙头+机器人概念,中报预增+机器人概念+包装设备
600826,XD兰生股,2025-07-14,9.89,9.89,1.1,,,一字板,2025-07-15,10.88,10.88,10.28,,,T字板,6,走到6板,参股券商+会展运营+上海国企,参股券商+上海国企+会展运营
000880,潍柴重机,2025-07-15,39.0,41.62,19.2,,,换手板,2025-07-16,44.88,45.78,6.8,,,换手板,3,断板,中报预增+数据中心+国企,收购筹划+中报预增+数据中心
002393,力生制药,2025-07-16,22.36,23.88,13.68,,,换手板,2025-07-17,25.5,26.27,13.78,,,换手板,3,断板,中报预增+创新药+国企改革,中报预增+创新药+国企改革
002394,联发股份,2025-07-16,10.32,10.67,23.32,,,换手板,2025-07-17,10.67,11.74,18.3,,,换手板,3,断板,中报预增+机器人概念+棉纺织,机器人概念+棉纺织+中报预增
603115,海星股份,2025-07-17,17.67,17.85,4.78,,,换手板,2025-07-18,19.43,19.64,10.7,,,换手板,3,断板,电极箔+可应用AI服务器+专精特新,电极箔+可应用AI服务器+专精特新
600620,天宸股份,2025-07-17,7.0,7.04,2.34,,,换手板,2025-07-18,7.1,7.74,11.28,,,换手板,3,断板,中报预增+房产销售+储能项目,房产销售+光储一体+中报预增
002265,建设工业,2025-07-18,33.53,33.62,14.13,,,换手板,2025-07-21,33.67,36.98,15.62,,,换手板,3,断板,兵装重组+军工+机器人,机器人+兵装重组+军工
600829,人民同泰,2025-07-18,9.24,9.24,1.44,,,一字板,2025-07-21,10.16,10.16,13.29,,,T字板,3,断板,医药流通+民营医院+黑龙江自贸区,医药流通+民营医院+黑龙江自贸区
601003,柳钢股份,2025-07-18,5.69,6.13,9.39,,,换手板,2025-07-21,6.31,6.74,4.55,,,换手板,4,走到4板,钢铁+高端化转型+国企+中报预增,钢铁+高端化转型+国企+中报预增
605033,美邦股份,2025-07-18,23.36,23.36,1.47,,,一字板,2025-07-21,25.7,25.7,1.16,,,一字板,4,走到4板,新型绿色农药制剂+产能释放+西部大开发,新型绿色农药制剂+产能释放+西部大开发
002246,北化股份,2025-07-18,16.61,17.79,14.72,,,换手板,2025-07-21,19.07,19.57,4.15,,,换手板,4,走到4板,硝化棉+军工+中兵系+中报预增,硝化棉+军工+中兵系+中报预增
001360,南矿集团,2025-07-21,17.17,17.17,5.4,,,一字板,2025-07-22,18.89,18.89,3.3,,,一字板,4,走到4板,砂石骨料+金属矿山+运维服务+战略转型,砂石骨料+金属矿山+运维服务+战略转型
600629,华建集团,2025-07-21,10.32,10.53,2.41,,,换手板,2025-07-22,11.58,11.58,0.73,,,一字板,3,断板,上海微电子相关+工程设计+低空经济+上海国企,水利+工程设计+上海国企
600528,中铁工业,2025-07-22,9.1,9.1,0.6,,,一字板,2025-07-23,10.01,10.01,0.89,,,一字板,4,走到4板,隧道掘进机+抽水蓄能+机器人+中字头,隧道掘进机+抽水蓄能+机器人+中字头
600875,东方电气,2025-07-22,21.58,21.58,0.32,,,一字板,2025-07-23,23.74,23.74,10.51,,,T字板,3,断板,雅下水电概念+发电设备+央企,雅下水电概念+发电设备+央企
603616,韩建河山,2025-07-22,5.21,5.46,14.15,,,换手板,2025-07-23,6.01,6.01,22.8,,,T字板,4,走到4板,水利建设+PCCP龙头+中报预增,水利建设+PCCP龙头+中报预增
002096,易普力,2025-07-22,15.51,15.51,0.45,,,一字板,2025-07-23,17.06,17.06,1.57,,,一字板,3,断板,雅下水电概念+民爆+国企改革,雅下水电概念+民爆+国企改革
002097,山河智能,2025-07-22,9.4,9.7,12.49,,,换手板,2025-07-23,10.67,10.67,1.27,,,一字板,4,走到4板,盾构机+工程机械+低空经济+国企改革,盾构机+工程机械+低空经济+国企改革
002037,保利联合,2025-07-22,11.73,11.73,0.29,,,一字板,2025-07-23,12.9,12.9,0.7,,,一字板,4,走到4板,雅下水电概念+民爆用品+国企改革,雅下水电概念+民爆用品+国企改革
002266,浙富控股,2025-07-22,3.97,4.06,7.57,,,换手板,2025-07-23,4.47,4.47,6.15,,,T字板,3,断板,水电+水利+可控核聚变+危废资源化,雅下水电+可控核聚变+水电设备+危废资源化
601669,中国电建,2025-07-22,6.15,6.15,0.95,,,一字板,2025-07-23,6.77,6.77,1.34,,,一字板,4,走到4板,雅下水电概念+水电+风电+中字头,雅下水电概念+水电+风电+中字头
003001,中岩大地,2025-07-22,33.8,33.8,0.82,,,一字板,2025-07-23,37.18,37.18,0.98,,,一字板,3,断板,岩土工程+水利水电+核电+一季报增长,水利水电+岩土工程+核电
603916,苏博特,2025-07-22,11.56,11.56,0.35,,,一字板,2025-07-23,12.72,12.72,0.29,,,一字板,4,走到4板,混凝土外加剂+水利水电,混凝土外加剂+水利水电
601399,国机重装,2025-07-22,3.58,3.72,6.75,,,换手板,2025-07-23,4.0,4.09,4.25,,,换手板,3,断板,水利+核电+重大技术装备+国企,水利+可控核聚变+国企改革
600117,西宁特钢,2025-07-22,2.85,2.85,0.58,,,一字板,2025-07-23,3.14,3.14,1.88,,,一字板,5,走到5板,雅下水电概念+特钢+产量增长,雅下水电概念+特钢+产量增长
600326,西藏天路,2025-07-22,11.59,11.59,0.52,,,一字板,2025-07-23,12.75,12.75,0.28,,,一字板,5,走到5板,雅下水电概念+水泥+金属铜+西藏国资,雅下水电概念+水泥+金属铜+西藏国资
002297,博云新材,2025-07-22,9.57,9.57,2.52,,,一字板,2025-07-23,10.53,10.53,1.46,,,一字板,3,断板,盾构机上游+大飞机+航空装备+国企,盾构机+大飞机+国企
600801,华新建材,2025-07-22,15.85,15.85,0.37,,,一字板,2025-07-23,17.44,17.44,9.97,,,T字板,3,断板,水泥+中报预增+西南地区,水泥+中报预增+西南地区
603280,南方路机,2025-07-22,30.08,31.59,32.8,,,换手板,2025-07-23,34.34,34.75,64.76,,,换手板,4,走到4板,工程搅拌+AI智能机器人技术+海工装备+核电,水利工程+工程搅拌+海外扩展
002827,高争民爆,2025-07-22,46.7,46.7,0.14,,,一字板,2025-07-23,51.37,51.37,0.31,,,一字板,4,走到4板,雅下水电概念+民爆+国企改革,雅下水电概念+民爆+国企改革
003002,壶化股份,2025-07-22,30.99,31.46,5.47,,,换手板,2025-07-23,34.61,34.61,13.71,,,T字板,3,断板,雅下水电概念+民爆用品+中报预增,雅下水电概念+民爆用品+中报预增
001239,永达股份,2025-07-22,19.15,19.15,3.81,,,一字板,2025-07-23,21.07,21.07,7.56,,,一字板,3,断板,工程机械+隧道掘进+风电+中报预增,隧道掘进+工程机械+风电+中报预增
603966,法兰泰克,2025-07-22,11.69,11.69,0.58,,,一字板,2025-07-23,12.86,12.86,10.95,,,T字板,3,断板,欧式起重机+机器人,雅下水电概念+欧式起重机+空中搬运机器人
600749,西藏旅游,2025-07-23,15.92,15.92,14.09,,,T字板,2025-07-24,16.98,17.51,5.87,,,换手板,8,走到8板,景区运营+中报预增+入境游增长,中报预增+入境游增长+景区运营
001226,拓山重工,2025-07-24,39.08,39.08,1.64,,,一字板,2025-07-25,42.99,42.99,0.68,,,一字板,4,走到4板,工程机械+一带一路,工程机械+一带一路+业绩增长
002644,佛慈制药,2025-07-29,10.69,10.69,16.48,,,T字板,2025-07-30,10.34,11.76,17.43,,,换手板,3,断板,中药+驱蚊液+国企,中药+三胎概念+国企
603367,辰欣药业,2025-07-29,25.0,25.93,3.53,,,换手板,2025-07-30,28.52,28.52,6.04,,,T字板,3,断板,创新药+特医食品+医药百强,创新药+特医食品+医药百强
603280,南方路机,2025-07-29,42.45,45.34,47.77,,,换手板,2025-07-30,46.0,49.87,47.59,,,换手板,4,走到4板,水利工程+工程搅拌+AI智能机器人技术+海外扩展,水利工程+工程搅拌+AI智能机器人技术+海外扩展
001216,华瓷股份,2025-07-29,15.4,16.94,7.8,,,换手板,2025-07-30,18.63,18.63,1.58,,,一字板,3,断板,特高压+氧化锆材料+日用陶瓷+外销,特高压+氧化锆材料+日用陶瓷+外销
001318,阳光乳业,2025-07-30,14.99,16.49,11.02,,,换手板,2025-07-31,17.0,18.14,18.45,,,换手板,3,断板,乳业+三胎概念+自有牧场,乳业+三胎概念+自有牧场
603839,安正时尚,2025-07-30,7.84,8.58,5.51,,,换手板,2025-07-31,9.44,9.44,1.35,,,一字板,3,断板,中高档时装+三胎概念+中报预增,中高档时装+三胎概念+中报预增
600579,中化装备,2025-07-30,10.12,10.12,0.64,,,一字板,2025-07-31,11.13,11.13,18.15,,,T字板,3,断板,资产重组+化工装备+橡胶机械+央企,资产重组+化工装备+低空经济+中字头
002287,奇正藏药,2025-07-31,30.73,31.54,2.57,,,换手板,2025-08-01,33.66,34.69,2.46,,,换手板,3,断板,藏药龙头+创新药+西部大开发,半年度增长+创新药+藏药龙头+西部大开发
001331,胜通能源,2025-07-31,12.72,12.72,6.82,,,一字板,2025-08-01,13.99,13.99,6.97,,,一字板,4,走到4板,LNG+燃气+海外合作,LNG+燃气+海外合作
603059,倍加洁,2025-08-01,33.78,33.78,2.21,,,一字板,2025-08-04,37.16,37.16,2.0,,,一字板,5,走到5板,三胎概念+口腔护理+益生菌+外销,三胎概念+益生菌+口腔护理+外销
002775,文科股份,2025-08-01,4.65,4.84,12.34,,,换手板,2025-08-04,5.16,5.32,28.13,,,换手板,4,走到4板,雅下水电概念+生态环境+债务重组+国企改革,雅下水电概念+生态环境+债务重组+国企改革
603767,中马传动,2025-08-04,20.3,21.9,4.37,,,换手板,2025-08-05,24.09,24.09,4.12,,,T字板,5,走到5板,减速器+大客户长城汽车,减速器+汽车变速器
601606,长城军工,2025-08-05,42.0,42.71,12.33,,,换手板,2025-08-06,43.13,46.98,5.88,,,换手板,4,走到4板,兵装重组概念+弹药武器装备+中报亏损收窄,兵装重组概念+弹药武器装备+中报亏损收窄
002046,国机精工,2025-08-05,22.27,23.33,13.49,,,换手板,2025-08-06,24.0,25.66,7.07,,,换手板,5,走到5板,军工+机器人概念+盾构机轴承+风电轴承增长,军工+机器人概念+盾构机轴承+风电轴承增长
600203,福日电子,2025-08-05,12.82,12.9,13.36,,,换手板,2025-08-06,13.02,14.19,37.53,,,换手板,4,走到4板,机器人OEM+中报预增+国企改革,机器人OEM+中报预增+国企改革
002148,北纬科技,2025-08-05,8.2,8.57,7.75,,,换手板,2025-08-06,9.43,9.43,3.28,,,一字板,4,走到4板,无人机+四足机器人+车联网+低空经济,无人机+四足机器人+车联网+低空经济
600475,华光环能,2025-08-06,16.0,17.51,4.29,,,换手板,2025-08-07,18.0,19.26,1.68,,,换手板,4,走到4板,光伏概念+电力+一带一路+无锡国资,光伏概念+电力+一带一路+无锡国资
002915,中欣氟材,2025-08-06,23.42,24.43,15.86,,,换手板,2025-08-07,26.87,26.87,21.51,,,T字板,3,断板,PEEK材料+氟化工+中报预增,PEEK材料+氟化工+中报预增
605169,洪通燃气,2025-08-06,13.96,13.96,2.06,,,一字板,2025-08-07,13.96,15.36,12.69,,,换手板,4,走到4板,天然气+节能环保,天然气+加气站扩张
002313,日海智能,2025-08-06,11.99,12.36,14.78,,,换手板,2025-08-07,13.0,13.6,23.24,,,换手板,4,走到4板,无线通信模组+液冷服务器+控股股东变更+国企改革,液冷服务器+无线通信模组+控股股东变更+国企改革
605598,上海港湾,2025-08-08,28.01,29.32,2.75,,,换手板,2025-08-11,32.25,32.25,1.16,,,一字板,3,断板,商业航天+岩土工程+钙钛矿电池,商业航天+岩土工程+钙钛矿电池
601929,吉视传媒,2025-08-08,2.54,2.7,12.35,,,换手板,2025-08-11,2.96,2.97,12.4,,,换手板,5,走到5板,AI智能体+数据要素+广播电视+国企,电影《731》+AI智能体+广播电视+国企
603080,新疆火炬,2025-08-11,24.3,24.31,14.3,,,换手板,2025-08-12,24.31,26.74,11.23,,,换手板,3,断板,天然气+新疆振兴+股权转让,天然气+新疆振兴+股权转让
002941,新疆交建,2025-08-11,15.19,15.19,1.19,,,一字板,2025-08-12,16.71,16.71,1.2,,,一字板,4,走到4板,公路施工+绿电业务+中报预增+新疆国资,公路施工+绿电业务+新疆国资+中报预增
002307,北新路桥,2025-08-11,5.07,5.07,1.39,,,一字板,2025-08-12,5.58,5.58,9.67,,,T字板,3,断板,基建+新疆国资+水利,基建+水利+新疆国资
600246,万通发展,2025-08-11,8.39,8.39,7.33,,,T字板,2025-08-12,9.01,9.23,17.95,,,换手板,4,走到4板,芯片投资+科技转型+物业管理+中报预增,芯片投资+科技转型+物业管理+中报预增
600619,海立股份,2025-08-12,20.69,22.98,21.51,,,换手板,2025-08-13,23.51,25.28,22.71,,,换手板,3,断板,光刻机概念+压缩机主业+国企改革+中报预增,光刻机概念+压缩机主业+国企改革+中报预增
605298,必得科技,2025-08-12,20.0,21.65,2.63,,,换手板,2025-08-13,23.82,23.82,8.17,,,T字板,3,断板,轨交设备+控制权变更+中报预增,轨交设备+控制权变更+中报预增
002820,桂发祥,2025-08-12,12.6,13.68,27.85,,,换手板,2025-08-13,15.05,15.05,26.14,,,T字板,3,断板,休闲食品+老字号+国企,休闲食品+老字号+国企
600113,浙江东日,2025-08-12,37.0,39.71,4.77,,,换手板,2025-08-13,42.0,43.68,4.81,,,换手板,3,断板,脑机接口（已澄清）+农批市场+特医食品+国企改革,脑机接口（已澄清）+农批市场+特医食品+国企改革
605188,国光连锁,2025-08-12,13.3,13.3,0.87,,,一字板,2025-08-13,14.63,14.63,11.76,,,T字板,3,断板,零售连锁+智能物流,零售连锁+智能物流
002052,同洲电子,2025-08-12,11.89,11.96,2.63,,,换手板,2025-08-13,13.16,13.16,9.16,,,T字板,3,断板,高功率电源+算力服务器+锂电池+中报扭亏,高功率电源+算力服务器+锂电池+中报扭亏
002148,北纬科技,2025-08-12,11.25,11.45,60.81,,,换手板,2025-08-13,11.45,12.6,49.58,,,换手板,3,断板,四足机器人+无人机+车联网+低空经济,四足机器人+无人机+车联网+低空经济
603757,大元泵业,2025-08-12,34.0,35.41,3.73,,,换手板,2025-08-13,38.95,38.95,1.12,,,一字板,6,走到6板,液冷服务器+海外布局+泵,液冷服务器+海外布局+泵
002104,恒宝股份,2025-08-13,23.0,24.56,47.96,,,换手板,2025-08-14,25.47,27.02,33.24,,,换手板,3,断板,数字货币+数字安全+金融IC卡,数字货币+数字安全+金融IC卡
600658,电子城,2025-08-13,6.28,6.31,4.69,,,换手板,2025-08-14,6.78,6.94,22.74,,,换手板,3,断板,REITs+科技城市更新+量子科技+国企改革,REITs+科技城市更新+量子科技+国企改革
000561,烽火电子,2025-08-13,11.72,12.5,11.12,,,换手板,2025-08-14,13.35,13.75,19.65,,,换手板,3,断板,军工装备+雷达技术+国企改革,军工装备+雷达技术+商业航天+国企改革
002939,长城证券,2025-08-14,10.19,10.96,12.64,,,换手板,2025-08-15,11.0,12.06,7.64,,,换手板,4,走到4板,证券+中报预增+央企,证券+中报预增+央企
603256,宏和科技,2025-08-14,29.37,29.87,2.66,,,换手板,2025-08-15,30.39,32.86,2.31,,,换手板,3,断板,PCB概念+高性能玻纤纱扩产+一季报增长,PCB概念+高性能玻纤纱扩产+一季报增长
603221,爱丽家居,2025-08-14,13.93,13.93,0.9,,,一字板,2025-08-15,15.32,15.32,1.83,,,一字板,4,走到4板,PVC地板+北美工厂+外销,PVC地板+北美工厂+外销
600208,衢州发展,2025-08-14,4.98,4.98,0.11,,,一字板,2025-08-15,5.48,5.48,0.59,,,一字板,3,断板,重大资产重组+半导体材料+复牌,重大资产重组+半导体材料
002536,飞龙股份,2025-08-14,25.9,26.93,20.76,,,换手板,2025-08-15,26.76,29.62,26.53,,,换手板,4,走到4板,液冷服务器+人形机器人+净利润增长,液冷服务器+人形机器人+净利润增长
600737,中粮糖业,2025-08-15,13.29,13.88,9.67,,,换手板,2025-08-18,14.65,15.27,2.79,,,换手板,3,断板,食糖+分红+国企改革,食糖+分红+国企改革
603222,济民健康,2025-08-15,8.2,8.91,19.3,,,换手板,2025-08-18,9.58,9.8,4.29,,,换手板,5,走到5板,医疗器械+细胞治疗+海南自贸港,医疗器械+细胞治疗+海南自贸港
002645,华宏科技,2025-08-18,15.5,16.41,17.12,,,换手板,2025-08-19,17.15,18.05,19.14,,,换手板,3,断板,稀土永磁+机器人应用+中报预增,稀土永磁+机器人应用+中报预增
600110,诺德股份,2025-08-18,7.68,7.7,6.18,,,换手板,2025-08-19,8.3,8.47,21.32,,,换手板,3,断板,电解铜箔+PCB概念+固态电池材料,电解铜箔+PCB概念+固态电池材料
002364,中恒电气,2025-08-18,22.68,22.7,4.34,,,换手板,2025-08-19,23.77,24.97,25.59,,,换手板,3,断板,数据中心+AI算力+液冷超充,数据中心+AI算力+液冷超充
002272,川润股份,2025-08-18,16.38,16.38,2.3,,,一字板,2025-08-19,18.02,18.02,24.97,,,T字板,3,断板,液冷服务器+机器人概念+中报预增,液冷服务器+机器人概念+中报预增
603626,科森科技,2025-08-18,10.42,10.42,1.5,,,一字板,2025-08-19,11.46,11.46,29.47,,,T字板,6,走到6板,机器人概念+消费电子+年报营收增长,机器人概念+消费电子+折叠屏+苹果
002052,同洲电子,2025-08-18,16.59,16.59,1.53,,,一字板,2025-08-19,18.25,18.25,16.68,,,T字板,3,断板,高功率电源+算力服务器+锂电池+中报扭亏,高功率电源+算力服务器+中报扭亏
002158,汉钟精机,2025-08-18,20.71,21.68,12.28,,,换手板,2025-08-19,22.91,23.85,8.27,,,换手板,4,走到4板,压缩机+真空泵+数据中心+半导体概念,压缩机+真空泵+数据中心+半导体概念
002873,新天药业,2025-08-18,12.66,13.81,21.73,,,换手板,2025-08-19,14.36,15.19,12.27,,,换手板,3,断板,创新药+独家品种+心脑血管在研项目,参股投资+创新药+独家品种
605303,园林股份,2025-08-19,14.29,15.05,10.34,,,换手板,2025-08-20,14.97,16.56,15.09,,,换手板,7,走到7板,参股云针科技（云计算）+园林+文旅,参股云针科技（云计算）+园林+文旅
002177,御银股份,2025-08-20,7.51,8.26,35.03,,,换手板,2025-08-21,9.09,9.09,3.6,,,一字板,4,走到4板,半年报增长+智能金融设备+ATM+产业园运营,半年报增长+产业园运营+智能金融设备+现金分红
605028,世茂能源,2025-08-20,24.42,24.42,8.96,,,T字板,2025-08-21,25.29,26.86,6.12,,,换手板,4,走到4板,垃圾焚烧发电+光伏+固废处理+高分红,垃圾焚烧发电+光伏+固废处理+高分红
603101,汇嘉时代,2025-08-21,9.4,10.41,16.06,,,换手板,2025-08-22,10.81,11.45,3.16,,,换手板,3,断板,零售+胖东来调改+新疆振兴+中报增长,零售+胖东来调改+新疆振兴+中报增长
002190,成飞集成,2025-08-21,42.14,44.35,13.01,,,换手板,2025-08-22,47.0,48.79,27.07,,,换手板,4,走到4板,军工+航空零部件+央企,军工+航空零部件+央企
600246,万通发展,2025-08-22,11.61,11.61,0.51,,,一字板,2025-08-25,12.77,12.77,0.35,,,一字板,3,断板,PCIe5.0芯片+科技转型+国产替代,PCIe5.0芯片+科技转型+国产替代
002217,合力泰,2025-08-25,3.32,3.38,4.18,,,换手板,2025-08-26,3.63,3.72,14.31,,,换手板,3,断板,算力+电子纸+扭亏为盈+国企改革,算力+电子纸+扭亏为盈+国企改革
605255,天普股份,2025-08-25,32.23,32.23,0.14,,,一字板,2025-08-26,35.45,35.45,0.04,,,一字板,15,走到15板,中昊芯英拟入主+汽车零部件,中昊芯英拟入主+汽车零部件
603083,剑桥科技,2025-08-26,80.17,80.17,0.92,,,一字板,2025-08-27,88.19,88.19,1.47,,,一字板,3,断板,高速光模块+半年报增长+CPO,高速光模块+半年报增长+华为概念
603177,德创环保,2025-08-27,11.98,11.98,3.59,,,一字板,2025-08-28,13.18,13.18,1.79,,,一字板,5,走到5板,大气治理+碳中和+钠电池,大气治理+危废并购+钠电池
002232,启明信息,2025-08-27,22.65,23.49,20.56,,,换手板,2025-08-28,24.95,25.84,5.15,,,换手板,3,断板,半年报增长+AI智能体+车联网+央企,半年报增长+卫星导航+AI智能体+车联网
605188,国光连锁,2025-08-27,15.51,16.81,5.68,,,换手板,2025-08-28,18.27,18.49,5.08,,,换手板,3,断板,半年报增长+零售连锁+自有物业,半年报增长+零售连锁+自有物业
002053,云南能投,2025-08-28,12.61,13.63,6.73,,,换手板,2025-08-29,13.49,14.99,8.76,,,换手板,3,断板,风电光伏+储能布局+国企改革,风电光伏+储能布局+国企改革
603948,建业股份,2025-08-28,25.3,26.52,2.62,,,换手板,2025-08-29,29.17,29.17,3.03,,,一字板,4,走到4板,芯片材料+精细化工+超纯氨,芯片材料+精细化工+超纯氨
002115,三维通信,2025-08-29,10.12,10.47,45.49,,,换手板,2025-09-01,10.79,11.52,54.64,,,换手板,3,断板,卫星通信+5G专网+海外布局,卫星通信+5G专网+海外布局
002256,兆新股份,2025-08-29,3.22,3.22,1.65,,,一字板,2025-09-01,3.25,3.54,20.61,,,换手板,4,走到4板,半年报增长+RWA+新能源发电+稀土资源,半年报增长+RWA+新能源发电+稀土资源
605288,凯迪股份,2025-09-01,80.6,86.8,6.15,,,换手板,2025-09-02,87.0,95.48,7.42,,,换手板,3,断板,智能线性驱动系统+机器人布局+智能家居,智能线性驱动系统+机器人布局+智能家居
603032,德新科技,2025-09-01,22.58,22.62,5.9,,,换手板,2025-09-02,24.88,24.88,4.15,,,T字板,3,断板,固态电池+机器人概念+半年报增长,固态电池+机器人概念+半年报增长
002975,博杰股份,2025-09-02,58.08,58.08,1.9,,,一字板,2025-09-03,63.89,63.89,23.89,,,T字板,3,断板,AI服务器测试+液冷散热+半年报增长+汽车电子,T客户机器人+AI服务器测试+半年报增长
601069,西部黄金,2025-09-02,23.11,24.1,5.98,,,换手板,2025-09-03,25.4,26.51,10.45,,,换手板,3,断板,半年报增长+黄金+新疆国资+并购,半年报增长+黄金+新疆国资+并购
603839,安正时尚,2025-09-03,9.48,9.48,1.39,,,一字板,2025-09-04,10.43,10.43,2.11,,,一字板,4,走到4板,半年报扭亏+品牌升级+数字化+长三角,半年报扭亏+品牌升级+数字化+长三角
600376,首开股份,2025-09-04,3.1,3.19,5.81,,,换手板,2025-09-05,3.51,3.51,17.64,,,T字板,6,走到6板,间接投资宇树科技+房地产+北京国资+中报减亏,间接投资宇树科技+房地产+北京国资+中报减亏
002150,正泰电源,2025-09-04,15.84,15.84,2.51,,,一字板,2025-09-05,17.3,17.42,11.62,,,换手板,3,断板,半年报增长+储能系统+光伏逆变器,半年报增长+储能系统+光伏逆变器
603285,键邦股份,2025-09-05,27.14,28.59,8.89,,,换手板,2025-09-08,31.45,31.45,9.95,,,一字板,3,断板,锂电池+环保助剂+募投环评,锂电池+环保助剂+募投环评
002759,天际股份,2025-09-05,13.89,13.89,3.06,,,一字板,2025-09-08,15.28,15.28,2.19,,,一字板,4,走到4板,固态电池+六氟磷酸锂+减亏,固态电池+六氟磷酸锂+产能前三+半年报减亏
603709,中源家居,2025-09-05,16.83,16.83,6.16,,,一字板,2025-09-08,18.51,18.51,1.73,,,一字板,3,断板,功能性沙发+跨境电商+非美市场+品牌新零售,功能性沙发+跨境电商+非美市场+品牌新零售
605298,必得科技,2025-09-08,38.04,39.93,5.35,,,换手板,2025-09-09,41.04,43.92,4.11,,,换手板,3,断板,半年报增长+控制权变更+轨交设备+专精特新,半年报增长+股权转让+轨交设备+专精特新
600173,卧龙新能,2025-09-09,7.15,7.63,8.93,,,换手板,2025-09-10,7.95,8.39,20.31,,,换手板,3,断板,房地产+新能源转型+风光储氢+半年报增长,房地产+新能源转型+风光储氢+半年报增长
000718,苏宁环球,2025-09-10,2.46,2.74,6.89,,,换手板,2025-09-11,2.88,3.01,13.07,,,换手板,4,走到4板,地产+医美+低负债+分红,地产+医美+低负债+分红
601116,三江购物,2025-09-10,14.76,14.76,8.63,,,T字板,2025-09-11,15.01,16.24,10.18,,,换手板,3,断板,阿里概念+生鲜超市+半年报增长,阿里概念+生鲜超市+半年报增长
600103,青山纸业,2025-09-10,3.3,3.45,18.3,,,换手板,2025-09-11,3.8,3.8,11.5,,,T字板,4,走到4板,光模块+低价股+林浆纸一体化+国企,光模块+低价股+林浆纸一体化+国企
603516,XD淳中科,2025-09-10,120.0,124.63,5.66,,,换手板,2025-09-11,129.29,137.09,7.31,,,换手板,4,走到4板,液冷测试设备+ASIC芯片+显控系统,液冷测试设备+N公司+ASIC芯片
605398,新炬网络,2025-09-11,35.82,35.82,2.36,,,一字板,2025-09-12,39.4,39.4,11.32,,,T字板,3,断板,甲骨文+阿里云+智能运维,甲骨文+阿里云+智能运维
002905,金逸影视,2025-09-11,11.66,12.47,14.43,,,换手板,2025-09-12,12.95,13.72,17.57,,,换手板,3,断板,影视院线+半年报扭亏+影院拓展+特色影厅,影视院线+半年报扭亏+影院拓展+特色影厅
603228,景旺电子,2025-09-11,60.96,62.7,2.72,,,换手板,2025-09-12,68.02,68.97,9.17,,,换手板,3,断板,PCB+AI服务器+50亿扩产+汽车电子,PCB+AI服务器+50亿扩产+汽车电子
600629,华建集团,2025-09-12,15.29,15.62,3.04,,,换手板,2025-09-15,17.15,17.18,6.61,,,换手板,4,走到4板,上海国资+城市更新+数字孪生+国企改革,上海国资+城市更新+数字孪生+国企改革
002146,荣盛发展,2025-09-15,1.82,1.93,21.6,,,换手板,2025-09-16,2.01,2.12,22.04,,,换手板,3,断板,房地产+并购重组+多板块协同,房地产+并购重组+多板块协同
600162,香江控股,2025-09-15,2.09,2.16,4.22,,,换手板,2025-09-16,2.38,2.38,2.28,,,T字板,5,走到5板,房地产+商贸物流+智慧家居+广州项目,房地产+商贸物流+智慧家居+广州项目
600170,上海建工,2025-09-15,2.92,2.92,2.12,,,一字板,2025-09-16,3.21,3.21,1.9,,,一字板,5,走到5板,黄金+水利水务+上海国企+低价股,黄金+水利水务+建筑机器人+上海国企
600376,首开股份,2025-09-15,6.01,6.06,17.46,,,换手板,2025-09-16,6.16,6.67,8.63,,,换手板,5,走到5板,间接投资宇树科技+房地产+北京国资,间接投资宇树科技+房地产+北京国资
001234,泰慕士,2025-09-16,30.16,30.16,3.51,,,一字板,2025-09-17,33.18,33.18,1.11,,,一字板,5,走到5板,控制权拟变更+服装家纺+贴牌加工+百强企业,控制权拟变更+贴牌加工+服装家纺+百强企业
000559,万向钱潮,2025-09-16,9.11,9.52,6.07,,,换手板,2025-09-17,10.47,10.47,3.05,,,T字板,4,走到4板,机器人+固态电池+汽车零部件+重大资产重组,机器人+固态电池+汽车零部件+重大资产重组
603618,杭电股份,2025-09-17,8.35,8.35,7.97,,,T字板,2025-09-18,8.94,9.19,21.24,,,换手板,6,走到6板,智能电网+光纤+铜箔+半年报,国网杭州供电与宇树合作+智能电网
603626,科森科技,2025-09-17,15.11,16.09,14.95,,,换手板,2025-09-18,17.14,17.7,24.74,,,换手板,3,断板,固态电池+消费电子+亏损收窄+机器人,机器人+固态电池+消费电子+亏损收窄
002067,景兴纸业,2025-09-17,6.51,6.51,1.38,,,一字板,2025-09-18,7.16,7.16,2.44,,,一字板,3,断板,机器人概念+间接投资宇树科技、盛合晶微+回购,机器人概念+间接投资宇树科技、盛合晶微+回购
600699,均胜电子,2025-09-17,33.53,33.53,0.93,,,一字板,2025-09-18,36.88,36.88,0.97,,,一字板,3,断板,150亿订单+人形机器人+汽车电子+半年报增长,150亿订单+人形机器人+汽车电子+半年报增长
603297,永新光学,2025-09-18,119.02,119.02,5.91,,,T字板,2025-09-19,123.05,130.92,9.64,,,换手板,3,断板,光刻机+激光雷达+半年报增长+光学龙头,光刻机+激光雷达+半年报增长+光学龙头
002059,云南旅游,2025-09-18,6.07,6.68,12.17,,,换手板,2025-09-19,7.35,7.35,1.82,,,一字板,4,走到4板,人形机器人+旅游交通+暑期活动+央企,人形机器人+旅游交通+暑期活动+央企
603686,福龙马,2025-09-19,22.02,23.12,8.83,,,换手板,2025-09-22,25.43,25.43,7.22,,,T字板,4,走到4板,无人环卫+机器人+中标+环卫装备,无人环卫+机器人+中标+环卫装备
600400,红豆股份,2025-09-19,3.23,3.33,12.71,,,换手板,2025-09-22,3.63,3.66,4.83,,,换手板,3,断板,男装+养老机器人+新零售+低价股,男装+养老机器人+新零售+低价股
001309,德明利,2025-09-22,150.0,155.11,5.87,,,换手板,2025-09-23,162.96,170.62,19.04,,,换手板,3,断板,存储芯片+AI存储+定增加码+股东减少,存储芯片+AI存储+定增加码+股东减少
002453,华软科技,2025-09-22,7.33,7.33,1.83,,,一字板,2025-09-23,8.06,8.06,20.55,,,T字板,5,走到5板,光刻胶基材+造纸化学品+电子化学品+精细化工,光刻胶基材+造纸化学品+电子化学品+精细化工
002549,凯美特气,2025-09-22,21.88,22.84,22.85,,,换手板,2025-09-23,22.69,25.12,31.45,,,换手板,3,断板,光刻气+电子特气+芯片+中报扭亏,光刻气+电子特气+芯片+中报扭亏
600996,贵广网络,2025-09-22,9.33,9.89,4.25,,,换手板,2025-09-23,10.88,10.88,6.14,,,T字板,3,断板,广电5G+东数西算+贵州国资+华为合作,广电5G+东数西算+贵州国资+数据中心
002513,蓝丰生化,2025-09-23,5.8,6.45,18.17,,,换手板,2025-09-24,7.1,7.1,3.06,,,一字板,6,走到6板,光伏+农药+激励+诉讼和解,对外投资+股权激励+光伏+农药
600167,联美控股,2025-09-23,8.73,8.73,0.25,,,一字板,2025-09-24,9.6,9.6,0.27,,,一字板,4,走到4板,间接投资摩尔线程+氢能源+清洁供热+高铁传媒,间接投资摩尔线程+氢能源+清洁供热+高铁传媒
605358,立昂微,2025-09-24,32.5,33.04,4.32,,,换手板,2025-09-25,36.34,36.34,6.53,,,T字板,3,断板,半导体硅片+VCSEL芯片+机器人+激光雷达,半导体硅片+VCSEL芯片+机器人+激光雷达
603156,养元饮品,2025-09-25,24.4,25.58,0.79,,,换手板,2025-09-26,28.14,28.14,1.21,,,T字板,3,断板,长存投资+核桃乳龙头+高股息+超级品牌,长存投资+核桃乳龙头+高股息+超级品牌
002295,精艺股份,2025-09-25,13.5,13.5,1.61,,,一字板,2025-09-26,13.87,14.85,11.39,,,换手板,3,断板,铜加工+储能+控制权或变更,铜加工+储能+控制权或变更
601218,吉鑫科技,2025-09-26,5.16,5.67,21.14,,,换手板,2025-09-29,6.0,6.24,17.5,,,换手板,3,断板,风电铸件+半年报增长+金属回收,风电铸件+半年报增长+金属回收
600629,华建集团,2025-09-26,23.23,23.71,4.23,,,换手板,2025-09-29,26.0,26.08,3.18,,,换手板,4,走到4板,上海微电子相关+工程设计+城市更新+上海国资,上海微电子相关+工程设计+城市更新+上海国资
002759,天际股份,2025-09-29,17.8,17.93,8.83,,,换手板,2025-09-30,18.84,19.72,22.9,,,换手板,4,走到4板,固态电池+六氟磷酸锂+涨价,固态电池+六氟磷酸锂+涨价
000981,山子高科,2025-09-30,4.01,4.24,15.84,,,换手板,2025-10-09,4.46,4.66,12.65,,,换手板,3,断板,重组哪吒传闻+汽车整车+阿里合作+低价股,重组哪吒传闻+汽车整车+芯片概念+低价股
601212,白银有色,2025-10-10,4.9,5.08,3.52,,,换手板,2025-10-13,5.06,5.59,8.36,,,换手板,3,断板,铜铅锌金银+巴西铜金矿+锂电池+甘肃国企,铜铅锌金银+巴西铜金矿+锂电池+甘肃国企
600078,澄星股份,2025-10-10,8.15,8.2,3.0,,,换手板,2025-10-13,7.8,9.02,5.0,,,换手板,4,走到4板,磷化工+半年报扭亏+高端磷化新材+激励落地,固态电池应用+磷化工+高端磷化新材
000969,安泰科技,2025-10-10,16.41,16.41,10.79,,,T字板,2025-10-13,18.05,18.05,2.51,,,一字板,4,走到4板,可控核聚变+钨铜偏滤器+稀土永磁+国企改革,可控核聚变+稀土永磁+钨钼材料+央企
002208,合肥城建,2025-10-13,9.5,10.13,6.61,,,换手板,2025-10-14,11.14,11.14,20.12,,,T字板,3,断板,间接投资长鑫科技+房地产+合肥国资,间接投资长鑫科技+房地产+合肥国资
601011,宝泰隆,2025-10-13,3.6,3.6,2.35,,,一字板,2025-10-14,3.96,3.96,6.33,,,T字板,3,断板,煤焦龙头+石墨烯+氢能+锂电负极,煤焦龙头+石墨烯+氢能+锂电负极
605188,国光连锁,2025-10-14,17.27,19.0,9.36,,,换手板,2025-10-15,19.59,20.9,9.89,,,换手板,3,断板,零售连锁+半年报增长+自有物业+预制菜,零售连锁+自有物业+半年报增长+预制菜
002942,新农股份,2025-10-15,23.5,24.05,9.69,,,换手板,2025-10-16,24.06,26.46,13.46,,,换手板,3,断板,磷化工+半年报增长+乡村振兴+海外制剂,磷化工+半年报增长+乡村振兴+海外制剂
000626,远大控股,2025-10-15,8.06,8.06,7.51,,,T字板,2025-10-16,8.87,8.87,12.34,,,T字板,5,走到5板,大宗商品贸易+农业,大宗商品贸易+农业
600403,大有能源,2025-10-15,5.08,5.45,3.32,,,换手板,2025-10-16,5.54,6.0,6.29,,,换手板,8,走到8板,能源巨头战略重组+煤炭开采+河南国资,能源巨头战略重组+煤炭开采+河南国资
002370,亚太药业,2025-10-15,6.86,6.86,1.25,,,一字板,2025-10-16,7.55,7.55,2.49,,,一字板,3,断板,控制权变更+创新药+定增7亿+复牌,控制权变更+创新药+定增7亿+复牌
603938,三孚股份,2025-10-16,17.59,17.59,1.78,,,一字板,2025-10-17,19.35,19.35,14.99,,,T字板,4,走到4板,电子特气+芯片+三氯氢硅+氢氧化钾,电子特气+芯片+三氯氢硅+氢氧化钾
603933,睿能科技,2025-10-17,19.57,19.98,8.62,,,换手板,2025-10-20,21.98,21.98,18.04,,,T字板,3,断板,工业自动化+芯片分销+人形机器人+国产替代,工业自动化+芯片分销+人形机器人+国产替代
600408,安泰集团,2025-10-17,2.84,2.97,19.72,,,换手板,2025-10-20,2.8,3.27,28.07,,,换手板,3,断板,焦炭+型钢+循环经济+减亏,焦炭+型钢+循环经济+减亏
002767,先锋电子,2025-10-20,21.34,22.75,14.01,,,换手板,2025-10-21,25.03,25.03,21.0,,,T字板,3,断板,天然气+氢能计量+机器人参股+半年报增长,天然气+氢能计量+机器人参股+半年报增长
000852,石化机械,2025-10-21,7.72,7.72,2.95,,,一字板,2025-10-22,8.49,8.49,0.83,,,一字板,4,走到4板,油气+氢能装备+央企,油气+氢能装备+央企
600172,黄河旋风,2025-10-21,6.86,7.02,13.76,,,换手板,2025-10-22,7.44,7.72,20.48,,,换手板,3,断板,培育钻石+超硬材料+散热材料+国资背景,培育钻石+超硬材料+散热材料+国资背景
000620,盈新发展,2025-10-21,1.86,1.98,6.21,,,换手板,2025-10-22,2.18,2.18,0.64,,,一字板,7,走到7板,文旅+地产+具身智能,拟收购半导体+文旅+地产+具身智能
002278,神开股份,2025-10-21,11.21,11.21,6.33,,,一字板,2025-10-22,12.33,12.33,2.76,,,一字板,4,走到4板,深海装备+机器人概念+可燃冰+中报增长,深海装备+机器人概念+可燃冰+中报增长
601608,中信重工,2025-10-21,6.65,6.9,2.59,,,换手板,2025-10-22,7.59,7.59,0.5,,,一字板,3,断板,人形机器人+风电+国企改革+半年报增长,海上风电+深矿建井+国企改革+半年报增长
600262,北方股份,2025-10-21,25.23,27.18,4.97,,,换手板,2025-10-22,29.9,29.9,10.25,,,T字板,3,断板,三季报预增+无人驾驶+矿用车+央企,三季报预增+矿用车+无人驾驶+央企
002490,山东墨龙,2025-10-22,8.17,8.51,27.63,,,换手板,2025-10-23,8.51,9.36,20.25,,,换手板,3,断板,油气装备+氢能源+国企改革+海外扩张,油气装备+氢能源+国企改革+海外扩张
002748,世龙实业,2025-10-22,11.15,12.71,8.49,,,换手板,2025-10-23,12.74,13.98,11.94,,,换手板,5,走到5板,氯化亚砜+半年报增长+锂电池概念,氯化亚砜+半年报增长+锂电池概念
002678,珠江钢琴,2025-10-23,5.85,6.19,5.31,,,换手板,2025-10-24,6.36,6.81,6.4,,,换手板,3,断板,文旅布局+钢琴龙头+国企改革,文旅布局+钢琴龙头+机器人合作+广州国资
605178,时空科技,2025-10-24,43.35,43.35,0.21,,,一字板,2025-10-27,47.69,47.69,0.41,,,一字板,7,走到7板,重大资产重组+存储芯片+空间计算+文旅夜游,重大资产重组+存储芯片+文旅夜游+智慧城市
001231,农心科技,2025-10-24,23.12,25.92,22.95,,,换手板,2025-10-27,25.66,28.51,34.48,,,换手板,3,断板,农药制剂+乡村振兴+陕西区域,农药制剂+乡村振兴+陕西区域
000599,青岛双星,2025-10-27,6.65,6.96,9.23,,,换手板,2025-10-28,7.6,7.66,6.55,,,换手板,3,断板,拟并购锦湖+轮胎+青岛国资+机器人,拟并购锦湖+轮胎+青岛国资+机器人
000592,平潭发展,2025-10-27,4.99,4.99,2.34,,,一字板,2025-10-28,5.49,5.49,0.42,,,一字板,4,走到4板,海峡两岸+平潭开发+林业+菌草,海峡两岸+平潭开发+林业+菌草
002213,大为股份,2025-10-27,25.58,25.58,1.85,,,一字板,2025-10-28,26.94,28.14,41.49,,,换手板,3,断板,半导体存储+AI应用+锂矿资源+出口增长,半导体存储+AI应用+锂矿资源+出口增长
603122,合富中国,2025-10-29,7.87,8.09,5.87,,,换手板,2025-10-30,8.27,8.9,20.48,,,换手板,9,走到9板,两岸医疗+智能医疗+体外诊断+AI系统,两岸医疗+智能医疗+体外诊断+AI系统
000593,德龙汇能,2025-10-29,9.58,9.58,1.06,,,一字板,2025-10-30,10.54,10.54,14.5,,,T字板,3,断板,控制权变更+氢能中心+燃气分销,控制权变更+氢能中心+燃气分销
002790,瑞尔特,2025-10-29,9.94,9.94,7.85,,,一字板,2025-10-30,10.93,10.93,3.66,,,一字板,4,走到4板,福建自贸区+智能卫浴+装配式项目,智能卫浴+养老概念+福建自贸区+装配式项目
001203,大中矿业,2025-10-30,17.02,17.73,3.36,,,换手板,2025-10-31,19.5,19.5,7.57,,,T字板,3,断板,锂矿采矿证+固态电池+铁矿+金属锂,锂矿采矿证+固态电池+铁矿+金属锂
000592,平潭发展,2025-11-03,7.7,7.79,7.63,,,换手板,2025-11-04,8.31,8.57,19.55,,,换手板,4,走到4板,三季报增长+平潭开发+林业+菌草,三季报增长+平潭开发+林业+菌草
603823,百合花,2025-11-03,17.63,17.63,10.7,,,T字板,2025-11-04,19.39,19.39,17.45,,,T字板,3,断板,化工+钠离子电池+有机颜料+光刻胶颜料,化工+有机颜料+钠离子电池+光刻胶颜料
000572,海马汽车,2025-11-03,6.89,7.26,8.71,,,换手板,2025-11-04,7.95,7.99,12.11,,,换手板,4,走到4板,海南自贸港+氢能汽车+出口,海南自贸港+氢能汽车+出口
002181,粤传媒,2025-11-03,11.59,11.59,0.69,,,一字板,2025-11-04,12.74,12.75,6.9,,,换手板,3,断板,三季报扭亏+全运会活动+广州国资+文化传媒,三季报扭亏+全运会活动+广州国资+文化传媒
002885,京泉华,2025-11-04,29.32,29.32,36.47,,,T字板,2025-11-05,28.36,32.25,34.64,,,换手板,3,断板,三季报增长+磁性元器件+光伏储能+新能源汽车,磁性元器件+数据中心+光伏储能+三季报增长
002255,海陆重工,2025-11-04,10.8,10.8,15.05,,,T字板,2025-11-05,11.88,11.88,2.14,,,一字板,5,走到5板,可控核聚变+钍基熔盐实验堆+余热锅炉+三季报增长,可控核聚变+钍基熔盐实验堆+余热锅炉+三季报增长
000620,盈新发展,2025-11-04,2.95,3.0,3.58,,,换手板,2025-11-05,3.15,3.3,12.23,,,换手板,3,断板,拟收购半导体+具身智能+文旅+短剧游戏,拟收购半导体+具身智能+文旅+短剧游戏
601929,吉视传媒,2025-11-04,4.21,4.48,30.47,,,换手板,2025-11-05,4.48,4.93,29.15,,,换手板,3,断板,广电+数据要素+卫星数据+国企,广电+数据要素+卫星数据+国企
600408,安泰集团,2025-11-04,3.49,3.76,27.37,,,换手板,2025-11-05,3.8,4.14,10.83,,,换手板,3,断板,焦炭+型钢+减亏+循环经济,焦炭+型钢+减亏+循环经济
000993,闽东电力,2025-11-05,11.75,12.84,14.87,,,换手板,2025-11-06,14.11,14.12,5.97,,,换手板,3,断板,海峡两岸+风电+光伏+国企改革,海峡两岸+风电+光伏+国企改革
002451,摩恩电气,2025-11-05,8.57,8.57,4.89,,,一字板,2025-11-06,9.43,9.43,1.51,,,一字板,8,走到8板,电网设备+泰国生产基地+设备更新,电网设备+泰国生产基地+设备更新
001209,洪兴股份,2025-11-06,21.57,23.96,15.21,,,换手板,2025-11-07,23.98,26.36,13.21,,,换手板,4,走到4板,家居服龙头+三胎概念+跨境电商+回购,家居服龙头+三胎概念+跨境电商+回购
600078,澄星股份,2025-11-07,11.4,11.94,3.9,,,换手板,2025-11-10,13.13,13.13,14.53,,,T字板,3,断板,三季报扭亏+磷化工+临港项目+新材料,三季报扭亏+磷化工+临港项目+新材料
600939,重庆建工,2025-11-07,3.97,3.97,2.16,,,一字板,2025-11-10,4.2,4.37,5.66,,,换手板,3,断板,重庆国资+房屋建设+公路工程,重庆国资+房屋建设+公路工程+中标大单
002083,孚日股份,2025-11-07,6.92,7.17,8.8,,,换手板,2025-11-10,7.89,7.89,2.09,,,一字板,8,走到8板,电解液添加剂+涂层材料+埃及建厂+地方国企,电解液添加剂+涂层材料+埃及建厂+国企
600829,人民同泰,2025-11-11,11.36,11.36,1.04,,,一字板,2025-11-12,12.5,12.5,0.82,,,一字板,6,走到6板,医药流通+流感+黑龙江龙头+哈药集团,医药流通+流感+哈药集团
600113,浙江东日,2025-11-11,52.4,53.27,1.04,,,换手板,2025-11-12,58.0,58.6,2.82,,,换手板,3,断板,预制菜+三季报增长+温州国资+农批运营,预制菜+三季报增长+温州国资+农批运营
600429,三元股份,2025-11-11,6.02,6.02,1.35,,,一字板,2025-11-12,6.62,6.62,0.78,,,一字板,4,走到4板,乳业+三季报增长+北京国资,奶皮子糖葫芦+乳业+三季报增长+北京国资
002374,中锐股份,2025-11-11,3.69,3.83,13.65,,,换手板,2025-11-12,3.86,4.21,13.54,,,换手板,3,断板,防伪瓶盖+白酒概念+化债预期+回购,防伪瓶盖+白酒概念+化债预期+回购
600693,东百集团,2025-11-11,8.26,8.26,1.22,,,一字板,2025-11-12,9.08,9.09,8.12,,,换手板,5,走到5板,商业提质+首店经济+海峡两岸+仓储物流,商业提质+首店经济+仓储物流+区位优势
603778,国晟科技,2025-11-11,6.39,6.39,1.73,,,一字板,2025-11-12,7.03,7.03,1.32,,,一字板,5,走到5板,固态电池+光伏组件+此前获大单,光伏组件+固态电池+此前获大单
603122,合富中国,2025-11-12,20.0,20.09,15.38,,,换手板,2025-11-13,21.0,22.1,12.14,,,换手板,3,断板,两岸医疗+体外诊断+非理性炒作风险,两岸医疗+体外诊断+非理性炒作风险
000407,胜利股份,2025-11-12,4.58,4.58,0.53,,,一字板,2025-11-13,5.04,5.04,0.93,,,一字板,6,走到6板,燃气并购+页岩气+复牌,燃气并购+页岩气+复牌
002309,中利集团,2025-11-12,3.84,3.84,5.33,,,T字板,2025-11-13,4.08,4.22,20.94,,,换手板,3,断板,钙钛矿电池+光伏+地方国资+特种线缆,钙钛矿电池+光伏+地方国资+特种线缆
600408,安泰集团,2025-11-12,4.68,5.17,31.41,,,换手板,2025-11-13,5.58,5.69,13.55,,,换手板,5,走到5板,焦炭+型钢+减亏+循环经济,焦炭+型钢+减亏+循环经济
003041,真爱美家,2025-11-13,37.29,37.29,0.1,,,一字板,2025-11-14,41.02,41.02,0.75,,,一字板,6,走到6板,控制权变更+家纺+一带一路+业绩高增,控制权变更+家纺+业绩高增+一带一路
603026,石大胜华,2025-11-13,87.77,91.38,3.57,,,换手板,2025-11-14,98.69,100.52,6.8,,,换手板,3,断板,电解液+六氟磷酸锂+宁德时代+国企,电解液+六氟磷酸锂+宁德时代+国企
002805,丰元股份,2025-11-14,21.68,21.68,12.21,,,T字板,2025-11-17,23.2,23.85,29.9,,,换手板,3,断板,固态电池+磷酸铁锂+草酸龙头+产能利用率提升,固态电池+磷酸铁锂+草酸+产能利用率提升
001203,大中矿业,2025-11-14,26.0,28.08,2.39,,,换手板,2025-11-17,30.23,30.89,5.42,,,换手板,3,断板,锂矿采矿证+固态电池+铁矿+金属锂,锂矿采矿证+固态电池+铁矿+金属锂
000592,平潭发展,2025-11-14,9.98,10.88,16.6,,,换手板,2025-11-17,11.97,11.97,1.27,,,一字板,3,断板,海峡两岸+平潭开发+林业+化肥,海峡两岸+平潭开发+林业+菌草
601566,九牧王,2025-11-14,11.31,12.58,6.11,,,换手板,2025-11-17,13.84,13.84,3.51,,,T字板,6,走到6板,海峡两岸+男裤龙头+线上增长,海峡两岸+男裤龙头+线上增长
000798,中水渔业,2025-11-17,10.31,10.31,3.13,,,一字板,2025-11-18,11.1,11.34,,,,换手板,7,走到7板,远洋渔业+国企改革+业绩增长+央企,
001216,华瓷股份,2025-11-17,16.87,18.74,9.94,,,换手板,2025-11-18,18.79,20.61,,,,换手板,4,走到4板,日用陶瓷+陶瓷新材料+越南基地+定增进展,
603353,和顺石油,2025-11-17,30.83,30.83,0.53,,,一字板,2025-11-18,33.91,33.91,10.54,,,T字板,3,断板,拟控股奎芯科技+半导体IP+加油站+华为超充,拟控股奎芯科技+半导体IP+加油站+华为超充
002682,龙洲股份,2025-11-17,7.13,7.13,0.81,,,一字板,2025-11-18,7.84,7.84,,,,T字板,3,断板,储能+应急装备+卫星导航+海峡两岸+国企,
002474,榕基软件,2025-11-18,8.71,9.35,,,,换手板,2025-11-19,10.29,10.29,16.68,,,T字板,5,走到5板,,信创政务+AI+数据要素+海峡两岸
600756,浪潮软件,2025-11-18,21.66,21.66,2.59,,,一字板,2025-11-19,23.83,23.83,1.64,,,一字板,3,断板,AI政务+数字政府+山东国资+回购进展,AI政务+数字政府+山东国资+回购进展
000546,金圆股份,2025-11-18,6.91,6.91,,,,T字板,2025-11-19,7.5,7.6,5.95,,,换手板,3,断板,,盐湖提锂+锂矿布局+固废回收
002877,智能自控,2025-11-19,10.91,10.91,4.32,,,一字板,2025-11-20,11.28,12.0,44.48,,,换手板,3,断板,智能控制阀+新型工业化+国产化替代+新能源,智能控制阀+国产化替代+新能源+新型工业化
002213,大为股份,2025-11-19,29.0,33.31,43.51,,,换手板,2025-11-20,34.88,36.64,26.91,,,换手板,3,断板,存储芯片+锂矿资源+出口增长+缓速器,锂矿资源+存储芯片+境外收入
000859,国风新材,2025-11-20,7.89,7.89,8.18,,,T字板,2025-11-21,7.82,8.68,35.34,,,换手板,4,走到4板,光刻胶+膜材料+国企改革,光刻胶+膜材料+国企改革
603216,梦天家居,2025-11-20,19.0,19.0,0.27,,,一字板,2025-11-21,20.9,20.9,12.22,,,T字板,5,走到5板,终止筹划收购+复牌+智能家居+芯片概念,终止筹划收购+复牌+智能家居+芯片概念
000017,深中华A,2025-11-20,7.84,8.39,11.58,,,换手板,2025-11-21,9.23,9.23,2.3,,,一字板,3,断板,珠宝黄金+锂电池+三季报增长+限售解禁,珠宝黄金+锂电池+三季报增长
000070,特发信息,2025-11-24,11.0,11.5,18.05,,,换手板,2025-11-25,12.1,12.65,7.78,,,换手板,4,走到4板,深圳国资+光通信+半年报扭亏,深圳国资+光通信+半年报扭亏
002264,新华都,2025-11-24,8.92,8.92,1.18,,,一字板,2025-11-25,9.81,9.81,0.59,,,一字板,4,走到4板,AI电商+互联网营销+跨境电商+即时零售+海峡两岸,AI电商+互联网营销+跨境电商+即时零售+海峡两岸
000892,欢瑞世纪,2025-11-24,7.7,8.05,29.29,,,换手板,2025-11-25,7.81,8.86,11.19,,,换手板,4,走到4板,AIGC+短剧+互动影游+三季报增长,AIGC+短剧+互动影游+三季报增长
001296,长江材料,2025-11-24,25.72,28.06,29.87,,,换手板,2025-11-25,30.87,30.87,10.88,,,T字板,3,断板,3D打印+环保覆膜砂+三季报增长,3D打印+环保覆膜砂+三季报增长
000952,广济药业,2025-11-25,8.1,8.61,10.39,,,换手板,2025-11-26,9.47,9.47,12.08,,,一字板,4,走到4板,流感+维生素B2+国企,流感+维生素B2+国企
003018,金富科技,2025-11-25,15.09,15.41,11.81,,,换手板,2025-11-26,16.15,16.95,29.64,,,换手板,3,断板,拟收购蓝原科技+布局电缆+塑料瓶盖,拟收购蓝原科技+塑料瓶盖+电线电缆
002413,雷科防务,2025-11-25,7.01,7.01,12.45,,,T字板,2025-11-26,7.71,7.71,30.8,,,T字板,3,断板,商业航天+毫米波雷达+存储芯片+收购尧云,商业航天+毫米波雷达+存储芯片+收购尧云
600828,茂业商业,2025-11-26,4.89,5.08,2.71,,,换手板,2025-11-27,5.59,5.59,0.42,,,一字板,4,走到4板,百货零售+川超+天府壹号,百货零售+川超+天府壹号
000510,新金路,2025-11-26,7.72,7.72,3.46,,,T字板,2025-11-27,8.49,8.49,15.93,,,T字板,3,断板,高纯石英砂+复产+氯碱化工+联席总裁,高纯石英砂+复产+联席总裁+氯碱化工
000078,海王生物,2025-11-27,2.96,3.09,15.66,,,换手板,2025-11-28,3.05,3.4,15.64,,,换手板,6,走到6板,创新药+流感+医药流通+民营龙头,创新药+流感+医药流通+民营龙头
002702,海欣食品,2025-11-27,6.58,6.58,8.27,,,T字板,2025-11-28,6.38,7.24,40.07,,,换手板,6,走到6板,海峡两岸+预制菜+常温新品+山姆渠道,海峡两岸+山姆渠道+常温新品+火锅丸滑
603778,国晟科技,2025-11-28,10.67,11.59,17.6,,,换手板,2025-12-01,11.86,12.75,26.61,,,换手板,3,断板,固态电池+孚悦科技+光伏组件+异质结,固态电池+孚悦科技+光伏组件+异质结
603933,睿能科技,2025-11-28,20.68,23.02,16.81,,,换手板,2025-12-01,24.84,25.32,5.97,,,换手板,4,走到4板,人形机器人+芯片分销+工业自动化+国产替代,人形机器人+芯片分销+工业自动化+国产替代
002632,道明光学,2025-11-28,12.44,12.44,1.85,,,一字板,2025-12-01,12.44,13.68,14.62,,,换手板,5,走到5板,固态电池+铝塑膜+反光材料+三季报增长,AI手机+AR镜片+固态电池+反光材料
600981,苏豪汇鸿,2025-12-01,3.06,3.39,7.25,,,换手板,2025-12-02,3.55,3.73,4.61,,,换手板,3,断板,大宗贸易+跨境电商+江苏国资+扭亏为盈,大宗贸易+跨境电商+江苏国资+扭亏为盈
002976,瑞玛精密,2025-12-01,28.79,31.28,20.49,,,换手板,2025-12-02,30.97,34.41,23.98,,,换手板,3,断板,三腔空气悬架+锂电池+定增落地+三季报扭亏,三腔空气悬架+汽车零部件+定增完成+三季报扭亏
002565,顺灏股份,2025-12-01,8.83,8.83,1.0,,,一字板,2025-12-02,8.97,9.71,23.05,,,换手板,4,走到4板,商业航天+太空算力+环保纸+工业大麻,商业航天+太空算力+环保纸+工业大麻
003018,金富科技,2025-12-01,22.57,22.57,7.09,,,一字板,2025-12-02,24.83,24.83,12.27,,,T字板,3,断板,拟收购蓝原科技+塑料瓶盖+第二主业布局,拟收购蓝原科技+塑料瓶盖+第二主业布局
002792,通宇通讯,2025-12-01,26.16,26.16,0.93,,,一字板,2025-12-02,28.78,28.78,1.52,,,一字板,3,断板,投资凌空天行+商业航天+卫星通信+射频器件+CPO,投资凌空天行+商业航天+卫星通信
002413,雷科防务,2025-12-01,8.43,8.43,3.84,,,一字板,2025-12-02,8.69,9.27,49.17,,,换手板,3,断板,商业航天+毫米波雷达+存储芯片+卫星导航,商业航天+毫米波雷达+存储芯片+卫星导航
000547,航天发展,2025-12-01,14.8,14.86,8.98,,,换手板,2025-12-02,15.51,16.35,22.54,,,换手板,3,断板,商业航天+孙公司增资扩股+央企+海峡两岸,商业航天+控股孙公司增资扩股+央企+海峡两岸
002348,高乐股份,2025-12-02,5.29,5.29,0.67,,,一字板,2025-12-03,5.82,5.82,0.55,,,一字板,4,走到4板,实控人变更+潮玩玩具+定增募资,实控人变更+潮玩玩具+定增募资
603327,福蓉科技,2025-12-02,12.09,12.09,6.18,,,T字板,2025-12-03,12.44,13.3,16.81,,,换手板,3,断板,AI手机+AI眼镜+铝结构件+国企改革,AI手机+AI眼镜+铝结构件+国企改革
603696,安记食品,2025-12-03,16.09,16.09,25.99,,,T字板,2025-12-04,17.0,17.7,19.79,,,换手板,6,走到6板,调味品+海峡两岸+福建自贸区,调味品+海峡两岸+福建自贸区
002300,太阳电缆,2025-12-03,8.39,8.56,5.46,,,换手板,2025-12-04,9.42,9.42,2.08,,,一字板,4,走到4板,福建算力政策+海底电缆+海峡两岸+军工,福建算力政策+海底电缆+海峡两岸+军工
002589,瑞康医药,2025-12-04,3.78,3.87,24.58,,,换手板,2025-12-05,3.99,4.26,6.65,,,换手板,4,走到4板,医药流通+中医药+回购+创新药,医药流通+中医药+回购+中药新药
603386,骏亚科技,2025-12-04,15.14,15.14,2.79,,,一字板,2025-12-05,16.65,16.65,13.58,,,T字板,5,走到5板,人形机器人+PCB+扭亏,人形机器人+PCB+扭亏
601399,国机重装,2025-12-04,4.08,4.21,4.03,,,换手板,2025-12-05,4.35,4.63,7.53,,,换手板,3,断板,核电装备+可控核聚变+国企改革+海工装备,核电装备+可控核聚变+国企改革+海工装备
600151,航天机电,2025-12-04,11.28,12.41,6.21,,,换手板,2025-12-05,13.0,13.65,20.49,,,换手板,3,断板,航天+光伏组件+汽车热系统+央企,航天+光伏组件+汽车热系统+央企
002682,龙洲股份,2025-12-04,6.9,7.16,8.1,,,换手板,2025-12-05,7.88,7.88,2.26,,,一字板,6,走到6板,海峡两岸+土地收储+卫星导航+储能+国企,海峡两岸+土地收储+机器人+卫星导航+国企
605299,舒华体育,2025-12-05,11.75,12.95,11.02,,,换手板,2025-12-08,13.73,14.25,3.25,,,换手板,4,走到4板,体育产业+冰雪产业+海峡两岸,海峡两岸+体育产业+冰雪产业
002585,双星新材,2025-12-05,6.6,6.93,12.79,,,换手板,2025-12-08,7.62,7.62,2.34,,,一字板,3,断板,BOPET涨价+MLCC离型膜+复合铜箔,BOPET涨价+建筑节能+复合铜箔
000905,厦门港务,2025-12-08,12.0,13.2,14.63,,,换手板,2025-12-09,14.0,14.52,9.0,,,换手板,4,走到4板,拟收购集装箱资产+海峡两岸+福建国资+港口物流,拟收购集装箱资产+海峡两岸+福建国资+港口物流
600693,东百集团,2025-12-08,10.45,11.21,10.31,,,换手板,2025-12-09,12.33,12.33,5.64,,,一字板,5,走到5板,海峡两岸+首店经济+仓储物流,海峡两岸+首店经济+仓储物流
002752,昇兴股份,2025-12-08,7.22,7.91,4.7,,,换手板,2025-12-09,8.7,8.7,0.79,,,一字板,3,断板,海峡两岸+福建自贸区+金属包装+红牛,海峡两岸+福建自贸区+金属包装+红牛
003031,中瓷电子,2025-12-09,65.31,65.31,0.85,,,一字板,2025-12-10,68.58,71.84,13.02,,,换手板,3,断板,光通信+CPO+光刻机+氮化镓+央企,光通信+CPO+光刻机+氮化镓+央企
603601,再升科技,2025-12-09,6.33,6.33,10.88,,,T字板,2025-12-10,6.96,6.96,2.96,,,一字板,6,走到6板,商业航天+核电+无尘空调+玻璃微纤维,商业航天+核电+无尘空调+玻璃微纤维
601933,永辉超市,2025-12-09,4.38,4.75,10.11,,,换手板,2025-12-10,5.23,5.23,3.0,,,一字板,3,断板,大消费+海峡两岸+品质零售+门店调改,零售+胖东来调改+海峡两岸
001330,博纳影业,2025-12-09,10.3,10.65,16.28,,,换手板,2025-12-10,11.19,11.72,8.57,,,换手板,3,断板,参投阿凡达3+AI短剧+影视院线+IP经济,参投阿凡达3+AI短剧+影视院线+IP经济
002235,安妮股份,2025-12-09,11.24,11.24,0.59,,,一字板,2025-12-10,12.36,12.36,0.88,,,一字板,4,走到4板,控制权变更+福建自贸区+防伪溯源+彩票印制,控制权变更+福建自贸区+防伪溯源+彩票印制
002725,跃岭股份,2025-12-10,18.7,19.27,29.62,,,换手板,2025-12-11,20.24,21.2,21.09,,,换手板,3,断板,光芯片+回购进展+铝轮毂出口,光芯片+磷化铟+铝轮毂出口+回购进展
603709,中源家居,2025-12-11,19.72,21.67,9.77,,,换手板,2025-12-12,21.84,23.84,7.41,,,换手板,3,断板,跨境电商+功能沙发+越南基地+养老,跨境电商+功能沙发+越南基地+养老
600865,百大集团,2025-12-12,11.17,11.88,15.94,,,换手板,2025-12-15,11.59,13.07,17.18,,,换手板,6,走到6板,百货零售+委托理财+恒隆合作,百货零售+杭州百大置业+委托理财+恒隆合作
001208,华菱线缆,2025-12-12,16.34,16.34,2.01,,,一字板,2025-12-15,17.97,17.97,2.97,,,一字板,4,走到4板,商业航天+机器人+特种电缆+国企,商业航天+机器人+可控核聚变+特种线缆
002639,雪人集团,2025-12-12,17.0,18.16,28.46,,,换手板,2025-12-15,19.98,19.98,19.38,,,T字板,3,断板,可控核聚变+商业航天+氢能装备+冰雪经济,可控核聚变+商业航天+氢能装备+制冰设备
600936,北投科技,2025-12-12,4.05,4.11,9.73,,,换手板,2025-12-15,4.18,4.52,14.8,,,换手板,3,断板,拟更名为北投科技+智慧交通+机器人+广西国资,拟更名为北投科技+智慧交通+机器人+广西国资
002471,中超控股,2025-12-12,5.07,5.31,14.42,,,换手板,2025-12-15,5.84,5.84,2.57,,,一字板,3,断板,燃气轮机订单+商业航天+高温合金,燃气轮机订单+商业航天+高温合金+电线电缆
000890,法尔胜,2025-12-15,6.46,6.46,3.04,,,一字板,2025-12-16,7.11,7.11,5.3,,,一字板,3,断板,重组+环保+金属制品+净水,重组+环保+金属制品
001331,胜通能源,2025-12-15,17.85,17.85,0.19,,,一字板,2025-12-16,19.64,19.64,0.24,,,一字板,14,走到14板,控制权变更+七腾机器人+要约收购+LNG,控制权变更+七腾机器人+LNG
002300,太阳电缆,2025-12-15,11.76,11.76,1.64,,,一字板,2025-12-16,12.51,12.94,31.91,,,换手板,3,断板,海底电缆+核电+福建算力+海峡两岸,海底电缆+核电+福建算力+海峡两岸
002853,皮阿诺,2025-12-16,17.86,17.86,2.04,,,一字板,2025-12-17,18.11,19.65,20.93,,,换手板,3,断板,实控人变更+定制家居+复牌,实控人变更+定制家居+复牌
001317,三羊马,2025-12-16,49.28,52.0,13.5,,,换手板,2025-12-17,53.22,57.2,55.05,,,换手板,3,断板,整车物流+一带一路+无人车+新疆振兴,整车物流+一带一路+无人车+新疆振兴
601366,利群股份,2025-12-17,5.49,5.49,13.99,,,T字板,2025-12-18,5.35,6.04,22.19,,,换手板,3,断板,零售+食品工业+统一大市场+智慧物流,零售板块+食品工业+智慧物流+即时零售
002703,浙江世宝,2025-12-18,14.31,15.92,30.81,,,换手板,2025-12-19,15.3,17.51,15.81,,,换手板,3,断板,L3自动驾驶+线控转向+智能转向+转向系统,L3自动驾驶+线控转向+智能转向+转向系统
603585,苏利股份,2025-12-18,20.36,20.36,7.81,,,T字板,2025-12-19,20.8,22.4,15.31,,,换手板,3,断板,农化制品+阻燃剂+百菌清涨价,百菌清涨价+农化制品+阻燃剂
002910,庄园牧场,2025-12-18,11.5,12.41,22.88,,,换手板,2025-12-19,11.66,13.65,25.09,,,换手板,4,走到4板,乳业+宠物经济+甘肃国资,乳业+宠物经济+甘肃国资
002969,嘉美包装,2025-12-18,5.52,5.52,0.16,,,一字板,2025-12-19,6.07,6.07,0.3,,,一字板,10,走到10板,控制权变更+三片罐龙头+海峡两岸,控制权变更+三片罐龙头+海峡两岸
002188,中天服务,2025-12-18,6.0,6.79,27.42,,,换手板,2025-12-19,7.12,7.47,15.88,,,换手板,3,断板,物业管理+环杭区域+科技赋能+多元业态,物业管理+环杭区域+科技赋能+多元业态
002788,鹭燕医药,2025-12-18,13.9,13.9,1.89,,,一字板,2025-12-19,15.29,15.29,0.83,,,一字板,5,走到5板,医药分销+中药饮片+海峡两岸,医药分销+中药饮片+海峡两岸
002361,神剑股份,2025-12-19,7.7,8.17,30.98,,,换手板,2025-12-22,8.99,8.99,31.53,,,T字板,8,走到8板,商业航天+无人机+聚酯树脂+国企,商业航天+无人机+聚酯树脂+地方国企
001336,楚环科技,2025-12-22,27.15,28.95,22.58,,,换手板,2025-12-23,28.66,31.85,33.01,,,换手板,3,断板,航空航天相关投资+创投+半导体+废气治理,航空航天相关投资+创投+半导体+废气治理
002163,海南发展,2025-12-22,15.87,15.99,5.63,,,换手板,2025-12-23,17.59,17.59,1.72,,,一字板,4,走到4板,海南自贸区+幕墙工程+BIPV+海南国资,海南自贸区+幕墙工程+BIPV+海南国资
000566,海南海药,2025-12-22,7.29,7.96,14.68,,,换手板,2025-12-23,8.51,8.76,29.43,,,换手板,3,断板,海南自贸港+创新药+国企,海南自贸港+创新药+央企
603069,海汽集团,2025-12-22,26.0,26.25,4.78,,,换手板,2025-12-23,28.88,28.88,1.82,,,一字板,3,断板,重组+无人驾驶+免税+海南国资,重组+无人驾驶+免税+海南国资
002228,合兴包装,2025-12-23,5.16,5.41,12.94,,,换手板,2025-12-24,5.69,5.95,7.7,,,换手板,4,走到4板,海峡两岸+瓦楞包装+客户旺旺+智能制造,海峡两岸+瓦楞包装+客户旺旺+智能制造
600179,安通控股,2025-12-23,4.92,4.92,4.25,,,T字板,2025-12-24,4.8,5.41,7.72,,,换手板,5,走到5板,海南自贸区+集装箱物流+中外运增持+注册地迁闽,海南自贸区+海峡两岸+集装箱物流+中外运增持
000551,创元科技,2025-12-23,12.79,13.78,13.18,,,换手板,2025-12-24,15.16,15.16,2.1,,,一字板,4,走到4板,商业航天+机器人+轴承龙头+苏州国资,半导体洁净室+商业航天+苏州国资
603696,安记食品,2025-12-23,24.44,24.44,7.04,,,一字板,2025-12-24,26.0,26.88,9.76,,,换手板,3,断板,海峡两岸+调味品+三季报增长,海峡两岸+调味品+三季报增长
603163,圣晖集成,2025-12-23,67.5,71.01,1.38,,,换手板,2025-12-24,78.11,78.11,3.73,,,T字板,4,走到4板,半导体设备+海外中标+洁净室工程+海峡两岸,半导体洁净室+海外大单+三季报增长+中芯国际客户
603698,航天工程,2025-12-24,29.61,34.02,10.65,,,换手板,2025-12-25,35.72,37.42,7.25,,,换手板,3,断板,航天科技控股+煤气化+绿氢+央企,航天科技控股+煤气化+绿氢+央企
002201,九鼎新材,2025-12-24,10.0,10.29,3.53,,,换手板,2025-12-25,11.32,11.32,1.08,,,一字板,4,走到4板,商业航天+风电+玻纤+分红,商业航天+玻纤+风电+分红
600118,中国卫星,2025-12-25,67.55,72.73,12.3,,,换手板,2025-12-26,74.0,80.0,14.19,,,换手板,4,走到4板,商业航天+卫星研制+央企+扭亏,商业航天+卫星研制+央企+扭亏
605598,上海港湾,2025-12-25,59.4,61.9,4.4,,,换手板,2025-12-26,63.2,68.09,6.96,,,换手板,3,断板,商业航天+钙钛矿电池+一带一路+岩土工程,商业航天+钙钛矿电池+一带一路+岩土工程
002931,锋龙股份,2025-12-25,21.65,21.65,0.39,,,一字板,2025-12-26,23.82,23.82,0.07,,,一字板,18,走到18板,优必选拟入主+机器人+复牌,优必选入主+机器人+园林机械
600755,XD厦门国,2025-12-25,7.73,7.93,18.06,,,换手板,2025-12-26,7.8,8.72,18.81,,,换手板,3,断板,海峡两岸+供应链+高股息+国企改革,海峡两岸+供应链+高股息+国企改革
603278,大业股份,2025-12-25,10.68,11.64,18.87,,,换手板,2025-12-26,12.8,12.8,12.93,,,T字板,6,走到6板,商业航天+腱绳+胎圈钢丝+扭亏,商业航天+腱绳+胎圈钢丝+扭亏
603601,再升科技,2025-12-25,12.13,12.13,7.78,,,T字板,2025-12-26,13.0,13.34,40.92,,,换手板,3,断板,商业航天+玻璃微纤维+协议转让+无尘空调,商业航天+玻璃微纤维+协议转让+无尘空调
605007,五洲特纸,2025-12-25,13.8,14.19,5.53,,,换手板,2025-12-26,15.61,15.61,12.0,,,T字板,3,断板,格拉辛纸投产+海峡两岸+特种纸龙头,涨价潮+格拉辛纸投产+海峡两岸+特种纸龙头
600783,鲁信创投,2025-12-25,19.17,19.18,6.85,,,换手板,2025-12-26,21.1,21.1,3.92,,,T字板,4,走到4板,间接投资蓝箭航天+创投+山东国资,间接投资蓝箭航天+创投+山东国资
002363,隆基机械,2025-12-25,10.31,10.31,1.05,,,一字板,2025-12-26,10.8,11.34,26.13,,,换手板,3,断板,商业航天+军工配套+制动部件+低空经济,商业航天+军工配套+制动部件+低空经济
002009,天奇股份,2025-12-26,19.36,19.36,5.24,,,一字板,2025-12-29,21.28,21.3,43.6,,,换手板,4,走到4板,人形机器人+优必选+银河通用+工业制造,拟定增+人形机器人+锂电循环+特斯拉
002652,扬子新材,2025-12-26,4.2,4.42,10.95,,,换手板,2025-12-29,4.5,4.86,22.21,,,换手板,3,断板,中芯国际概念+半导体洁净室+有机涂层板,中芯国际概念+半导体洁净室+有机涂层板
002591,恒大高新,2025-12-29,7.77,8.2,7.55,,,换手板,2025-12-30,9.02,9.02,3.78,,,一字板,3,断板,硅碳负极+航空航天+军工+防磨抗蚀,硅碳负极+航空航天+防磨抗蚀+固态电池
603667,五洲新春,2025-12-30,58.2,63.62,11.23,,,换手板,2025-12-31,69.98,69.98,10.06,,,T字板,3,断板,人形机器人+丝杠+商业航天+定增过会,人形机器人+丝杠+定增过会+客户落地
002347,泰尔股份,2025-12-30,9.21,11.25,44.08,,,换手板,2025-12-31,11.96,12.38,8.22,,,换手板,3,断板,商业航天+机器人+冶金龙头,商业航天+机器人+冶金龙头
002177,御银股份,2025-12-30,8.55,8.55,22.05,,,T字板,2025-12-31,8.4,9.41,56.99,,,换手板,3,断板,曾涉及数字货币+智能金融设备+ATM+产业园运营,数字货币+产业园+广州
001266,宏英智能,2025-12-30,34.54,35.79,16.75,,,换手板,2025-12-31,37.13,39.37,17.52,,,换手板,3,断板,液冷储能+机器人+商业航天+回购,液冷储能+机器人+商业航天
002413,雷科防务,2025-12-30,11.41,11.41,16.53,,,T字板,2025-12-31,12.01,12.55,13.4,,,换手板,6,走到6板,商业航天+卫星导航+毫米波雷达+存储芯片,商业航天+卫星遥感+毫米波雷达+军工电子
002757,南兴股份,2025-12-31,17.61,19.47,17.4,,,换手板,2026-01-05,20.71,21.42,20.57,,,换手板,4,走到4板,AIGC+机器人+IDC+海峡两岸,AIGC+机器人+IDC+家具装备
002718,友邦吊顶,2025-12-31,35.94,35.94,1.12,,,一字板,2026-01-05,39.53,39.53,12.69,,,T字板,5,走到5板,实控人变更+智能家居+集成吊顶龙头,实控人变更+智能家居+集成吊顶龙头
600266,城建发展,2026-01-05,5.36,5.58,7.42,,,换手板,2026-01-06,5.85,6.14,6.11,,,换手板,4,走到4板,商业航天+北京国资+房地产,商业航天+北京国资+房地产
601698,中国卫通,2026-01-05,36.66,39.3,7.03,,,换手板,2026-01-06,39.98,43.23,5.88,,,换手板,3,断板,商业航天+卫星互联网+央企,商业航天+卫星互联网+央企
002151,北斗星通,2026-01-05,49.8,49.97,26.81,,,换手板,2026-01-06,49.98,54.97,16.89,,,换手板,3,断板,商业航天+智能驾驶+卫星导航+芯片,商业航天+智能驾驶+卫星导航+芯片
002766,索菱股份,2026-01-05,6.53,6.66,6.65,,,换手板,2026-01-06,6.94,7.33,19.86,,,换手板,3,断板,智能舱驾+无人驾驶+车联网+外销,智能舱驾+无人驾驶+车联网+外销
001231,农心科技,2026-01-05,25.0,27.43,19.93,,,换手板,2026-01-06,28.9,30.17,23.67,,,换手板,3,断板,农药制剂+西部大开发+三季报增长,农药制剂+西部大开发+三季报增长
002195,岩山科技,2026-01-06,8.58,8.58,1.28,,,一字板,2026-01-07,9.44,9.44,2.14,,,一字板,4,走到4板,脑机接口+具身智能+AI应用,脑机接口+具身智能+AI应用
002173,创新医疗,2026-01-06,26.03,26.03,1.26,,,一字板,2026-01-07,28.63,28.63,2.44,,,一字板,5,走到5板,脑机接口+民营医院+高压氧舱,脑机接口+民营医院+高压氧舱
600775,XD南京熊,2026-01-06,14.78,14.78,0.92,,,一字板,2026-01-07,16.26,16.26,1.35,,,一字板,4,走到4板,脑机接口+卫星通信+智能制造+央企,脑机接口+卫星通信+智能制造+央企
002324,普利特,2026-01-06,19.35,19.35,3.49,,,一字板,2026-01-07,21.29,21.29,2.47,,,一字板,4,走到4板,脑机接口+LCP+商业航天+改性材料,脑机接口+LCP+商业航天+改性材料
002462,嘉事堂,2026-01-06,17.37,17.38,4.1,,,换手板,2026-01-07,19.12,19.12,7.23,,,T字板,3,断板,医药流通+创新药+央企+康养,医药流通+创新药+央企+康养
002774,快意电梯,2026-01-06,10.55,11.23,8.65,,,换手板,2026-01-07,11.0,12.35,15.42,,,换手板,5,走到5板,一带一路+旧梯更新+电梯制造+粤港澳大湾区,旧梯更新+一带一路+粤港澳大湾区
002519,银河电子,2026-01-06,7.66,7.84,5.7,,,换手板,2026-01-07,8.62,8.62,1.35,,,一字板,6,走到6板,商业航天+军工电子+储能,商业航天+军工电子+储能
603598,引力传媒,2026-01-06,18.75,20.56,18.86,,,换手板,2026-01-07,20.66,22.62,8.35,,,换手板,3,断板,AI智能体+数字营销+出海+短剧,AI智能体+数字营销+出海+短剧
001400,江顺科技,2026-01-07,86.99,93.87,30.65,,,换手板,2026-01-08,93.87,103.26,20.73,,,换手板,4,走到4板,航空航天+液冷服务器+铝挤压模具,商业航天+液冷服务器+铝挤压模具
600783,鲁信创投,2026-01-07,26.94,26.94,0.67,,,一字板,2026-01-08,29.63,29.63,0.31,,,一字板,6,走到6板,蓝箭航天IPO+人工智能基金+山东国资,蓝箭航天IPO+人工智能基金+创投龙头+山东国资
002202,金风科技,2026-01-07,24.5,26.4,20.29,,,换手板,2026-01-08,26.0,29.04,18.14,,,换手板,5,走到5板,参股蓝箭航天+风电龙头+绿氢氨醇,参股蓝箭航天+风电龙头+绿氢氨醇
600869,远东股份,2026-01-07,9.31,9.93,5.55,,,换手板,2026-01-08,10.44,10.92,2.17,,,换手板,3,断板,AI芯片供应链+人形机器人+智慧机场,AI芯片供应链+人形机器人+智慧机场
601106,中国一重,2026-01-08,4.92,4.92,1.4,,,T字板,2026-01-09,5.41,5.41,7.32,,,T字板,4,走到4板,核电+金属镍+央企,可控核聚变+工业母机+央企
603015,弘讯科技,2026-01-08,15.55,15.55,1.24,,,一字板,2026-01-09,17.11,17.11,13.88,,,T字板,4,走到4板,可控核聚变+注塑机控制+芯片概念,可控核聚变+注塑机控制+芯片概念
600637,东方明珠,2026-01-08,11.68,12.11,4.85,,,换手板,2026-01-09,13.32,13.32,5.22,,,T字板,4,走到4板,参投超聚变+MiniMax合作+文旅地标+上海国资,参投超聚变+MiniMax合作+文旅地标+上海国资
603017,中衡设计,2026-01-09,13.3,13.3,1.73,,,一字板,2026-01-12,14.34,14.63,10.48,,,换手板,3,断板,商业航天+低空经济+工程设计,商业航天+AI应用+工程设计
600477,杭萧钢构,2026-01-09,3.6,3.6,1.14,,,一字板,2026-01-12,3.96,3.96,0.76,,,一字板,4,走到4板,中标火箭基地+工业互联网+建筑,中标火箭基地+工业互联网+建筑
003007,直真科技,2026-01-09,41.0,44.91,25.5,,,换手板,2026-01-12,49.4,49.4,2.51,,,一字板,5,走到5板,商业航天+算力网络+OSS,商业航天+算力网络+OSS
002342,巨力索具,2026-01-09,10.98,10.98,2.7,,,一字板,2026-01-12,12.08,12.08,1.7,,,一字板,4,走到4板,商业航天+深海系泊+索具龙头,商业航天+深海系泊+索具龙头
002316,亚联发展,2026-01-09,5.45,5.71,16.87,,,换手板,2026-01-12,6.16,6.28,15.72,,,换手板,3,断板,数据中心+智慧专网+生物纤维素医疗,智慧专网+生物纤维素医疗
603778,国晟科技,2026-01-06,19.78,21.3,8.51,,,换手板,2026-01-12,23.0,23.43,9.94,,,换手板,3,断板,固态电池+异质结+光伏组件+孚悦科技,固态电池+异质结+光伏组件+孚悦科技
600879,航天电子,2026-01-09,27.5,28.69,19.36,,,换手板,2026-01-12,30.5,31.56,12.24,,,换手板,3,断板,商业航天+增资扩产+央企,商业航天+增资扩产+央企
002044,美年健康,2026-01-12,6.74,6.74,0.97,,,一字板,2026-01-13,7.41,7.41,1.18,,,一字板,4,走到4板,AI应用+体检龙头+净利润增长,AI应用+体检龙头+净利润增长
600676,交运股份,2026-01-12,7.47,7.47,0.5,,,一字板,2026-01-13,8.22,8.22,0.44,,,一字板,3,断板,资产置换+上海国资+汽车拆解+汽车零部件,资产置换+上海国资+汽车拆解+汽车零部件
002115,三维通信,2026-01-12,16.19,16.19,7.55,,,T字板,2026-01-13,17.81,17.81,1.5,,,一字板,4,走到4板,卫星通信+AIGC+出海,卫星通信+AIGC+出海
002400,省广集团,2026-01-12,10.91,11.41,17.21,,,换手板,2026-01-13,12.55,12.55,21.3,,,T字板,4,走到4板,AI营销+出海营销+广东国资,AI营销+出海营销+广东国资
002131,利欧股份,2026-01-12,8.21,8.21,0.52,,,一字板,2026-01-13,9.03,9.03,1.0,,,一字板,4,走到4板,AI智能体+AI漫剧+数字营销,AI智能体+GEO营销+数字营销
600776,东方通信,2026-01-12,22.39,22.39,0.8,,,一字板,2026-01-13,24.63,24.63,15.13,,,T字板,3,断板,商业航天+AI智能体+央企,商业航天+AI智能体+央企
603598,引力传媒,2026-01-12,28.52,28.52,0.6,,,一字板,2026-01-13,31.37,31.37,9.64,,,T字板,3,断板,AI智能体+短剧营销+出海营销,GEO概念+AI营销+短剧出海
002465,海格通信,2026-01-13,24.2,24.2,12.66,,,T字板,2026-01-14,26.62,26.62,25.91,,,T字板,3,断板,卫星互联网+北斗导航+脑机接口+广州国资,卫星互联网+北斗导航+脑机接口+广州国资
601116,三江购物,2026-01-13,18.18,18.98,3.13,,,换手板,2026-01-14,20.88,20.88,1.13,,,一字板,3,断板,阿里概念+社区零售+预制菜,阿里概念+社区零售+预制菜
000593,德龙汇能,2026-01-13,15.83,15.83,8.6,,,T字板,2026-01-14,16.41,17.41,20.33,,,换手板,3,断板,股权转让+城市燃气+氢能中心,控制权变更+氢能中心+城市燃气
001255,博菲电气,2026-01-13,40.87,41.48,6.35,,,换手板,2026-01-14,43.43,45.63,12.97,,,换手板,5,走到5板,军工+绝缘材料+商业航天+出售新能源,超导概念+绝缘材料+军工+出售新能源
002574,明牌珠宝,2026-01-13,6.23,6.99,9.23,,,换手板,2026-01-14,6.78,7.69,17.1,,,换手板,3,断板,IP联名+黄金珠宝+C2M定制,IP联名+黄金珠宝+C2M定制
002718,友邦吊顶,2026-01-13,59.74,62.33,14.09,,,换手板,2026-01-14,63.72,68.56,14.04,,,换手板,3,断板,实控人变更+集成吊顶+网红经济,实控人变更+集成吊顶+网红经济
603000,人民网,2026-01-13,25.48,25.48,2.23,,,一字板,2026-01-14,25.88,28.03,9.92,,,换手板,4,走到4板,AI安全+内容风控,AI安全+内容风控+央媒+国企
601992,金隅集团,2026-01-13,2.1,2.13,2.21,,,换手板,2026-01-14,2.34,2.34,8.59,,,T字板,3,断板,商业航天+可控核聚变+北京国资,商业航天+可控核聚变+北京国资
603888,新华网,2026-01-13,26.91,26.91,11.14,,,T字板,2026-01-14,26.07,29.6,11.69,,,换手板,3,断板,AI智能体+文化传媒+国企改革,AI智能体+文化传媒+国企改革
002112,三变科技,2026-01-14,19.23,19.23,4.67,,,一字板,2026-01-15,20.12,21.15,53.86,,,换手板,3,断板,电网设备+变压器+欧洲设子公司+地方国资,电网设备+变压器+欧洲设子公司+地方国资
600662,外服控股,2026-01-14,5.77,6.25,3.33,,,换手板,2026-01-15,6.82,6.88,6.38,,,换手板,3,断板,AI应用+人力资源服务+上海国企改革,AI应用+人力资源服务+上海国企改革
600785,新华百货,2026-01-15,17.11,17.11,12.69,,,T字板,2026-01-16,18.82,18.82,22.45,,,T字板,4,走到4板,股东协议转让+零售+宁夏龙头,芯片资产注入传闻+零售+黄金
600058,五矿发展,2026-01-15,12.67,12.67,1.61,,,一字板,2026-01-16,13.94,13.94,0.39,,,一字板,3,断板,重大资产重组+铁矿资产置入+央企,重大资产重组+铁矿资产置入+央企
002358,森源电气,2026-01-19,7.1,7.1,1.72,,,一字板,2026-01-20,7.81,7.81,2.22,,,一字板,3,断板,特高压+电网设备+河南国资,特高压+电网设备+河南国资
002498,汉缆股份,2026-01-19,4.8,4.8,0.94,,,一字板,2026-01-20,5.28,5.28,0.55,,,一字板,3,断板,特高压+海上风电+高压电缆,特高压+海上风电+高压电缆
601616,广电电气,2026-01-19,4.8,5.04,15.33,,,换手板,2026-01-20,5.39,5.54,8.6,,,换手板,4,走到4板,电网设备+数据中心+出口,电网设备+数据中心+出口
000506,招金黄金,2026-01-20,16.5,17.57,,,,换手板,2026-01-21,18.01,19.33,11.12,,,换手板,3,断板,,黄金+业绩增长+国企
603926,铁流股份,2026-01-20,20.4,22.21,6.23,,,换手板,2026-01-21,23.43,24.43,,,,换手板,3,断板,机器人+具身智能+离合器龙头,
603078,江化微,2026-01-20,23.56,23.56,0.96,,,一字板,2026-01-21,25.92,25.92,0.44,,,一字板,5,走到5板,复牌+上海国资入主+芯片材料+光刻胶,复牌+上海国资入主+芯片材料+光刻胶
000670,盈方微,2026-01-21,9.35,9.35,0.54,,,一字板,2026-01-22,10.29,10.29,1.87,,,一字板,3,断板,重大资产重组+存储芯片+半导体分销,重大资产重组+存储芯片+半导体分销
601212,白银有色,2026-01-21,7.95,8.57,6.69,,,换手板,2026-01-22,8.25,9.43,8.33,,,换手板,8,走到8板,黄金+有色金属+锂电材料,黄金+有色金属+锂电材料
002716,湖南白银,2026-01-21,13.18,13.64,,,,换手板,2026-01-22,12.93,15.0,32.28,,,换手板,3,断板,,白银+复产+贵金属+国企
002342,巨力索具,2026-01-22,11.78,12.31,10.94,,,换手板,2026-01-23,13.5,13.54,7.15,,,换手板,3,断板,商业航天+深海系泊+索具龙头,商业航天+深海系泊+索具龙头
601615,明阳智能,2026-01-23,21.65,21.65,0.75,,,一字板,2026-01-26,23.82,23.82,0.53,,,一字板,3,断板,收购芯片+氢能燃机+风电龙头+复牌,收购芯片+光伏协同+氢能燃机+风电龙头
003042,中农联合,2026-01-26,19.95,21.0,21.42,,,换手板,2026-01-27,19.26,23.1,24.8,,,换手板,4,走到4板,供销社+中俄贸易+农药原药,供销社+草甘膦+农药原药
001337,四川黄金,2026-01-26,53.7,55.25,11.8,,,换手板,2026-01-27,55.26,60.78,20.55,,,换手板,4,走到4板,金价新高+金精矿+四川国资,金价新高+金精矿+四川国资
600531,豫光金铅,2026-01-26,18.63,18.63,0.89,,,一字板,2026-01-27,19.99,20.49,23.61,,,换手板,5,走到5板,黄金+白银+铅铜龙头+国企改革,黄金+白银+铅铜龙头+国企改革
600916,中国黄金,2026-01-26,9.71,10.14,9.37,,,换手板,2026-01-27,10.77,11.15,14.42,,,换手板,5,走到5板,金价新高+黄金销售+央企,黄金销售+央企
002218,拓日新能,2026-01-26,6.01,6.01,1.51,,,一字板,2026-01-27,6.16,6.61,19.33,,,换手板,3,断板,回购注销+自持电站+钙钛矿+商业航天,商业航天+钙钛矿+回购注销+自持电站
603132,金徽股份,2026-01-27,18.68,20.16,5.1,,,换手板,2026-01-28,20.5,22.18,4.85,,,换手板,3,断板,有色金属+资源增储+前三季度业绩增长,有色金属+资源增储+前三季度业绩增长
000506,招金黄金,2026-01-27,21.4,23.57,14.26,,,换手板,2026-01-28,25.1,25.93,7.67,,,换手板,4,走到4板,黄金+扭亏为盈+国企,扭亏为盈+黄金+国企
002155,湖南黄金,2026-01-27,27.8,27.8,0.19,,,一字板,2026-01-28,30.58,30.58,0.23,,,一字板,5,走到5板,重组复牌+黄金预增+湖南国资,重组复牌+黄金预增+湖南国资
002455,百川股份,2026-01-29,8.71,8.72,28.83,,,换手板,2026-01-30,9.26,9.59,22.77,,,换手板,3,断板,磷酸铁锂+锂电闭环+精细化工,锂电闭环+负极放量+精细化工
603103,横店影视,2026-01-30,24.21,25.5,1.97,,,换手板,2026-02-02,28.05,28.05,0.42,,,一字板,4,走到4板,春节档+AI漫剧+院线龙头,春节档+AI漫剧+院线龙头
000995,皇台酒业,2026-01-30,15.93,15.93,23.84,,,T字板,2026-02-02,15.24,17.52,35.4,,,换手板,4,走到4板,白酒+区域强牌+控股股东增持,白酒+区域强牌+控股股东增持
603172,万丰股份,2026-01-30,25.73,25.73,2.98,,,一字板,2026-02-02,28.3,28.3,10.52,,,一字板,4,走到4板,分散染料涨价+聚酰亚胺+越南子公司,分散染料涨价+聚酰亚胺+越南子公司
002830,名雕股份,2026-02-02,24.42,25.58,22.32,,,换手板,2026-02-03,24.88,28.14,23.26,,,换手板,4,走到4板,AI传媒+住宅装饰+数字化平台,AI传媒+住宅装饰+数字化平台
603618,杭电股份,2026-02-02,9.94,9.94,1.73,,,一字板,2026-02-03,10.93,10.93,6.48,,,T字板,4,走到4板,特高压+光通信+超薄铜箔,特高压+光通信+超薄铜箔
000533,顺钠股份,2026-02-03,9.51,10.14,14.27,,,换手板,2026-02-04,10.7,11.15,13.84,,,换手板,3,断板,北美变压器+数据中心+核电+智能电网,北美变压器+数据中心+核电
603616,韩建河山,2026-02-04,6.85,6.85,0.77,,,一字板,2026-02-05,7.54,7.54,0.68,,,一字板,5,走到5板,重组复牌+PEEK中间体+北京国资,拟收购兴福新材+PEEK中间体+北京韩村河镇集体资产
600683,京投发展,2026-02-04,6.0,6.0,11.93,,,T字板,2026-02-05,6.0,6.6,9.3,,,换手板,3,断板,京津冀规划+TOD轨道物业+北京国资,京津冀规划+TOD轨道物业+北京国资
600814,杭州解百,2026-02-05,9.16,9.8,6.43,,,换手板,2026-02-06,10.78,10.78,9.42,,,T字板,3,断板,百货零售+间接持股中科宇航+黄金销售+杭州国资,百货零售+间接持股中科宇航+黄金销售+杭州国资
002506,协鑫集成,2026-02-05,4.01,4.16,21.67,,,换手板,2026-02-06,4.01,4.58,30.24,,,换手板,4,走到4板,马斯克调研+太空光伏+TOPCon+钙钛矿,马斯克调研+太空光伏+TOPCon+钙钛矿
003018,金富科技,2026-02-06,20.54,20.54,2.34,,,一字板,2026-02-09,22.59,22.59,2.06,,,一字板,3,断板,拟收购两家液冷散热企业+塑料瓶盖龙头,液冷收购+瓶盖龙头+业绩承诺
002455,百川股份,2026-02-09,12.25,12.25,5.27,,,T字板,2026-02-10,13.48,13.48,1.76,,,一字板,4,走到4板,锂电闭环+光刻胶概念+精细化工+固态电池,锂电闭环+TMP涨价+负极产能
600589,大位科技,2026-02-10,11.45,11.45,2.47,,,一字板,2026-02-11,12.6,12.6,2.36,,,一字板,4,走到4板,算力租赁+东数西算+IDC,算力租赁+东数西算+IDC
000892,欢瑞世纪,2026-02-10,8.97,8.97,1.35,,,一字板,2026-02-11,9.87,9.87,33.69,,,T字板,3,断板,AIGC短剧+影视制作+春节档,AIGC短剧+影视制作+春节档
603980,吉华集团,2026-02-10,7.93,7.93,0.79,,,一字板,2026-02-11,8.35,8.72,22.98,,,换手板,3,断板,控制权变更+染料涨价+宇树科技,控制权变更+染料涨价+宇树科技
603533,掌阅科技,2026-02-10,28.26,28.26,0.67,,,一字板,2026-02-11,31.09,31.09,1.39,,,一字板,5,走到5板,AI短剧+数字阅读+海外扩张,AI短剧+字节概念+数字阅读
605287,德才股份,2026-02-10,55.67,55.67,0.29,,,一字板,2026-02-11,61.24,61.24,20.37,,,T字板,4,走到4板,AI漫剧+城市更新+扭亏为盈,AI漫剧+城市更新+扭亏为盈
000070,特发信息,2026-02-11,17.73,17.73,1.15,,,一字板,2026-02-12,19.5,19.5,19.59,,,T字板,3,断板,CPO+光纤光缆+商业航天+深圳国资,CPO+光纤光缆+商业航天+深圳国资
001896,豫能控股,2026-02-12,8.29,8.29,0.35,,,一字板,2026-02-13,9.12,9.12,1.71,,,一字板,7,走到7板,参股算力+绿电储备+火电+河南国资,参股算力+绿电储备+火电+河南国资
002951,金时科技,2026-02-12,16.74,17.71,5.5,,,换手板,2026-02-13,18.65,19.48,8.99,,,换手板,3,断板,间接投资光纤公司+储能系统+超级电容+国企合作,超级电容+储能系统+间接投资光纤公司
605033,美邦股份,2026-02-12,26.06,26.06,1.6,,,一字板,2026-02-13,28.67,28.67,2.03,,,一字板,4,走到4板,农药制剂+原药一体化+西部大开发,农药制剂+原药一体化+西部大开发
002498,汉缆股份,2026-02-13,6.28,6.77,8.24,,,换手板,2026-02-24,7.1,7.45,7.23,,,换手板,4,走到4板,特高压+海上风电+电网设备,特高压+海上风电+电网设备
000890,法尔胜,2026-02-24,6.47,6.63,5.54,,,换手板,2026-02-25,7.28,7.29,32.07,,,换手板,4,走到4板,重大资产出售+光纤概念+钢帘线,光纤概念+重大资产出售+钢帘线
605289,罗曼股份,2026-02-24,94.04,98.98,9.75,,,换手板,2026-02-25,100.24,108.88,14.13,,,换手板,3,断板,算力订单+液冷服务器+AR/VR+风电EPC,算力订单+液冷服务器+AR/VR+风电EPC
600078,澄星股份,2026-02-25,13.46,13.46,3.16,,,一字板,2026-02-26,14.81,14.81,6.71,,,T字板,3,断板,磷化工+新材料+扭亏,磷化工+新材料+扭亏
002470,金正大,2026-02-25,2.45,2.56,2.98,,,换手板,2026-02-26,2.82,2.82,0.89,,,一字板,4,走到4板,化肥+磷矿建设+复合肥龙头,化肥涨价+磷矿建设+缓控释肥
000899,赣能股份,2026-02-26,12.8,13.28,5.3,,,换手板,2026-02-27,14.18,14.61,3.67,,,换手板,3,断板,火电+新能源+江西国资,火电+新能源+江西国资
001209,洪兴股份,2026-02-26,26.88,29.56,19.57,,,换手板,2026-02-27,29.68,32.52,20.86,,,换手板,3,断板,家居服龙头+IP经济+跨境电商,家居服龙头+IP经济+跨境电商
002378,章源钨业,2026-02-26,35.55,36.91,8.39,,,换手板,2026-02-27,38.54,40.6,3.34,,,换手板,3,断板,钨价上调+钨产业链+业绩预增,钨价上调+钨产业链+业绩预增
002843,泰嘉股份,2026-02-27,25.27,25.27,4.2,,,一字板,2026-03-02,26.85,27.8,9.52,,,换手板,3,断板,数据中心电源+商业航天+锯切龙头,数据中心电源+商业航天+锯切龙头
603950,长源东谷,2026-02-27,42.0,44.51,1.54,,,换手板,2026-03-02,47.5,48.96,7.1,,,换手板,3,断板,玉柴合作+柴油发动机+新能源汽车+业绩预增,玉柴合作+柴油发动机+新能源汽车+业绩预增
002980,华盛昌,2026-03-02,31.87,31.87,1.99,,,一字板,2026-03-03,35.06,35.06,42.77,,,T字板,3,断板,跨界收购光通信+仪器仪表+电网设备+AI眼镜,拟收购伽蓝特+光通信测试+AI眼镜+仪器仪表
600108,亚盛集团,2026-03-02,4.37,4.37,3.61,,,一字板,2026-03-03,4.81,4.81,24.09,,,T字板,4,走到4板,玉米种子+土地流转+甘肃国资,玉米种子+土地流转+甘肃国资
603318,水发燃气,2026-03-02,8.4,8.82,17.46,,,换手板,2026-03-03,9.7,9.7,3.04,,,一字板,4,走到4板,燃气运营+氢能源+山东国资,燃气运营+氢能源+山东国资
603353,和顺石油,2026-03-02,46.33,46.34,12.06,,,换手板,2026-03-03,48.0,50.97,11.46,,,换手板,3,断板,成品油+铜官油库+拟收购奎芯+超快充,成品油+铜官油库+拟收购奎芯+超快充
002490,山东墨龙,2026-03-03,10.65,10.65,0.78,,,一字板,2026-03-04,11.72,11.72,17.39,,,T字板,3,断板,油气装备+中东订单+扭亏+国资背景,油气装备+中东订单+扭亏+国资背景
600871,石化油服,2026-03-03,3.88,3.88,0.34,,,一字板,2026-03-04,4.27,4.27,9.23,,,T字板,3,断板,地缘冲突+油服工程+海外大单+央企,油服工程+海外大单+央企
002498,汉缆股份,2026-03-05,8.92,8.94,1.94,,,换手板,2026-03-06,9.54,9.83,9.97,,,换手板,3,断板,特高压+海上风电+电网设备,特高压+电网设备+海上风电
000533,顺钠股份,2026-03-05,13.53,13.53,1.17,,,一字板,2026-03-06,14.88,14.88,1.45,,,一字板,4,走到4板,算力基建+干式变压器+北美出口,干式变压器+北美出口+算力基建
605268,王力安防,2026-03-05,12.67,12.67,0.85,,,一字板,2026-03-06,13.94,13.94,1.28,,,一字板,5,走到5板,安全门锁+数据要素+智能制造+华为概念,安全门锁+数据要素+智能制造+华为概念
600545,卓郎智能,2026-03-05,3.77,3.77,1.05,,,一字板,2026-03-06,4.0,4.15,9.97,,,换手板,3,断板,玻璃纤维纱线+AI智慧工厂+纺织机械+回购注销,玻璃纤维纱线+AI智慧工厂+纺织机械+回购注销
000815,美利云,2026-03-06,15.17,16.31,13.83,,,换手板,2026-03-09,16.53,17.94,32.42,,,换手板,3,断板,东数西算+算电协同+扭亏为盈+央企,东数西算+算电协同+扭亏为盈+央企
601789,宁波建工,2026-03-09,6.04,6.04,4.26,,,一字板,2026-03-10,6.64,6.64,2.17,,,一字板,4,走到4板,算力租赁+宁波国资整合+房屋建设,算力租赁+宁波国资+房屋建设
002445,中南文化,2026-03-10,3.37,3.37,0.19,,,一字板,2026-03-11,3.71,3.71,0.34,,,一字板,5,走到5板,拟购苏龙热电+火电转型+江阴国资,拟购苏龙热电+火电转型+江阴国资
600726,华电能源,2026-03-11,3.24,3.53,5.29,,,换手板,2026-03-12,3.63,3.88,2.43,,,换手板,4,走到4板,绿电转型+热电联产+煤炭概念+央企,绿电转型+热电联产+煤炭概念+央企
000537,绿发电力,2026-03-11,11.05,11.37,5.5,,,换手板,2026-03-12,12.4,12.51,3.59,,,换手板,3,断板,算电协同+储能+绿电交易+央企,算电协同+储能+绿电交易+央企
600722,金牛化工,2026-03-12,14.51,15.4,24.0,,,换手板,2026-03-13,16.0,16.94,26.13,,,换手板,3,断板,甲醇+风电项目+河北国资,甲醇涨价+风电项目+河北国资
000890,法尔胜,2026-03-13,10.59,11.09,9.3,,,换手板,2026-03-16,11.12,12.2,31.12,,,换手板,4,走到4板,钢帘线剥离+光纤概念+环保设备,钢帘线剥离+光纤概念+环保设备
603929,亚翔集成,2026-03-16,153.21,154.91,4.34,,,换手板,2026-03-17,161.8,170.4,5.06,,,换手板,3,断板,IC洁净室+东南亚订单+年报增长,IC洁净室+东南亚订单+年报增长
600683,京投发展,2026-03-16,9.58,9.64,3.29,,,换手板,2026-03-17,10.6,10.6,6.17,,,T字板,3,断板,拟剥离地产+北京国资+TOD轨道物业,拟剥离地产+北京国资+TOD轨道物业
600227,赤天化,2026-03-16,4.5,4.81,34.48,,,换手板,2026-03-17,4.6,5.29,35.97,,,换手板,3,断板,甲醇+尿素+化肥+煤炭,甲醇+尿素+化肥+煤炭
603248,锡华科技,2026-03-16,28.88,31.02,57.87,,,换手板,2026-03-17,30.8,34.12,43.9,,,换手板,3,断板,风电齿轮箱+大兆瓦产品,风电齿轮箱+大兆瓦产品
600396,华电辽能,2026-03-17,4.31,4.7,12.53,,,换手板,2026-03-18,5.17,5.17,4.35,,,一字板,8,走到8板,氢能+绿电+央企,绿电+氢能+央企
000020,深华发Ａ,2026-03-17,17.53,17.53,4.09,,,一字板,2026-03-18,19.28,19.28,1.6,,,一字板,5,走到5板,深圳旧改+液晶显示+物业经营,深圳旧改+液晶显示+物业经营
000601,韶能股份,2026-03-19,7.4,7.4,3.08,,,一字板,2026-03-20,8.13,8.14,11.95,,,换手板,3,断板,算电协同+储能+生物质发电,算电协同+储能+生物质发电
603687,大胜达,2026-03-19,12.17,12.17,0.89,,,一字板,2026-03-20,13.39,13.39,0.84,,,一字板,4,走到4板,拟投GPU+钙钛矿设备+参股曲速科技+纸包装,拟投GPU+钙钛矿设备+参股曲速科技+纸包装
002310,东方新能,2026-03-20,3.25,3.48,18.28,,,换手板,2026-03-23,3.61,3.83,20.29,,,换手板,3,断板,重大资产重组+风光电站+资产注入预期+北京国资,重大资产重组+风光电站+资产注入预期+北京国资
002309,中利集团,2026-03-23,4.19,4.19,3.05,,,一字板,2026-03-24,4.61,4.61,2.39,,,一字板,4,走到4板,钙钛矿电池+厦门国资+光伏储能,钙钛矿电池+光伏储能+厦门国资
600032,浙江新能,2026-03-24,10.84,11.84,7.58,,,换手板,2026-03-25,11.65,13.02,7.14,,,换手板,3,断板,绿电+氢能+浙江国资,绿电+氢能+浙江国资
600758,辽宁能源,2026-03-24,5.16,5.2,9.57,,,换手板,2026-03-25,5.72,5.72,12.36,,,T字板,3,断板,煤炭+热电+国企,煤炭+热电+国企
002192,融捷股份,2026-03-25,63.0,64.46,14.73,,,换手板,2026-03-26,67.06,70.91,15.69,,,换手板,4,走到4板,锂矿+负极材料+储能概念+年报增长,锂矿+负极材料+年报增长
603538,美诺华,2026-03-25,31.56,32.38,13.49,,,换手板,2026-03-26,33.67,35.62,13.31,,,换手板,5,走到5板,减肥药+创新药+原料药,减肥药+创新药+原料药
000722,湖南发展,2026-03-25,16.62,16.62,1.33,,,一字板,2026-03-26,17.78,18.28,24.0,,,换手板,3,断板,水电并购+湖南国资+绿色电力,水电并购+湖南国资+绿色电力
002361,神剑股份,2026-03-27,12.02,13.64,33.14,,,换手板,2026-03-30,13.37,15.0,28.43,,,换手板,4,走到4板,商业航天+无人机+聚酯树脂+地方国资,商业航天+无人机+聚酯树脂+地方国资
600488,津药药业,2026-03-30,4.33,4.76,6.4,,,换手板,2026-03-31,4.99,5.24,8.22,,,换手板,7,走到7板,创新药+原料药+出口,创新药+原料药+出口
605162,新中港,2026-04-01,11.8,12.77,13.69,,,换手板,2026-04-02,13.4,14.05,11.56,,,换手板,3,断板,热电联产+储能+回购,热电联产+储能+回购
002560,通达股份,2026-04-01,11.37,11.87,18.46,,,换手板,2026-04-02,12.99,13.06,46.58,,,换手板,3,断板,年报高增+特高压线缆+航空零部件+机器人电缆,年报高增+特高压线缆+航空零部件+机器人电缆
000720,新能泰山,2026-04-03,5.62,5.94,23.45,,,换手板,2026-04-07,6.5,6.53,6.07,,,换手板,3,断板,光缆+电缆+实控人中国华能+央企,光缆+电缆+实控人中国华能+央企
600654,中安科,2026-04-07,3.85,4.0,11.16,,,换手板,2026-04-08,4.0,4.4,11.33,,,换手板,3,断板,算力中心+智慧安防+三季报暴增,算力中心+智慧安防+三季报暴增
600743,华远控股,2026-04-08,2.04,2.19,5.94,,,换手板,2026-04-09,2.2,2.41,8.04,,,换手板,6,走到6板,物业+轻资产转型+国企,物业+轻资产转型+国企
000586,汇源通信,2026-04-08,22.84,22.84,1.97,,,一字板,2026-04-09,25.0,25.12,27.68,,,换手板,3,断板,光纤+特种光缆+车载电子+定增推进,光纤+特种光缆+车载电子+定增推进
603777,来伊份,2026-04-09,15.43,15.43,2.65,,,一字板,2026-04-10,16.67,16.97,11.87,,,换手板,3,断板,拟协议转让10%股份+健康零食+IP经济,拟协议转让10%股份+健康零食+IP经济
000889,中嘉博创,2026-04-09,3.66,3.95,13.64,,,换手板,2026-04-10,4.35,4.35,20.58,,,T字板,3,断板,算力销售+5G消息+短信通道,算力销售+5G消息+短信通道
603950,长源东谷,2026-04-09,44.88,44.88,0.23,,,一字板,2026-04-10,49.37,49.37,2.01,,,一字板,4,走到4板,复牌+重大资产重组+柴油动力单元+热交换系统,重大资产重组+柴油动力单元+发动机零部件
002580,圣阳股份,2026-04-10,17.25,18.98,41.56,,,换手板,2026-04-13,19.45,20.88,22.58,,,换手板,7,走到7板,储能电池+液冷+山东国资,液冷储能+固态电池+山东国资
002364,中恒电气,2026-04-10,35.12,35.12,0.61,,,一字板,2026-04-13,38.63,38.63,2.69,,,一字板,4,走到4板,宁德时代入股+HVDC+数据中心电源,宁德时代入股+HVDC+数据中心电源
001299,美能能源,2026-04-13,15.35,16.85,10.2,,,换手板,2026-04-14,17.0,18.54,9.68,,,换手板,3,断板,燃气+综合能源转型+年报增长+西部大开发,燃气+综合能源转型+年报增长+西部大开发
002124,天邦食品,2026-04-14,2.61,2.85,9.92,,,换手板,2026-04-15,2.99,3.14,19.74,,,换手板,3,断板,猪肉+预重整+销量增长,猪肉+预重整+销量增长
002297,博云新材,2026-04-14,13.29,13.29,1.77,,,一字板,2026-04-15,14.62,14.62,1.71,,,一字板,6,走到6板,一季报业绩预增+商业航天+硬质合金,一季报业绩预增+商业航天+硬质合金
002990,盛视科技,2026-04-15,37.96,42.11,21.89,,,换手板,2026-04-16,42.42,46.32,17.63,,,换手板,4,走到4板,存算一体+人形机器人+智慧口岸,算力采购+人形机器人+智慧口岸
605388,均瑶健康,2026-04-16,7.33,8.06,9.96,,,换手板,2026-04-17,8.4,8.87,7.76,,,换手板,3,断板,益生菌+味动力+扭亏预期,益生菌+味动力+扭亏预期
600683,京投发展,2026-04-16,10.4,10.9,3.28,,,换手板,2026-04-17,11.98,11.99,3.68,,,换手板,3,断板,拟剥离地产+TOD轨道物业+北京国资,拟剥离地产+TOD轨道物业+北京国资
603052,可川科技,2026-04-17,79.0,83.35,5.99,,,换手板,2026-04-20,87.35,91.69,10.32,,,换手板,3,断板,硅光芯片+光模块+消费电子,硅光芯片+光模块+消费电子
600156,华升股份,2026-04-17,8.98,9.26,10.2,,,换手板,2026-04-20,9.28,10.19,8.87,,,换手板,3,断板,算力租赁+拟收购易信科技+湖南国资,算力租赁+液冷+拟收购易信科技+湖南国资
600961,株冶集团,2026-04-17,22.09,22.09,0.62,,,一字板,2026-04-20,24.3,24.3,0.68,,,一字板,4,走到4板,一季报增长+锌铅冶炼+黄金+央企控股,一季报增长+黄金+铟金属+央企
002081,金螳螂,2026-04-20,3.74,4.08,7.31,,,换手板,2026-04-21,4.41,4.49,4.52,,,换手板,5,走到5板,半导体洁净室+建筑装饰+城市更新,商业航天产业配套+半导体洁净室+越南合作+EPC总包
603178,圣龙股份,2026-04-20,18.23,19.16,13.51,,,换手板,2026-04-21,18.51,21.08,11.82,,,换手板,3,断板,低空经济+机器人关节+新能源电驱,机器人关节+低空经济+新能源电驱
003018,金富科技,2026-04-20,39.3,43.14,7.53,,,换手板,2026-04-21,44.0,47.45,5.46,,,换手板,4,走到4板,液冷收购+瓶盖龙头+饮料供应链,液冷产能扩张+瓶盖龙头+饮料供应链
600736,苏州高新,2026-04-22,7.32,7.61,10.46,,,换手板,2026-04-23,8.37,8.37,2.62,,,一字板,3,断板,商业航天+产业园运营+苏州+脑机接口,商业航天+产业园运营+苏州+脑机接口
600396,华电辽能,2026-04-22,8.13,8.94,17.12,,,换手板,2026-04-23,9.29,9.83,27.5,,,换手板,3,断板,火电+氢能+央企,火电+绿电+央企
001234,泰慕士,2026-04-23,29.82,32.52,10.85,,,换手板,2026-04-24,32.22,35.77,14.35,,,换手板,3,断板,服装贴牌+回购注销+广州国资入主,服装贴牌+广州国资入主+回购注销
600726,华电能源,2026-04-24,5.53,5.8,6.67,,,换手板,2026-04-27,5.64,6.38,7.65,,,换手板,4,走到4板,一季报增长+绿电转型+热电联产+煤炭,一季报增长+绿电转型+热电联产+央企
000925,众合科技,2026-04-24,9.09,9.2,6.18,,,换手板,2026-04-27,10.12,10.12,2.02,,,一字板,3,断板,算力租赁+商业航天+智慧交通,算力租赁+商业航天+智慧交通
600152,维科技术,2026-04-27,13.43,14.26,27.84,,,换手板,2026-04-28,14.55,15.69,14.28,,,换手板,3,断板,钠电储能+高倍率电池扩产+锂电产业链,钠电储能+3C电池龙头+高倍率电池扩产
002210,飞马国际,2026-04-28,2.94,3.01,6.38,,,换手板,2026-04-29,3.29,3.31,7.01,,,换手板,3,断板,一季度扭亏+固废处理+黄金供应链,固废处理+黄金供应链+一季度扭亏
603095,越剑智能,2026-04-28,20.49,20.96,3.23,,,换手板,2026-04-29,20.75,23.06,9.27,,,换手板,4,走到4板,AI验布机+高端装备+提质增效,AI验布机+高端装备+纺织机械
002081,金螳螂,2026-04-29,4.8,5.36,11.88,,,换手板,2026-04-30,5.17,5.9,21.77,,,换手板,5,走到5板,半导体洁净室+海外EPC+城市更新,半导体洁净室+海外EPC+城市更新
600379,宝光股份,2026-04-29,14.6,15.25,20.14,,,换手板,2026-04-30,16.5,16.78,13.28,,,换手板,4,走到4板,电子特气+氢能+储能+特高压+央企,电子特气+氢能+储能+特高压+央企
603399,永杉锂业,2026-04-29,15.92,17.63,12.01,,,换手板,2026-04-30,19.39,19.39,1.7,,,一字板,4,走到4板,锂盐产能扩张+一季度扭亏+固态电池材料,锂盐产能扩张+一季度扭亏+固态电池材料
603937,丽岛新材,2026-04-30,14.14,15.25,11.52,,,换手板,2026-05-06,15.77,16.78,4.97,,,换手板,3,断板,电池铝箔+扭亏为盈+锂电池概念,电池铝箔+锂电池概念+扭亏为盈
002805,丰元股份,2026-04-30,22.68,22.85,4.68,,,换手板,2026-05-06,23.34,25.14,24.87,,,换手板,3,断板,业绩扭亏+磷酸铁锂+固态电池,磷酸铁锂+固态电池+业绩扭亏
000402,金融街,2026-04-30,3.11,3.17,4.1,,,换手板,2026-05-06,3.17,3.49,7.22,,,换手板,3,断板,一季度扭亏为盈+房地产+北京国资,一季度扭亏为盈+房地产+北京国资
000066,中国长城,2026-05-06,21.8,21.8,1.21,,,一字板,2026-05-07,23.29,23.98,15.8,,,换手板,3,断板,CPU+AI服务器电源+央企,CPU+AI服务器电源+央企
603045,福达合金,2026-05-06,51.35,51.35,6.97,,,T字板,2026-05-07,56.49,56.49,1.16,,,一字板,5,走到5板,风光储能+数据中心+电接触材料+业绩大增,风光储能+数据中心+电接触材料+业绩大增
603278,大业股份,2026-05-07,12.41,13.55,12.06,,,换手板,2026-05-08,14.0,14.91,18.04,,,换手板,3,断板,人形机器人+腱绳+商业航天+胎圈钢丝,人形机器人+腱绳+商业航天+胎圈钢丝
600130,波导股份,2026-05-07,5.3,5.59,8.92,,,换手板,2026-05-08,5.98,6.15,7.96,,,换手板,3,断板,摘帽+参股华大北斗+汽车电子+消费电子,摘帽+参股华大北斗+汽车电子+消费电子
603618,杭电股份,2026-05-07,32.62,34.2,6.37,,,换手板,2026-05-08,34.48,37.62,13.92,,,换手板,3,断板,光纤涨价+特高压+锂电铜箔+一季报增长,光纤涨价+特高压+锂电铜箔+一季报增长
601991,大唐发电,2026-05-07,4.98,5.04,2.69,,,换手板,2026-05-08,5.54,5.54,9.81,,,T字板,6,走到6板,蒙电入苏+绿电+央企,蒙电入苏+绿电+央企
002491,通鼎互联,2026-05-08,20.04,20.66,9.8,,,换手板,2026-05-11,22.73,22.73,7.42,,,T字板,4,走到4板,光纤涨价+数据中心+通信电缆,合资投建+光纤涨价+数据中心+通信电缆
603738,泰晶科技,2026-05-08,47.01,47.01,5.15,,,T字板,2026-05-11,50.67,51.71,6.77,,,换手板,3,断板,625MHz晶振+光模块+人形机器人,光模块+625MHz晶振+人形机器人
605006,山东玻纤,2026-05-08,13.38,14.87,5.46,,,换手板,2026-05-11,16.04,16.36,2.97,,,换手板,3,断板,玻纤涨价+风电纱+山东国资,玻纤涨价+风电纱+山东国资
603459,红板科技,2026-05-08,75.0,81.05,23.42,,,换手板,2026-05-11,89.16,89.16,3.32,,,一字板,3,断板,PCB扩产+1.6T光模块+商业航天,PCB扩产+1.6T光模块+商业航天
600530,交大昂立,2026-05-11,6.49,6.55,1.78,,,换手板,2026-05-12,7.21,7.21,7.92,,,T字板,4,走到4板,保健品+宠物新品+益生菌+养老护理,保健品+宠物新品+益生菌+养老护理
002918,蒙娜丽莎,2026-05-11,12.73,12.73,3.58,,,一字板,2026-05-12,14.0,14.0,1.88,,,一字板,6,走到6板,建筑陶瓷+数据中心+股份注销,建筑陶瓷+地产链+先进陶瓷布局
600683,京投发展,2026-05-11,18.95,18.95,6.52,,,T字板,2026-05-12,20.8,20.85,11.48,,,换手板,3,断板,TOD轨道物业+拟剥离地产+北京国资,拟收购奇芯光电+TOD轨道物业+北京国资
600076,康欣新材,2026-05-11,3.78,3.96,4.65,,,换手板,2026-05-12,4.36,4.36,4.54,,,T字板,3,断板,半导体并购+集装箱地板+无锡国资,半导体并购+集装箱地板+无锡国资
600172,黄河旋风,2026-05-12,10.33,10.76,28.08,,,换手板,2026-05-13,10.92,11.84,25.84,,,换手板,3,断板,重大突破+金刚石散热+培育钻石+半导体,重大突破+金刚石散热+培育钻石+半导体
600396,华电辽能,2026-05-12,14.0,15.05,22.45,,,换手板,2026-05-13,15.05,16.56,10.76,,,换手板,3,断板,绿电+央企+火电,绿电+火电+央企
001259,利仁科技,2026-05-12,45.45,45.45,1.08,,,一字板,2026-05-13,50.0,50.0,1.26,,,一字板,6,走到6板,股份转让+小家电+露营经济,股份转让+小家电+露营经济
603007,顺景科技,2026-05-13,8.42,8.42,1.9,,,一字板,2026-05-14,9.26,9.26,4.16,,,一字板,3,断板,更名+机器人+储能+摘帽,更名+机器人+储能+摘帽
603052,可川科技,2026-05-13,104.89,104.89,1.83,,,一字板,2026-05-14,115.38,115.38,3.99,,,T字板,3,断板,牛散举牌+硅光芯片+消费电子,牛散举牌+硅光芯片+消费电子
002208,合肥城建,2026-05-13,16.36,18.0,12.33,,,换手板,2026-05-14,19.01,19.8,12.04,,,换手板,3,断板,间接持有长鑫科技+房地产+合肥国资,间接持有长鑫科技+房地产+合肥国资
603779,威龙股份,2026-05-14,9.02,9.02,0.54,,,一字板,2026-05-15,9.92,9.92,1.59,,,一字板,7,走到7板,淄博国资入主+复牌+葡萄酒,淄博国资入主+复牌+葡萄酒
600578,京能电力,2026-05-14,6.37,6.37,3.25,,,T字板,2026-05-15,6.5,7.01,6.62,,,换手板,4,走到4板,风光火储+绿电转型+北京国资,风光火储+绿电转型+北京国资
603082,北自科技,2026-05-15,39.01,42.3,31.63,,,换手板,2026-05-18,46.53,46.53,52.07,,,T字板,4,走到4板,人形机器人+智能物流+拟收购穗柯智能+央企,人形机器人+智能物流+拟收购穗柯智能+央企
003018,金富科技,2026-05-15,59.14,59.14,,,,T字板,2026-05-18,59.33,65.05,8.73,,,换手板,3,断板,,液冷并购+瓶盖龙头+北美客户
002421,达实智能,2026-05-18,3.21,3.53,17.05,,,换手板,2026-05-19,3.88,3.88,3.12,,,一字板,4,走到4板,液冷服务器+AIoT平台+AI应用+机器人概念,液冷服务器+机器人概念+AIoT平台+AI应用
603311,金海高科,2026-05-18,24.53,25.41,9.62,,,换手板,2026-05-19,25.98,27.95,16.25,,,换手板,3,断板,控制权变更+复牌+空气过滤,控制权变更+昨日复牌+空气过滤
000417,合百集团,2026-05-19,8.66,8.66,3.3,,,一字板,2026-05-20,9.45,9.53,12.56,,,换手板,3,断板,间接投资长鑫科技+合肥国资+区域零售,间接投资长鑫科技+合肥国资+零售+农批
002272,川润股份,2026-05-19,20.75,22.67,18.57,,,换手板,2026-05-20,24.94,24.94,14.89,,,T字板,3,断板,液冷服务器+定增扩产+风电装备,液冷服务器+机器人+定增扩产
603938,三孚股份,2026-05-19,45.53,48.87,8.73,,,换手板,2026-05-20,50.96,53.76,2.08,,,换手板,3,断板,存储上游+光纤材料+硅产品,存储上游+光纤材料+硅产品
603316,诚邦股份,2026-05-19,20.09,22.52,11.49,,,换手板,2026-05-20,24.5,24.77,5.53,,,换手板,4,走到4板,存储芯片+定增扩产+业绩暴增,存储芯片+定增扩产+业绩暴增
002442,龙星科技,2026-05-21,6.82,7.37,27.96,,,换手板,2026-05-22,7.49,8.11,19.07,,,换手板,3,断板,董事长增持+炭黑龙头+绿色降碳,炭黑龙头+绿色降碳+董事长增持
600611,大众交通,2026-05-21,5.11,5.57,9.77,,,换手板,2026-05-22,6.13,6.13,3.74,,,一字板,3,断板,间接投资长江存储+智能网联+上海出租车,间接投资长江存储+智能网联+上海出租车
603661,恒林股份,2026-05-22,32.53,32.53,1.29,,,一字板,2026-05-25,35.78,35.78,0.99,,,一字板,3,断板,投资GPU公司+家居用品+出口+越南产能,投资GPU公司+培育钻石+家居用品+出口
600172,黄河旋风,2026-05-25,11.5,12.09,14.81,,,换手板,2026-05-26,12.74,13.3,24.25,,,换手板,3,断板,金刚石散热+培育钻石+半导体+重大突破,AI芯片散热+培育钻石+超硬材料
002552,宝鼎科技,2026-05-25,43.5,43.8,10.01,,,换手板,2026-05-26,44.61,48.18,9.8,,,换手板,3,断板,PCB铜箔+黄金采选+Q1业绩大增,PCB铜箔+黄金采选+Q1业绩大增
002585,双星新材,2026-05-25,9.78,9.88,4.91,,,换手板,2026-05-26,10.07,10.87,24.12,,,换手板,3,断板,MLCC离型膜+复合铜箔+扭亏为盈,MLCC离型膜+复合铜箔+扭亏为盈
000510,新金路,2026-05-25,15.62,16.43,18.95,,,换手板,2026-05-26,16.55,18.07,13.58,,,换手板,3,断板,石英砂+钽锡钨铌+栗木矿复产+氯碱龙头,石英砂+锡钨钽铌+氯碱龙头
600726,华电能源,2026-05-26,7.27,7.61,2.72,,,换手板,2026-05-27,7.86,8.37,1.72,,,换手板,5,走到5板,煤炭产销+热电联产+扭亏为盈+央企,煤炭产销+热电联产+扭亏为盈+央企
600162,香江控股,2026-05-26,2.1,2.1,0.9,,,一字板,2026-05-27,2.23,2.31,4.79,,,换手板,5,走到5板,广州项目+家居商贸+养老服务,广州地产项目+家居商贸+养老服务+低价股
000509,华塑控股,2026-05-26,4.34,4.74,7.43,,,换手板,2026-05-27,4.74,5.21,22.73,,,换手板,4,走到4板,拟定增+PCB钻针+CCER+湖北国资,PCB钻针澄清+显示终端+CCER+拟定增
002579,中京电子,2026-05-27,16.54,16.54,17.57,,,T字板,2026-05-28,16.85,18.19,40.37,,,换手板,3,断板,PCB+高阶HDI+定增扩产,PCB+高阶HDI+定增扩产
000539,粤电力Ａ,2026-05-28,7.9,8.07,5.85,,,换手板,2026-05-29,8.77,8.88,4.56,,,换手板,4,走到4板,电力+业绩减亏+广东国资,电力+业绩减亏+广东国资
002995,天地在线,2026-05-29,21.5,22.83,16.64,,,换手板,2026-06-01,22.83,25.11,26.41,,,换手板,3,断板,AI营销+字节概念+持股中书艺莲+VR文旅,AI营销+字节概念+持股中书艺莲+VR文旅
600280,中央商场,2026-06-01,3.36,3.52,7.5,,,换手板,2026-06-02,3.42,3.87,13.44,,,换手板,3,断板,百货零售+罗森便利店+中华老字号,百货零售+罗森便利店+中华老字号
603890,XD春秋电,2026-06-01,27.29,27.29,0.97,,,一字板,2026-06-02,30.02,30.02,0.85,,,一字板,3,断板,AIPC镁合金+戴尔产业链+人形机器人,AI PC镁合金+笔记本结构件+戴尔+收购液冷Asetek
600367,红星发展,2026-06-02,35.77,38.84,9.51,,,换手板,2026-06-03,42.7,42.72,4.04,,,换手板,3,断板,碳酸锶涨价+MLCC上游+玻璃基板上游+青岛国资,碳酸锶涨价+玻璃基板上游+MLCC上游+青岛国资
600403,大有能源,2026-06-02,6.11,6.12,1.05,,,换手板,2026-06-03,6.73,6.73,4.04,,,T字板,6,走到6板,煤炭+河南国资重组+国企改革,煤炭+河南国资重组+国企改革
600121,郑州煤电,2026-06-02,5.07,5.17,16.8,,,换手板,2026-06-03,5.1,5.69,23.96,,,换手板,3,断板,煤炭+机器人+算力中心+郑州国资,煤炭+机器人+算力中心+郑州国资
603330,天洋新材,2026-06-02,7.1,7.77,10.75,,,换手板,2026-06-03,8.55,8.55,2.74,,,一字板,4,走到4板,电子胶+半导体+光模块透镜固定用胶,光模块透镜固定用胶+电子胶+半导体
600255,鑫科材料,2026-06-03,4.39,4.39,3.13,,,一字板,2026-06-04,4.64,4.83,34.37,,,换手板,3,断板,高速铜连接+铜合金板带+一季报增长+国资,高速铜连接+铜合金板带+一季报增长+国资
603135,中重科技,2026-06-04,11.48,12.75,2.37,,,换手板,2026-06-05,13.55,14.03,5.62,,,换手板,4,走到4板,机器人+出海+新增订单+到期赎回,机器人+出海+新增订单+到期赎回
603500,祥和实业,2026-06-05,12.23,12.23,1.62,,,一字板,2026-06-08,13.0,13.45,16.91,,,换手板,3,断板,超级电容+轨交扣件+产能扩张,超级电容+轨交扣件+产能扩张
002254,泰和新材,2026-06-08,15.11,17.08,8.11,,,换手板,2026-06-09,17.9,18.79,17.41,,,换手板,3,断板,光纤+芳纶涂覆+半固态电池+国企,光纤光缆+芳纶隔膜+烟台国资
002354,天娱数科,2026-06-08,7.1,7.33,6.78,,,换手板,2026-06-09,7.75,8.06,29.25,,,换手板,4,走到4板,物理AI+具身智能+算力租赁+AI应用,物理AI+具身智能数据集+AI应用
002636,金安国纪,2026-06-09,70.38,70.38,1.98,,,T字板,2026-06-10,76.0,77.42,5.3,,,换手板,3,断板,覆铜板满产满销+定增高等级覆铜板+一季报增长,覆铜板+电子布涨价+满产满销
600500,中化国际,2026-06-10,6.55,6.55,0.88,,,一字板,2026-06-11,7.21,7.21,1.08,,,一字板,4,走到4板,芳纶+PPE树脂+央企,收购南通星辰+PPE树脂+芳纶+央企
000048,京基智农,2026-06-10,17.63,17.83,5.6,,,换手板,2026-06-11,18.95,19.61,5.51,,,换手板,3,断板,协议转让+生猪养殖+猪价反弹+机器人,协议转让+生猪养殖+猪价反弹+机器人
002971,和远气体,2026-06-10,47.95,47.95,4.75,,,T字板,2026-06-11,52.75,52.75,15.22,,,T字板,4,走到4板,六氟化钨+电子特气+硅基新材料,六氟化钨+电子特气+硅基新材料
000032,深桑达Ａ,2026-06-12,17.4,18.92,9.28,,,换手板,2026-06-15,19.2,20.81,8.83,,,换手板,4,走到4板,半导体洁净室+中国电子云增资+AI算力,半导体洁净室+中国电子云增资+AI算力
601958,金钼股份,2026-06-12,25.52,25.52,0.51,,,一字板,2026-06-15,27.25,28.07,6.69,,,换手板,3,断板,钼基新材+存储芯片材料+陕西国资,钼价上涨+钼基新材料+陕西国资
000510,新金路,2026-06-12,18.21,19.37,11.99,,,换手板,2026-06-15,21.3,21.31,2.72,,,换手板,3,断板,石英砂+锡钨钽+氯碱化工+减持终止,石英砂+氯碱化工+锡钨钽
605198,安德利,2026-06-15,69.86,71.28,2.47,,,换手板,2026-06-16,78.41,78.41,4.72,,,T字板,3,断板,浓缩果汁龙头+H股回购+产能并购整合,拟跨界收购+覆铜板+浓缩果汁
603115,海星股份,2026-06-16,103.5,109.04,1.56,,,换手板,2026-06-17,116.2,119.94,1.87,,,换手板,3,断板,AI服务器电极箔+市占率第一+业绩增长,AI服务器电极箔+市占率第一+业绩增长
600353,旭光电子,2026-06-16,34.72,34.72,0.5,,,一字板,2026-06-17,38.19,38.19,3.52,,,T字板,5,走到5板,氮化铝+韩国客户+真空灭弧室+可控核聚变,氮化铝+韩国客户+真空灭弧室+可控核聚变
600110,诺德股份,2026-06-16,15.65,15.65,0.62,,,一字板,2026-06-17,17.22,17.22,0.94,,,一字板,3,断板,铜箔+HVLP+固态电池+满产满销,铜箔+HVLP+固态电池+满产满销
002741,光华科技,2026-06-16,35.85,35.85,1.1,,,一字板,2026-06-17,38.68,39.44,4.83,,,换手板,3,断板,PCB化学品+AI算力+股权激励,PCB化学品+AI算力+股权激励
603618,杭电股份,2026-06-16,43.98,47.03,5.64,,,换手板,2026-06-17,48.0,51.73,4.48,,,换手板,3,断板,光纤涨价+PET铜箔+特高压,光纤涨价+铜箔+特高压
002080,中材科技,2026-06-16,70.9,74.92,3.26,,,换手板,2026-06-17,76.26,82.41,4.92,,,换手板,3,断板,电子布涨价+AI算力+央企,特种电子布+风电叶片+央企背景
000777,中核科技,2026-06-16,19.87,19.87,1.2,,,一字板,2026-06-17,21.86,21.86,20.64,,,T字板,3,断板,中核集团旗下+核电阀门+控股股东增持,中核集团旗下+核电阀门+控股股东增持
603186,华正新材,2026-06-16,200.06,206.06,3.69,,,换手板,2026-06-17,215.0,226.67,10.23,,,换手板,3,断板,覆铜板+AI算力+定增扩产,覆铜板+AI算力+定增扩产
601636,旗滨集团,2026-06-16,7.27,7.88,5.32,,,换手板,2026-06-17,8.67,8.67,2.2,,,一字板,3,断板,玻璃基板+光伏玻璃+浮法玻璃,玻璃基板+浮法玻璃+光伏玻璃
603002,宏昌电子,2026-06-16,19.89,21.09,8.04,,,换手板,2026-06-17,21.5,23.2,6.92,,,换手板,3,断板,高速覆铜板+环氧树脂+先进封装,高速覆铜板+环氧树脂+先进封装
002989,中天精装,2026-06-17,31.67,33.97,12.11,,,换手板,2026-06-18,35.7,37.37,11.37,,,换手板,3,断板,FCBGA封装基板+HBM+半导体转型+浙江国资,FCBGA封装基板+HBM+半导体转型+浙江国资
600397,江钨装备,2026-06-17,17.11,18.36,14.73,,,换手板,2026-06-18,18.36,20.2,15.53,,,换手板,5,走到5板,钨钽铌并购+磁选装备+江西国资,钨钽铌并购+磁选装备+江西国资
603989,艾华集团,2026-06-17,34.3,37.73,3.72,,,换手板,2026-06-18,40.06,41.5,1.35,,,换手板,4,走到4板,MLPC+AI服务器+铝电解电容+薄膜电容,MLPC+AI服务器+铝电解电容+薄膜电容
002141,贤丰控股,2026-06-17,3.97,4.28,16.09,,,换手板,2026-06-18,4.6,4.71,5.39,,,换手板,3,断板,覆铜板+PCB上游+扭亏为盈,覆铜板+PCB上游+扭亏为盈
000811,冰轮环境,2026-06-18,40.17,40.17,0.43,,,一字板,2026-06-22,43.3,44.19,7.4,,,换手板,3,断板,数据中心液冷+拟收购整合+权益分派+烟台国资,数据中心液冷+拟收购整合+权益分派+烟台国资
002068,黑猫股份,2026-06-22,10.45,11.5,12.41,,,换手板,2026-06-23,12.0,12.65,15.82,,,换手板,3,断板,超级电容+炭黑龙头+景德镇国资,超级电容+超导电炭黑+炭黑龙头+国企改革
600851,海欣股份,2026-06-22,8.61,8.84,6.41,,,换手板,2026-06-23,9.05,9.72,6.19,,,换手板,3,断板,创新药+APDC三期+医药制造,参股长江证券+创新药+医药制造
002674,兴业科技,2026-06-22,19.69,19.69,0.45,,,一字板,2026-06-23,21.66,21.66,0.3,,,一字板,6,走到6板,磷化铟收购+机器人电子皮肤+汽车内饰皮革,磷化铟收购+机器人电子皮肤+汽车内饰皮革
002167,东方锆业,2026-06-22,17.74,17.74,0.77,,,一字板,2026-06-23,19.51,19.51,12.93,,,一字板,4,走到4板,锆材料+产品涨价+固态电池+定增扩产,锆材料+产品涨价+固态电池+定增扩产
605069,正和生态,2026-06-23,13.4,13.4,3.13,,,T字板,2026-06-24,14.2,14.74,14.09,,,换手板,3,断板,智谱AI+水务机器狗+生态水利,智谱AI+水务机器狗+生态水利
603938,三孚股份,2026-06-23,64.14,65.12,10.04,,,换手板,2026-06-24,66.2,71.63,13.55,,,换手板,3,断板,高纯四氯化硅涨价+光纤材料+存储芯片,高纯四氯化硅涨价+光纤材料+存储芯片
605366,宏柏新材,2026-06-24,11.23,11.88,8.84,,,换手板,2026-06-25,13.07,13.07,1.94,,,一字板,4,走到4板,光纤概念+高纯四氯化硅+含硫硅烷+券商推荐,光纤概念+高纯四氯化硅+含硫硅烷+券商推荐
000823,超声电子,2026-06-25,24.99,25.87,8.32,,,换手板,2026-06-26,28.46,28.46,17.86,,,T字板,3,断板,转债摘牌+PCB+覆铜板+算力硬件,转债摘牌+PCB+覆铜板+算力硬件
600228,返利科技,2026-06-25,9.81,9.81,0.56,,,一字板,2026-06-26,10.79,10.79,0.14,,,一字板,3,断板,控制权变更+复牌+在线导购+摘帽,控制权变更+复牌+摘帽+在线导购
603956,威派格,2026-06-26,5.83,5.83,1.42,,,一字板,2026-06-29,6.13,6.41,12.41,,,换手板,3,断板,液冷泵+六张网建设+智慧水务,液冷泵+六张网建设+智慧水务
002407,多氟多,2026-06-30,49.79,50.23,17.46,,,换手板,2026-07-01,54.8,55.25,6.57,,,换手板,3,断板,半导体级氢氟酸涨价+六氟磷酸锂+大圆柱电池,半导体级氢氟酸涨价+六氟磷酸锂+大圆柱电池
600113,浙江东日,2026-06-30,31.38,33.18,2.65,,,换手板,2026-07-01,35.59,36.5,3.2,,,换手板,3,断板,农批市场+国企+预制菜,农批市场+国企+回购注销
000566,海南海药,2026-06-30,4.64,4.99,14.5,,,换手板,2026-07-01,4.9,5.49,16.0,,,换手板,4,走到4板,创新药+脑机接口+海南自贸区+国企,创新药+脑机接口+海南自贸区+国企
000004,国华网安,2026-06-30,0.3,0.34,1.94,,,换手板,2026-07-01,0.37,0.37,9.11,,,T字板,5,走到5板,,
600641,先导基电,2026-07-01,41.17,43.85,13.6,,,换手板,2026-07-02,48.24,48.24,7.38,,,T字板,3,断板,减持终止+铋材料+离子注入机,拟收购先导微电子+离子注入机+铋材料
603137,恒尚节能,2026-07-01,14.23,14.23,0.28,,,一字板,2026-07-02,15.65,15.65,0.2,,,一字板,8,走到8板,拟收购存储公司+建筑幕墙,拟收购存储公司+复牌+建筑幕墙
605189,富春染织,2026-07-02,13.48,14.59,10.64,,,换手板,2026-07-03,14.59,16.05,10.15,,,换手板,3,断板,人形机器人+PEEK材料+业绩增长+筒子纱龙头,人形机器人+PEEK材料+业绩增长+筒子纱龙头
600793,宜宾纸业,2026-07-02,13.3,14.55,2.51,,,换手板,2026-07-03,16.01,16.01,2.07,,,T字板,5,走到5板,子公司购买资产+醋酸纤维素+竹基新材料+宜宾国资,子公司购买资产+醋酸纤维素+竹基新材料+宜宾国资
000078,海王生物,2026-07-07,1.66,1.8,8.13,,,换手板,2026-07-08,1.81,1.98,4.46,,,换手板,3,断板,miRNA肿瘤早筛+摘帽预期+医药全产业链,miRNA肿瘤早筛+摘帽预期+医药全产业链
600288,大恒科技,2026-07-07,14.8,15.55,27.84,,,换手板,2026-07-08,15.4,17.11,27.93,,,换手板,3,断板,机器视觉+机器人+半导体,机器视觉+半导体+机器人
002841,视源股份,2026-07-08,45.5,47.39,5.53,,,换手板,2026-07-09,45.11,52.13,9.72,,,换手板,3,断板,中报预增+AI教育+机器人,中报预增+交互智能平板+AI教育+机器人
003020,立方制药,2026-07-10,17.05,18.74,10.58,,,换手板,2026-07-13,20.04,20.61,9.85,,,换手板,3,断板,基药目录新增+精麻药+缓控释制剂,基药目录新增+精麻药+缓控释制剂
600992,贵绳股份,2026-07-10,9.78,10.65,7.03,,,换手板,2026-07-13,11.72,11.72,2.22,,,一字板,3,断板,商业航天+钢丝绳龙头+国企改革,商业航天+钢丝绳+贵州国资
001395,亚联机械,2026-07-10,28.11,28.63,7.3,,,换手板,2026-07-13,28.8,31.49,22.38,,,换手板,3,断板,2026中报预增+人造板装备+海外业务,中报预增+人造板装备+海外业务
000004,国华网安,2026-07-10,0.45,0.46,2.87,,,换手板,2026-07-13,0.51,0.51,2.76,,,一字板,3,进行中,,
600664,哈药股份,2026-07-13,3.51,3.71,8.0,,,换手板,2026-07-14,3.8,4.08,17.48,,,换手板,5,走到5板,中报预增+化学制药+创新药,中报预增+基药目录+化学制药+创新药
001388,信通电子,2026-07-14,30.1,32.44,3.8,,,换手板,2026-07-15,34.0,35.68,12.04,,,换手板,3,断板,高送转+防冰机器人+电网设备,电力智能运维+算力租赁+防冰机器人+高送转
603137,恒尚节能,2026-07-14,31.0,32.37,20.18,,,换手板,2026-07-15,32.88,35.61,16.8,,,换手板,3,断板,拟收购存储公司+建筑幕墙+跨界转型,拟收购存储公司+建筑幕墙+跨界转型
600162,香江控股,2026-07-16,2.71,2.78,10.56,,,换手板,2026-07-17,2.9,3.06,11.6,,,换手板,3,断板,家居商贸+房地产,算力+家居商贸+房地产
000676,智度股份,2026-07-16,5.65,6.22,6.61,,,换手板,2026-07-17,6.65,6.84,20.42,,,换手板,3,断板,中报预增+华为鲸鸿+互联网媒体+广告,中报预增+华为鲸鸿+互联网媒体+广告
002677,浙江美大,2026-07-09,6.92,7.23,2.78,,,换手板,2026-07-17,7.95,7.95,1.24,,,一字板,3,断板,AI厨电+集成灶龙头+智能驾驶,控制权变更+跨境电商+集成灶龙头
001258,立新能源,2026-07-17,7.42,8.27,6.15,,,换手板,2026-07-20,8.84,9.1,8.8,,,换手板,6,走到6板,风电光伏+定增获批+半年报预增+新疆国资,风电光伏+定增获批+半年报预增+新疆国资
600744,华银电力,2026-07-20,6.46,6.56,8.59,,,换手板,2026-07-21,7.0,7.22,18.21,,,换手板,4,走到4板,火电+新能源+定增获批+央企,火电+新能源+定增获批+央企
000815,美利云,2026-07-21,14.65,14.66,4.36,,,换手板,2026-07-22,16.13,16.13,12.97,,,T字板,4,走到4板,算力租赁+东数西算+中国诚通旗下,算力租赁+东数西算+中国诚通旗下
000603,盛达资源,2026-07-22,20.88,22.57,6.27,,,换手板,2026-07-23,23.44,24.83,10.37,,,换手板,3,断板,白银+铅锌+黄金概念+中报预增,白银龙头+黄金概念+铅锌+中报预增
002197,证通电子,2026-07-22,6.87,6.97,3.66,,,换手板,2026-07-23,7.0,7.67,20.37,,,换手板,3,断板,算力租赁+数据中心REITs+金融科技+中报扭亏,算力租赁+数据中心REITs+金融科技+中报扭亏
603221,爱丽家居,2026-07-22,11.57,11.57,0.05,,,一字板,2026-07-23,12.73,12.73,0.08,,,一字板,9,走到9板,拟收购欧康诺+存储测试设备+PVC弹性地板,拟收购欧康诺+存储测试设备+PVC弹性地板
002879,长缆科技,2026-07-22,14.48,14.92,22.53,,,换手板,2026-07-23,15.2,16.41,19.17,,,换手板,5,走到5板,回购+增持+液冷+电缆附件,回购+增持+液冷+电缆附件
000533,顺钠股份,2026-07-24,9.55,9.55,1.21,,,一字板,2026-07-27,10.09,10.51,9.51,,,换手板,4,走到4板,数据中心+干式变压器+电网设备+控制权变更预期,数据中心+干式变压器+储能+控制权变更预期
601606,长城军工,2026-07-24,30.63,32.05,4.18,,,换手板,2026-07-27,32.26,35.26,9.83,,,换手板,3,断板,军工+弹药装备+兵装重组+央企,军工+弹药装备+兵装重组+央企
002388,新亚制程,2026-07-27,4.48,4.8,13.28,,,换手板,2026-07-28,5.04,5.28,21.65,,,换手板,3,断板,锂电材料+华为产业链+胶粘剂+增持,锂电材料+华为产业链+胶粘剂+增持
605068,明新旭腾,2026-07-28,15.86,17.02,3.09,,,换手板,2026-07-29,18.72,18.72,3.46,,,T字板,4,走到4板,人形机器人+电子皮肤+减持终止+汽车内饰,人形机器人+电子皮肤+减持终止+汽车内饰
000428,华天酒店,2026-07-28,3.42,3.67,3.09,,,换手板,2026-07-29,4.04,4.04,4.28,,,T字板,3,断板,旅游酒店+国企改革+酒店主业,酒店+国企改革+大消费
003032,传智教育,2026-07-28,6.12,6.62,12.31,,,换手板,2026-07-29,7.28,7.28,3.74,,,一字板,8,走到8板,AI教育+具身智能+中报扭亏,AI教育+具身智能+中报扭亏
001358,兴欣新材,2026-07-28,22.48,24.53,5.85,,,换手板,2026-07-29,25.27,26.98,23.86,,,换手板,3,断板,回购+电子化学品+光刻胶,回购+电子化学品+光刻胶
605179,一鸣食品,2026-07-29,15.44,16.01,1.39,,,换手板,2026-07-30,17.61,17.61,0.69,,,一字板,5,走到5板,乳业+烘焙食品+业绩增长,原奶周期+乳业+业绩增长
000593,德龙汇能,2026-08-03,18.61,18.61,1.16,,,一字板,2026-08-04,20.47,20.47,0.38,,,一字板,4,走到4板,举牌+天然气+氢能,举牌+天然气+氢能
000815,美利云,2026-08-03,15.9,16.7,13.33,,,换手板,2026-08-04,18.0,18.37,5.31,,,换手板,3,断板,算力租赁+东数西算+央企,算力租赁+东数西算+央企
603106,恒银科技,2026-08-03,8.22,8.22,1.67,,,一字板,2026-08-04,9.04,9.04,4.09,,,T字板,3,断板,AI应用+金融信创+全球化,AI应用+金融信创+异常波动公告
002963,豪尔赛,2026-08-03,13.92,14.54,2.17,,,换手板,2026-08-04,15.43,15.99,4.94,,,换手板,5,走到5板,液冷服务器+智慧灯杆+照明工程,液冷服务器+智慧灯杆+照明工程
002354,天娱数科,2026-08-03,7.16,7.16,7.74,,,T字板,2026-08-04,7.29,7.88,30.69,,,换手板,3,断板,AI营销+具身智能数据集+3D视觉+算力租赁,AI营销+具身智能数据集+3D视觉+算力租赁
601700,风范股份,2026-08-04,5.82,5.92,5.36,,,换手板,2026-08-05,6.51,6.51,15.39,,,T字板,4,走到4板,特高压+中报预增+国企改革,特高压+中报预增+国企改革
002428,云南锗业,2026-08-05,82.7,82.71,4.77,,,换手板,2026-08-06,89.0,90.98,11.97,,,换手板,4,走到4板,磷化铟+重大合同+锗业龙头,磷化铟+重大合同+锗业龙头
002975,博杰股份,2026-08-05,80.76,84.61,2.44,,,换手板,2026-08-06,87.57,93.07,11.46,,,换手板,3,断板,AI服务器测试+MLCC设备+英伟达+中报预增,磷化铟+MLCC设备+AI服务器测试+英伟达
002552,宝鼎科技,2026-08-05,37.54,39.34,5.1,,,换手板,2026-08-06,40.81,43.27,4.81,,,换手板,5,走到5板,覆铜板+PCB+黄金+国企,覆铜板+黄金+业绩增长+国企
600397,江钨装备,2026-08-05,14.0,15.35,14.8,,,换手板,2026-08-06,16.5,16.89,2.45,,,换手板,3,断板,钨钽铌资产注入+磁选装备+江西国资,钨钽铌资产注入+磁选装备+江西国资
600721,百花医药,2026-08-05,8.71,8.71,10.82,,,T字板,2026-08-06,9.54,9.58,32.72,,,换手板,7,走到7板,CRO+创新药+金华国资入主,CRO+创新药+金华国资入主
603773,沃格光电,2026-08-05,73.53,78.57,4.56,,,换手板,2026-08-06,81.58,86.43,5.97,,,换手板,4,走到4板,TGV玻璃基板+CPO+先进封装,TGV玻璃基板+CPO+先进封装
002425,凯撒文化,2026-08-05,3.47,3.47,1.63,,,一字板,2026-08-06,3.82,3.82,11.96,,,T字板,3,断板,游戏IP+AI应用+半年报预计扭亏,游戏IP+AI应用+半年报预计扭亏
600206,有研新材,2026-08-06,40.8,43.79,12.17,,,换手板,2026-08-07,46.0,48.17,10.83,,,换手板,3,断板,半年报增长+半导体靶材+聚焦集成电路+央企,半年报增长+半导体靶材+稀土+央企
001267,汇绿生态,2026-08-06,35.81,38.81,12.21,,,换手板,2026-08-07,41.01,42.69,11.85,,,换手板,3,断板,光模块+重大资产重组+CPO+代工,光模块+重大资产重组+CPO+代工
002971,和远气体,2026-08-06,37.69,41.25,14.14,,,换手板,2026-08-07,43.99,45.38,9.27,,,换手板,3,断板,六氟化钨+电子特气+大宗气体,电子特气+六氟化钨+大宗气体
002827,高争民爆,2026-08-07,53.26,54.16,,,,换手板,2026-08-10,58.0,59.58,4.85,,,换手板,3,断板,,控股股东拟变更+矿山投资开发+民爆+西藏国资
600272,开开实业,2026-08-07,11.9,12.97,9.83,,,换手板,2026-08-10,14.27,14.27,3.69,,,一字板,5,走到5板,SPD+医药商业+上海国资,SPD+医药商业+资产收购+上海国资
603758,秦安股份,2026-08-10,11.0,11.53,2.53,,,换手板,2026-08-11,12.68,12.68,1.03,,,一字板,5,走到5板,人形机器人+真空镀膜+发动机核心零部件+回购注销,人形机器人+真空镀膜+发动机核心零部件+回购注销
600664,哈药股份,2026-08-10,7.52,7.52,5.23,,,T字板,2026-08-11,7.76,8.27,26.95,,,换手板,3,断板,创新药+集采拟中标+半年报预增,创新药+集采拟中标+半年报预增
002248,华东数控,2026-08-11,10.94,11.06,7.08,,,换手板,2026-08-12,11.71,12.17,23.23,,,换手板,3,断板,工业母机+谐波减速器+圆台磨床中标,工业母机+谐波减速器+圆台磨床中标
002329,皇氏集团,2026-08-11,3.7,3.82,7.94,,,换手板,2026-08-12,3.9,4.2,19.42,,,换手板,4,走到4板,乳业+新式茶饮+代工+种源突破,乳业+新式茶饮+奶水牛种源
605179,一鸣食品,2026-08-11,25.72,27.63,10.37,,,换手板,2026-08-12,27.8,30.39,7.08,,,换手板,4,走到4板,乳业+烘焙食品+米制鲜食,乳业+烘焙食品+米制鲜食
600683,京投发展,2026-08-11,10.68,10.68,1.31,,,T字板,2026-08-12,11.75,11.75,0.31,,,一字板,4,走到4板,资产重组+拟购光电子资产+TOD轨道物业+北京国资,资产重组+拟购光电子资产+TOD轨道物业+北京国资
000802,北京文化,2026-08-11,5.17,5.17,6.87,,,一字板,2026-08-12,5.69,5.69,16.28,,,T字板,4,走到4板,《欢迎来龙餐馆》上映+影视全产业链+半年报减亏,《欢迎来龙餐馆》上映+影视全产业链+半年报减亏
605286,同力天启,2026-08-11,25.63,28.17,5.39,,,换手板,2026-08-12,30.99,30.99,1.54,,,一字板,4,走到4板,算电协同+储能+电梯部件,算电协同+储能+电梯部件
600881,亚泰集团,2026-08-12,1.9,2.06,11.9,,,换手板,2026-08-13,2.15,2.27,8.89,,,换手板,3,断板,创新药+预重整+重整投资人招募+长春国资,创新药+预重整+重整投资人招募+长春国资
603887,城地香江,2026-08-12,11.35,11.35,1.19,,,一字板,2026-08-13,12.49,12.49,3.03,,,一字板,3,断板,模块化数据中心+算力租赁+央企入主,IDC全产业链+互联网企业合作+拟终止定增
001260,坤泰股份,2026-08-13,21.03,21.03,1.66,,,一字板,2026-08-14,23.13,23.13,1.13,,,一字板,3,断板,汽车软内饰+海外产能+新能源客户,汽车软内饰+海外产能+新能源客户
002081,金螳螂,2026-08-13,4.81,4.81,1.03,,,一字板,2026-08-14,5.29,5.29,19.72,,,T字板,4,走到4板,洁净室+参建数据中心+海外业务+建筑装饰龙头,洁净室+参建数据中心+海外业务+建筑装饰龙头
603330,天洋新材,2026-08-13,8.99,9.71,15.62,,,换手板,2026-08-14,10.19,10.68,5.87,,,换手板,4,走到4板,CPO+电子胶+半年报预盈+出售子公司,CPO+电子胶+半年报预盈
000936,华西股份,2026-08-13,6.33,6.34,2.92,,,换手板,2026-08-14,6.97,6.97,15.45,,,T字板,3,断板,间接参股光芯片+磷化铟+涤纶化纤+创投,间接参股光芯片+磷化铟+涤纶化纤+创投
600613,神奇制药,2026-08-14,6.41,6.41,2.61,,,一字板,2026-08-17,6.9,7.05,8.19,,,换手板,4,走到4板,化学制药+抗肿瘤+感冒止咳,化学制药+抗肿瘤+感冒止咳
603118,共进股份,2026-08-14,16.36,17.56,14.31,,,换手板,2026-08-17,19.26,19.32,13.31,,,换手板,3,断板,数据中心交换机+机器人+网通设备+唐山国资,数据中心交换机+光通信+机器人+唐山国资
603089,正裕工业,2026-08-17,10.29,10.73,2.68,,,换手板,2026-08-18,11.8,11.8,2.0,,,一字板,3,断板,机器人概念+汽车减震器龙头+定增完成,机器人概念+汽车减震器+定增完成
600353,旭光电子,2026-08-17,33.0,34.13,3.94,,,换手板,2026-08-18,36.0,37.54,7.85,,,换手板,3,断板,氮化铝+可控核聚变+光刻机+真空灭弧室,定增过会+氮化铝+真空灭弧室+可控核聚变
002820,桂发祥,2026-08-17,11.15,11.15,2.42,,,一字板,2026-08-18,12.27,12.27,2.05,,,一字板,3,断板,中华老字号+休闲食品+国企改革,大消费+休闲食品+国企改革
603395,红四方,2026-08-18,26.0,26.36,7.49,,,换手板,2026-08-19,29.0,29.0,18.11,,,T字板,3,断板,新疆煤化工项目+复合肥+央企,新疆煤化工项目+复合肥+央企
600127,金健米业,2026-08-18,6.85,7.11,8.54,,,换手板,2026-08-19,7.82,7.82,4.56,,,一字板,4,走到4板,粮食安全+粮油加工+湖南国资,粮食安全+粮油加工+湖南国资
000505,京粮控股,2026-08-18,6.22,6.79,12.21,,,换手板,2026-08-19,6.93,7.47,10.74,,,换手板,3,断板,粮食概念+油脂加工+国企改革,粮食概念+油脂加工+国企改革
002412,汉森制药,2026-08-20,9.26,9.26,0.87,,,一字板,2026-08-21,10.19,10.19,4.52,,,一字板,5,走到5板,创新药+中药+中报预增,创新药+中药+中报预增
000931,中关村,2026-08-21,5.08,5.09,8.35,,,换手板,2026-08-24,5.6,5.6,14.99,,,T字板,3,断板,mRNA疫苗平台+创新药+麻精镇痛+药品获批,mRNA疫苗+集采中选+麻精镇痛
000017,深中华A,2026-08-21,7.11,7.11,9.43,,,T字板,2026-08-24,7.82,7.82,2.01,,,一字板,7,走到7板,黄金珠宝+黄金涨价+年报增长,黄金珠宝+黄金涨价+年报增长
603958,哈森股份,2026-08-21,20.0,20.55,6.99,,,换手板,2026-08-24,21.51,22.61,19.91,,,换手板,3,断板,苹果产业链+机器人概念+重组+中报预计扭亏,苹果产业链+机器人概念+重组+中报预计扭亏
600785,新华百货,2026-08-24,10.71,10.71,5.02,,,T字板,2026-08-25,10.78,11.78,22.6,,,换手板,3,断板,回购+新质零售+区域零售,回购+新质零售+区域零售
003040,楚天龙,2026-08-24,12.79,14.07,11.15,,,换手板,2026-08-25,15.21,15.48,9.91,,,换手板,5,走到5板,数字人民币+AI应用+数字政务,数字人民币+智能硬件+数字安全
002084,海鸥住工,2026-08-25,4.35,4.35,0.4,,,一字板,2026-08-26,4.79,4.79,0.52,,,一字板,7,走到7板,控制权拟变更+装配式厨卫+越南制造,控制权拟变更+装配式厨卫+越南制造
600103,青山纸业,2026-08-26,3.2,3.47,10.18,,,换手板,2026-08-27,3.71,3.82,6.1,,,换手板,3,断板,光模块+竹浆纸+福建国资,光模块+竹浆纸+福建国资
002418,康盛股份,2026-08-26,4.46,4.46,10.45,,,T字板,2026-08-27,4.54,4.91,22.53,,,换手板,3,断板,液冷+智算中心+家电制冷,液冷+家电制冷+铜合金
002855,捷荣技术,2026-08-26,12.1,12.1,0.92,,,一字板,2026-08-27,13.31,13.31,0.58,,,一字板,6,走到6板,消费电子+精密结构件+亏损收窄,折叠屏+精密结构件+亏损收窄
002742,冀衡医药,2026-08-26,5.15,5.15,2.46,,,一字板,2026-08-27,5.67,5.67,1.9,,,一字板,4,走到4板,医药制造+半年报减亏+资产注入,医药制造+半年报减亏+资产注入
600371,万向德农,2026-08-26,9.0,9.54,16.52,,,换手板,2026-08-27,10.45,10.49,5.55,,,换手板,6,走到6板,转基因玉米+玉米种业+新品研发,转基因玉米+玉米种业+新品研发
002942,新农股份,2026-08-27,19.01,19.01,1.63,,,一字板,2026-08-28,20.91,20.91,18.39,,,T字板,3,断板,农药制剂+噻唑锌+业绩增长,业绩增长+农药制剂+噻唑锌
000712,锦龙股份,2026-08-27,10.73,10.73,1.64,,,一字板,2026-08-28,11.8,11.8,1.69,,,一字板,4,走到4板,证券业务+算力租赁+重大重组,证券业务+算力租赁+重大重组
600479,千金药业,2026-08-27,12.0,12.12,25.82,,,换手板,2026-08-28,11.8,13.33,25.62,,,换手板,3,断板,业绩增长+女性健康+创新药,业绩增长+女性健康+创新药+药材种植
600540,新赛股份,2026-08-28,5.05,5.05,0.89,,,一字板,2026-08-31,5.56,5.56,1.22,,,一字板,5,走到5板,业绩高增长+棉花全产业链+棉蛋白,业绩增长+棉花全产业链+棉蛋白
603269,海鸥股份,2026-08-28,21.0,22.18,3.59,,,换手板,2026-08-31,22.58,24.4,10.55,,,换手板,3,断板,中报增长+液冷服务器+核电冷却,中报增长+液冷服务器+核电冷却
002396,星网锐捷,2026-08-28,33.8,36.69,15.16,,,换手板,2026-08-31,35.9,40.36,18.57,,,换手板,3,断板,数据中心交换机+光通信+福建国资,数据中心交换机+光通信+福建国资
002886,沃特股份,2026-08-28,26.4,26.4,2.03,,,一字板,2026-08-31,27.61,29.04,31.39,,,换手板,3,断板,PTFE薄膜+人形机器人+半年报增长,PTFE薄膜+人形机器人+半年报增长
003005,竞业达,2026-08-31,15.03,16.53,18.75,,,换手板,2026-09-01,18.18,18.18,3.02,,,一字板,4,走到4板,AI教育+智能体+智慧招考+智慧轨道,AI教育+智能体+智慧招考+智慧轨道
002679,福建金森,2026-08-31,11.74,11.74,2.15,,,一字板,2026-09-01,12.91,12.91,2.59,,,一字板,3,断板,林业主业+海峡两岸+国有控股+中报亏损收窄,林业主业+海峡两岸+国有控股+中报亏损收窄
600551,时代出版,2026-08-31,7.15,8.25,6.52,,,换手板,2026-09-01,8.73,9.08,16.0,,,换手板,3,断板,中报扣非增长+AI出版+教育服务+出版主业,中报扣非增长+AI出版+教育服务+出版主业
000560,我爱我家,2026-08-31,2.9,2.9,2.73,,,一字板,2026-09-01,3.05,3.19,37.08,,,换手板,3,断板,净利增长+房产经纪+AI应用,房产经纪+净利增长+AI应用
601086,国芳集团,2026-08-31,9.17,9.17,3.81,,,T字板,2026-09-01,10.08,10.09,4.54,,,换手板,5,走到5板,半年报增长+新零售+连锁零售,连锁零售+新零售+半年报增长
605577,龙版传媒,2026-09-01,11.4,11.68,5.79,,,换手板,2026-09-02,11.85,12.85,6.0,,,换手板,6,走到6板,AI漫剧+出版发行+黑龙江国资,AI漫剧+出版发行+黑龙江国资
000892,欢瑞世纪,2026-09-01,4.73,4.73,1.83,,,一字板,2026-09-02,5.2,5.2,3.06,,,一字板,3,断板,AIGC影视+互动影游+影视制作,AIGC影视+互动影游+影视制作
002909,集泰股份,2026-09-01,6.28,6.62,15.63,,,换手板,2026-09-02,7.28,7.28,6.94,,,一字板,4,走到4板,液冷硅油+新能源胶+密封胶,液冷硅油+新能源胶+密封胶
600865,百大集团,2026-09-04,10.06,11.35,15.3,,,换手板,2026-09-07,12.47,12.49,4.68,,,换手板,5,走到5板,商业零售+物业租赁+恒隆租约,商业零售+物业租赁+恒隆租约
600108,亚盛集团,2026-09-04,4.0,4.36,11.69,,,换手板,2026-09-07,4.8,4.8,1.09,,,一字板,4,走到4板,玉米制种+现代农业+甘肃国资,玉米制种+现代农业+甘肃国资
002403,爱仕达,2026-09-04,11.18,11.28,4.09,,,换手板,2026-09-07,12.3,12.41,13.47,,,换手板,4,走到4板,人形机器人+工业机器人+炊具小家电,人形机器人+工业机器人+炊具小家电
002702,海欣食品,2026-09-07,6.17,6.17,2.07,,,一字板,2026-09-08,6.79,6.79,19.39,,,T字板,3,断板,速冻食品+山姆渠道+营收增长+海峡两岸,速冻食品+山姆渠道+营收增长+海峡两岸
600354,敦煌种业,2026-09-07,9.03,9.53,11.51,,,换手板,2026-09-08,10.4,10.48,9.32,,,换手板,3,断板,中报增长+种子业务+育种体系,中报增长+玉米种业+育种研发
601949,中国出版,2026-09-07,6.11,6.41,6.81,,,换手板,2026-09-08,6.8,7.05,2.86,,,换手板,3,断板,AI应用+图书出版+中国出版集团,AI应用+图书出版+中国出版集团
603042,华脉科技,2026-09-08,16.97,16.97,3.18,,,一字板,2026-09-09,18.67,18.67,2.19,,,一字板,3,断板,光纤光缆+FPGA芯片+中报扭亏,股权转让+光通信+6G布局
000978,桂林旅游,2026-09-08,8.0,8.01,5.46,,,换手板,2026-09-09,8.24,8.81,26.04,,,换手板,4,走到4板,AI文旅+景区旅游+票务整合,AI文旅+景区旅游+票务整合
002470,金正大,2026-09-08,2.34,2.53,10.12,,,换手板,2026-09-09,2.78,2.78,3.24,,,一字板,3,断板,复合肥+磷化工+缓控释肥,复合肥+磷化工+缓控释肥
000759,中百集团,2026-09-08,7.7,7.7,9.02,,,T字板,2026-09-09,8.35,8.47,28.37,,,换手板,3,断板,商业零售+硬折扣+本地生活,商业零售+硬折扣+本地生活
600792,云煤能源,2026-09-09,4.56,4.92,10.39,,,换手板,2026-09-10,5.39,5.41,14.17,,,换手板,3,断板,焦炭主业+焦炭增产+钢企直供,焦炭主业+焦炭增产+钢企直供
002790,瑞尔特,2026-09-09,7.69,7.69,8.52,,,一字板,2026-09-10,8.46,8.46,2.98,,,一字板,4,走到4板,智能卫浴+适老卫浴+冲水组件,智能卫浴+适老卫浴+冲水组件
000993,闽东电力,2026-09-10,11.77,12.62,12.12,,,换手板,2026-09-11,13.88,13.88,10.47,,,T字板,6,走到6板,清洁能源+海上风电+福建国资,清洁能源+海上风电+福建国资
603421,鼎信通讯,2026-09-10,7.29,7.29,7.03,,,T字板,2026-09-11,6.8,8.02,16.88,,,换手板,3,断板,智能电网+电能表芯片+配电自动化,智能电网+电能表芯片+配电自动化
600876,凯盛新能,2026-09-11,8.47,8.7,4.24,,,换手板,2026-09-14,9.24,9.57,10.41,,,换手板,3,断板,光伏玻璃+产能出清+成本压降,光伏玻璃+产能出清+成本压降
000823,超声电子,2026-09-11,18.63,20.57,30.75,,,换手板,2026-09-14,20.8,22.63,19.25,,,换手板,3,断板,PCB+高阶HDI+AI算力,PCB+高阶HDI+覆铜板
002912,中新赛克,2026-09-11,23.51,23.51,2.12,,,一字板,2026-09-14,25.86,25.86,1.06,,,一字板,4,走到4板,AI安全+数据安全+深圳国资,AI安全+数据安全+网络安全
002585,双星新材,2026-09-14,10.72,10.96,11.45,,,换手板,2026-09-15,11.32,12.06,22.25,,,换手板,3,断板,MLCC离型膜+复合铜箔+聚酯薄膜,MLCC离型膜+复合铜箔+聚酯薄膜
605058,澳弘电子,2026-09-14,32.68,36.64,11.21,,,换手板,2026-09-15,36.3,40.3,13.08,,,换手板,5,走到5板,HDI板+AI服务器电源+股权激励,PCB+HDI板+AI服务器电源
003026,中晶科技,2026-09-16,31.77,33.64,10.74,,,换手板,2026-09-17,37.0,37.0,10.54,,,T字板,3,断板,半导体硅片+订单充足+股权激励,半导体硅片+订单充足+股权激励
001216,华瓷股份,2026-09-16,18.07,18.07,1.69,,,一字板,2026-09-17,19.49,19.88,11.37,,,换手板,6,走到6板,氧化锆粉体+MLCC验证+越南基地,氧化锆粉体+MLCC验证+越南基地
603248,锡华科技,2026-09-16,20.0,20.31,11.05,,,换手板,2026-09-17,19.56,22.34,33.89,,,换手板,4,走到4板,风电齿轮箱+大兆瓦装备+高端部件,风电齿轮箱+大兆瓦装备+高端部件
603230,XD内蒙新,2026-09-17,12.25,12.25,1.68,,,一字板,2026-09-18,13.48,13.48,18.47,,,T字板,5,走到5板,出版发行+教育服务+文化消费,出版发行+教育服务+文化消费
002285,世联行,2026-09-17,2.55,2.63,6.52,,,换手板,2026-09-18,2.6,2.89,12.89,,,换手板,4,走到4板,房地产服务+大资管+珠海国资,房地产服务+大资管+珠海国资
600127,金健米业,2026-09-18,12.9,14.32,47.06,,,换手板,2026-09-21,14.5,15.75,28.45,,,换手板,3,断板,粮油食品+健康食品+粮食储备,粮油食品+健康食品+粮食储备
600448,华纺股份,2026-09-18,3.54,3.54,7.67,,,一字板,2026-09-21,3.8,3.89,39.33,,,换手板,3,断板,纺织印染+绿色印染+国企背景,纺织印染+外贸出口+绿色印染
000504,南华生物,2026-09-18,9.76,10.01,5.75,,,换手板,2026-09-21,11.01,11.01,1.62,,,一字板,4,走到4板,细胞医疗+再生资源+中报扭亏,细胞医疗+再生资源+中报扭亏
600630,龙头股份,2026-09-18,8.0,8.29,9.33,,,换手板,2026-09-21,9.12,9.12,10.8,,,T字板,3,断板,纺织服装+跨境电商+上海国资,纺织服装+跨境电商+上海国资
601811,新华文轩,2026-09-21,14.5,15.29,5.4,,,换手板,2026-09-22,16.82,16.82,0.51,,,一字板,5,走到5板,教科书发行+出版传媒+数字教育,拟收购民族出版社+教科书发行+数字教育+“华”字辈
001317,三羊马,2026-09-21,56.03,59.96,13.42,,,换手板,2026-09-22,62.21,65.96,8.94,,,换手板,3,断板,汽车物流+国际物流+多式联运,“羊”字辈+汽车物流+多式联运+国际物流
603068,博通集成,2026-09-21,40.79,43.79,13.71,,,换手板,2026-09-22,45.4,48.17,19.16,,,换手板,3,断板,端侧AI+无线芯片+业绩增长,端侧AI+无线芯片+业绩增长
000910,大亚圣象,2026-09-21,6.0,6.26,9.09,,,换手板,2026-09-22,6.03,6.89,10.53,,,换手板,4,走到4板,铝板带+电池箔+PCB概念+地板人造板龙头,七腾机器人+PCB概念+铝板带+电池箔
001234,泰慕士,2026-09-22,28.73,29.25,4.74,,,换手板,2026-09-23,32.18,32.18,3.04,,,一字板,4,走到4板,针织服装+服装贴牌+广州国资入主,针织服装+贴牌加工+广州国资
600743,华远控股,2026-09-22,2.56,2.56,0.39,,,一字板,2026-09-23,2.8,2.82,4.21,,,换手板,3,断板,控股股东拟变更+物业管理+酒店管理,控股股东拟变更+物业管理+酒店管理+“华”字辈
603636,南威软件,2026-09-22,8.01,8.01,2.94,,,一字板,2026-09-23,8.81,8.81,12.62,,,T字板,3,断板,AI应用出海+算力租赁+政务数字化,AI应用出海+政务智能体+算力租赁
600825,新华传媒,2026-09-22,6.42,6.42,0.33,,,一字板,2026-09-23,7.06,7.06,0.44,,,一字板,6,进行中,拟收购界面财联社+上海国资+“华”字辈,拟收购界面财联社+图书发行+上海国资+“华”字辈
600503,华丽家族,2026-09-22,2.35,2.67,12.24,,,换手板,2026-09-23,2.67,2.94,25.86,,,换手板,3,断板,房地产+创新药+机器人+“华”字辈,房地产开发+机器人+创新药+“华”字辈
000560,我爱我家,2026-09-22,3.3,3.51,17.42,,,换手板,2026-09-23,3.74,3.86,13.45,,,换手板,3,断板,房产经纪+AI应用+净利增长,房产经纪+二手房复苏+AI应用
002614,奥佳华,2026-09-22,6.88,6.88,2.73,,,一字板,2026-09-23,7.57,7.57,29.8,,,T字板,4,走到4板,股份转让+健康机器人+按摩椅+“华”字辈,股份转让+健康机器人+按摩椅+“华”字辈
002238,天威视讯,2026-09-23,7.66,7.66,1.43,,,一字板,2026-09-24,8.3,8.43,10.82,,,换手板,3,断板,文化传媒+AI应用+数据中心,广电网络+网络安全+数据中心
603396,金辰股份,2026-09-24,32.77,35.64,7.97,,,换手板,2026-09-28,39.2,39.2,16.97,,,T字板,3,断板,半导体装备+玻璃基封装+光伏设备,半导体装备+玻璃基封装+光伏设备
603949,雪龙集团,2026-09-24,16.9,16.9,2.12,,,T字板,2026-09-28,18.59,18.59,7.8,,,T字板,4,进行中,商用车热管理+新能源风扇+间接投资宇树科技,间接投资宇树科技+商用车热管理+新能源风扇
600802,福建水泥,2026-09-24,5.8,6.62,15.38,,,换手板,2026-09-28,6.66,7.28,18.69,,,换手板,3,断板,海峡两岸+福建国资+水泥,海峡两岸+福建国资+水泥
000678,襄阳轴承,2026-09-28,10.45,10.65,7.61,,,换手板,2026-09-29,11.72,11.72,,,,一字板,3,进行中,机器人轴承+汽车轴承+湖北国资,机器人轴承+汽车轴承+湖北国资
